ISO-10303-21;
HEADER;
FILE_DESCRIPTION(('KiCad electronic assembly'),'2;1');
FILE_NAME('LM317_Regulator.step','2026-09-09T22:26:05',('Pcbnew'),(
    'Kicad'),'Open CASCADE STEP processor 7.9','KiCad to STEP converter'
  ,'Unknown');
FILE_SCHEMA(('AUTOMOTIVE_DESIGN { 1 0 10303 214 1 1 1 1 }'));
ENDSEC;
DATA;
#1 = APPLICATION_PROTOCOL_DEFINITION('international standard',
  'automotive_design',2000,#2);
#2 = APPLICATION_CONTEXT(
  'core data for automotive mechanical design processes');
#3 = SHAPE_DEFINITION_REPRESENTATION(#4,#10);
#4 = PRODUCT_DEFINITION_SHAPE('','',#5);
#5 = PRODUCT_DEFINITION('design','',#6,#9);
#6 = PRODUCT_DEFINITION_FORMATION('','',#7);
#7 = PRODUCT('LM317_Regulator 1','LM317_Regulator 1','',(#8));
#8 = PRODUCT_CONTEXT('',#2,'mechanical');
#9 = PRODUCT_DEFINITION_CONTEXT('part definition',#2,'design');
#10 = SHAPE_REPRESENTATION('',(#11,#15,#19,#23,#27,#31,#35,#39,#43,#47,
    #51,#55,#59),#63);
#11 = AXIS2_PLACEMENT_3D('',#12,#13,#14);
#12 = CARTESIAN_POINT('',(0.,0.,0.));
#13 = DIRECTION('',(0.,0.,1.));
#14 = DIRECTION('',(1.,0.,-0.));
#15 = AXIS2_PLACEMENT_3D('',#16,#17,#18);
#16 = CARTESIAN_POINT('',(124.,-6.,1.595));
#17 = DIRECTION('',(0.,-0.,1.));
#18 = DIRECTION('',(1.110223024625E-16,1.,0.));
#19 = AXIS2_PLACEMENT_3D('',#20,#21,#22);
#20 = CARTESIAN_POINT('',(115.,-6.,1.595));
#21 = DIRECTION('',(0.,-0.,1.));
#22 = DIRECTION('',(1.110223024625E-16,1.,0.));
#23 = AXIS2_PLACEMENT_3D('',#24,#25,#26);
#24 = CARTESIAN_POINT('',(129.,-14.,1.595));
#25 = DIRECTION('',(0.,-0.,1.));
#26 = DIRECTION('',(1.110223024625E-16,1.,0.));
#27 = AXIS2_PLACEMENT_3D('',#28,#29,#30);
#28 = CARTESIAN_POINT('',(105.8275,-13.455,1.595));
#29 = DIRECTION('',(-0.,0.,1.));
#30 = DIRECTION('',(1.110223024625E-16,-1.,0.));
#31 = AXIS2_PLACEMENT_3D('',#32,#33,#34);
#32 = CARTESIAN_POINT('',(134.,-24.,1.595));
#33 = DIRECTION('',(0.,0.,1.));
#34 = DIRECTION('',(1.,0.,0.));
#35 = AXIS2_PLACEMENT_3D('',#36,#37,#38);
#36 = CARTESIAN_POINT('',(144.1725,-18.545,1.595));
#37 = DIRECTION('',(0.,-0.,1.));
#38 = DIRECTION('',(1.110223024625E-16,1.,0.));
#39 = AXIS2_PLACEMENT_3D('',#40,#41,#42);
#40 = CARTESIAN_POINT('',(125.,-25.,1.595));
#41 = DIRECTION('',(0.,0.,1.));
#42 = DIRECTION('',(1.,0.,0.));
#43 = AXIS2_PLACEMENT_3D('',#44,#45,#46);
#44 = CARTESIAN_POINT('',(134.,-14.,1.595));
#45 = DIRECTION('',(0.,-0.,1.));
#46 = DIRECTION('',(1.110223024625E-16,1.,0.));
#47 = AXIS2_PLACEMENT_3D('',#48,#49,#50);
#48 = CARTESIAN_POINT('',(114.775,-21.,1.595));
#49 = DIRECTION('',(0.,0.,1.));
#50 = DIRECTION('',(-1.,1.224646799147E-16,0.));
#51 = AXIS2_PLACEMENT_3D('',#52,#53,#54);
#52 = CARTESIAN_POINT('',(134.,-6.,1.595));
#53 = DIRECTION('',(0.,0.,1.));
#54 = DIRECTION('',(1.,0.,0.));
#55 = AXIS2_PLACEMENT_3D('',#56,#57,#58);
#56 = CARTESIAN_POINT('',(119.065,-14.72,1.595));
#57 = DIRECTION('',(0.,0.,1.));
#58 = DIRECTION('',(1.,0.,0.));
#59 = AXIS2_PLACEMENT_3D('',#60,#61,#62);
#60 = CARTESIAN_POINT('',(0.,0.,0.));
#61 = DIRECTION('',(0.,0.,1.));
#62 = DIRECTION('',(1.,0.,-0.));
#63 = ( GEOMETRIC_REPRESENTATION_CONTEXT(3) 
GLOBAL_UNCERTAINTY_ASSIGNED_CONTEXT((#67)) GLOBAL_UNIT_ASSIGNED_CONTEXT(
(#64,#65,#66)) REPRESENTATION_CONTEXT('Context #1',
  '3D Context with UNIT and UNCERTAINTY') );
#64 = ( LENGTH_UNIT() NAMED_UNIT(*) SI_UNIT(.MILLI.,.METRE.) );
#65 = ( NAMED_UNIT(*) PLANE_ANGLE_UNIT() SI_UNIT($,.RADIAN.) );
#66 = ( NAMED_UNIT(*) SI_UNIT($,.STERADIAN.) SOLID_ANGLE_UNIT() );
#67 = UNCERTAINTY_MEASURE_WITH_UNIT(LENGTH_MEASURE(2.E-07),#64,
  'distance_accuracy_value','confusion accuracy');
#68 = PRODUCT_RELATED_PRODUCT_CATEGORY('part',$,(#7));
#69 = SHAPE_DEFINITION_REPRESENTATION(#70,#76);
#70 = PRODUCT_DEFINITION_SHAPE('','',#71);
#71 = PRODUCT_DEFINITION('design','',#72,#75);
#72 = PRODUCT_DEFINITION_FORMATION('','',#73);
#73 = PRODUCT('D_SMA','D_SMA','',(#74));
#74 = PRODUCT_CONTEXT('',#2,'mechanical');
#75 = PRODUCT_DEFINITION_CONTEXT('part definition',#2,'design');
#76 = ADVANCED_BREP_SHAPE_REPRESENTATION('',(#11,#77),#1285);
#77 = MANIFOLD_SOLID_BREP('',#78);
#78 = CLOSED_SHELL('',(#79,#119,#202,#227,#302,#319,#336,#353,#370,#387,
    #403,#450,#485,#524,#553,#592,#621,#675,#718,#741,#764,#787,#838,
    #861,#878,#952,#976,#1043,#1055,#1067,#1084,#1113,#1136,#1159,#1176,
    #1198,#1210,#1227,#1244,#1261,#1273));
#79 = ADVANCED_FACE('',(#80),#114,.T.);
#80 = FACE_BOUND('',#81,.T.);
#81 = EDGE_LOOP('',(#82,#92,#100,#108));
#82 = ORIENTED_EDGE('',*,*,#83,.T.);
#83 = EDGE_CURVE('',#84,#86,#88,.T.);
#84 = VERTEX_POINT('',#85);
#85 = CARTESIAN_POINT('',(1.14,0.75,0.));
#86 = VERTEX_POINT('',#87);
#87 = CARTESIAN_POINT('',(2.353333333333,0.75,-2.775557561563E-17));
#88 = LINE('',#89,#90);
#89 = CARTESIAN_POINT('',(2.28,0.75,0.));
#90 = VECTOR('',#91,1.);
#91 = DIRECTION('',(1.,-3.445092848398E-16,0.));
#92 = ORIENTED_EDGE('',*,*,#93,.T.);
#93 = EDGE_CURVE('',#86,#94,#96,.T.);
#94 = VERTEX_POINT('',#95);
#95 = CARTESIAN_POINT('',(2.353333333333,-0.75,-2.775557561563E-17));
#96 = LINE('',#97,#98);
#97 = CARTESIAN_POINT('',(2.353333333333,0.75,-2.775557561563E-17));
#98 = VECTOR('',#99,1.);
#99 = DIRECTION('',(-3.445092848398E-16,-1.,0.));
#100 = ORIENTED_EDGE('',*,*,#101,.T.);
#101 = EDGE_CURVE('',#94,#102,#104,.T.);
#102 = VERTEX_POINT('',#103);
#103 = CARTESIAN_POINT('',(1.14,-0.75,0.));
#104 = LINE('',#105,#106);
#105 = CARTESIAN_POINT('',(2.28,-0.75,0.));
#106 = VECTOR('',#107,1.);
#107 = DIRECTION('',(-1.,3.445092848398E-16,0.));
#108 = ORIENTED_EDGE('',*,*,#109,.T.);
#109 = EDGE_CURVE('',#102,#84,#110,.T.);
#110 = LINE('',#111,#112);
#111 = CARTESIAN_POINT('',(1.14,-0.75,0.));
#112 = VECTOR('',#113,1.);
#113 = DIRECTION('',(3.445092848398E-16,1.,0.));
#114 = PLANE('',#115);
#115 = AXIS2_PLACEMENT_3D('',#116,#117,#118);
#116 = CARTESIAN_POINT('',(1.746666666667,-5.821951347626E-16,
    -7.671995716851E-18));
#117 = DIRECTION('',(-1.332277103521E-17,5.237186372803E-33,-1.));
#118 = DIRECTION('',(1.,-2.22044604925E-16,-1.332277103521E-17));
#119 = ADVANCED_FACE('',(#120),#197,.T.);
#120 = FACE_BOUND('',#121,.T.);
#121 = EDGE_LOOP('',(#122,#132,#139,#140,#148,#156,#166,#174,#182,#190)
  );
#122 = ORIENTED_EDGE('',*,*,#123,.F.);
#123 = EDGE_CURVE('',#124,#126,#128,.T.);
#124 = VERTEX_POINT('',#125);
#125 = CARTESIAN_POINT('',(2.5,0.75,0.146666666667));
#126 = VERTEX_POINT('',#127);
#127 = CARTESIAN_POINT('',(2.5,0.75,0.842343333333));
#128 = LINE('',#129,#130);
#129 = CARTESIAN_POINT('',(2.5,0.75,0.));
#130 = VECTOR('',#131,1.);
#131 = DIRECTION('',(0.,0.,1.));
#132 = ORIENTED_EDGE('',*,*,#133,.T.);
#133 = EDGE_CURVE('',#124,#86,#134,.T.);
#134 = CIRCLE('',#135,0.146666666667);
#135 = AXIS2_PLACEMENT_3D('',#136,#137,#138);
#136 = CARTESIAN_POINT('',(2.353333333333,0.75,0.146666666667));
#137 = DIRECTION('',(3.445092848398E-16,1.,-0.));
#138 = DIRECTION('',(0.,0.,1.));
#139 = ORIENTED_EDGE('',*,*,#83,.F.);
#140 = ORIENTED_EDGE('',*,*,#141,.T.);
#141 = EDGE_CURVE('',#84,#142,#144,.T.);
#142 = VERTEX_POINT('',#143);
#143 = CARTESIAN_POINT('',(1.14,0.75,0.22));
#144 = LINE('',#145,#146);
#145 = CARTESIAN_POINT('',(1.14,0.75,0.));
#146 = VECTOR('',#147,1.);
#147 = DIRECTION('',(0.,0.,1.));
#148 = ORIENTED_EDGE('',*,*,#149,.F.);
#149 = EDGE_CURVE('',#150,#142,#152,.T.);
#150 = VERTEX_POINT('',#151);
#151 = CARTESIAN_POINT('',(2.225259344883,0.75,0.22));
#152 = LINE('',#153,#154);
#153 = CARTESIAN_POINT('',(2.108163247245,0.75,0.22));
#154 = VECTOR('',#155,1.);
#155 = DIRECTION('',(-1.,4.514825988711E-16,0.));
#156 = ORIENTED_EDGE('',*,*,#157,.T.);
#157 = EDGE_CURVE('',#150,#158,#160,.T.);
#158 = VERTEX_POINT('',#159);
#159 = CARTESIAN_POINT('',(2.225413939802,0.75,0.2222));
#160 = B_SPLINE_CURVE_WITH_KNOTS('',4,(#161,#162,#163,#164,#165),
  .UNSPECIFIED.,.F.,.F.,(5,5),(0.,1.),.PIECEWISE_BEZIER_KNOTS.);
#161 = CARTESIAN_POINT('',(2.225259344883,0.75,0.22));
#162 = CARTESIAN_POINT('',(2.238768685756,0.75,0.412247910026));
#163 = CARTESIAN_POINT('',(2.25227825666,0.75,0.604499093572));
#164 = CARTESIAN_POINT('',(2.265788033788,0.75,0.796753211837));
#165 = CARTESIAN_POINT('',(2.279297998531,0.75,0.98901));
#166 = ORIENTED_EDGE('',*,*,#167,.T.);
#167 = EDGE_CURVE('',#158,#168,#170,.T.);
#168 = VERTEX_POINT('',#169);
#169 = CARTESIAN_POINT('',(2.28,0.75,0.2222));
#170 = LINE('',#171,#172);
#171 = CARTESIAN_POINT('',(1.14,0.75,0.2222));
#172 = VECTOR('',#173,1.);
#173 = DIRECTION('',(1.,-3.445092848398E-16,0.));
#174 = ORIENTED_EDGE('',*,*,#175,.T.);
#175 = EDGE_CURVE('',#168,#176,#178,.T.);
#176 = VERTEX_POINT('',#177);
#177 = CARTESIAN_POINT('',(2.28,0.75,0.98901));
#178 = LINE('',#179,#180);
#179 = CARTESIAN_POINT('',(2.28,0.75,0.));
#180 = VECTOR('',#181,1.);
#181 = DIRECTION('',(0.,0.,1.));
#182 = ORIENTED_EDGE('',*,*,#183,.T.);
#183 = EDGE_CURVE('',#176,#184,#186,.T.);
#184 = VERTEX_POINT('',#185);
#185 = CARTESIAN_POINT('',(2.353333333333,0.75,0.98901));
#186 = LINE('',#187,#188);
#187 = CARTESIAN_POINT('',(2.28,0.75,0.98901));
#188 = VECTOR('',#189,1.);
#189 = DIRECTION('',(1.,-3.445092848398E-16,0.));
#190 = ORIENTED_EDGE('',*,*,#191,.F.);
#191 = EDGE_CURVE('',#126,#184,#192,.T.);
#192 = CIRCLE('',#193,0.146666666667);
#193 = AXIS2_PLACEMENT_3D('',#194,#195,#196);
#194 = CARTESIAN_POINT('',(2.353333333333,0.75,0.842343333333));
#195 = DIRECTION('',(-3.445092848398E-16,-1.,0.));
#196 = DIRECTION('',(0.,0.,1.));
#197 = PLANE('',#198);
#198 = AXIS2_PLACEMENT_3D('',#199,#200,#201);
#199 = CARTESIAN_POINT('',(1.991067149606,0.75,0.303091083877));
#200 = DIRECTION('',(4.514825988711E-16,1.,5.822139933717E-17));
#201 = DIRECTION('',(-1.,4.514825988711E-16,0.));
#202 = ADVANCED_FACE('',(#203),#222,.T.);
#203 = FACE_BOUND('',#204,.T.);
#204 = EDGE_LOOP('',(#205,#213,#220,#221));
#205 = ORIENTED_EDGE('',*,*,#206,.T.);
#206 = EDGE_CURVE('',#124,#207,#209,.T.);
#207 = VERTEX_POINT('',#208);
#208 = CARTESIAN_POINT('',(2.5,-0.75,0.146666666667));
#209 = LINE('',#210,#211);
#210 = CARTESIAN_POINT('',(2.5,0.75,0.146666666667));
#211 = VECTOR('',#212,1.);
#212 = DIRECTION('',(-3.445092848398E-16,-1.,0.));
#213 = ORIENTED_EDGE('',*,*,#214,.T.);
#214 = EDGE_CURVE('',#207,#94,#215,.T.);
#215 = CIRCLE('',#216,0.146666666667);
#216 = AXIS2_PLACEMENT_3D('',#217,#218,#219);
#217 = CARTESIAN_POINT('',(2.353333333333,-0.75,0.146666666667));
#218 = DIRECTION('',(3.445092848398E-16,1.,-0.));
#219 = DIRECTION('',(0.,0.,1.));
#220 = ORIENTED_EDGE('',*,*,#93,.F.);
#221 = ORIENTED_EDGE('',*,*,#133,.F.);
#222 = CYLINDRICAL_SURFACE('',#223,0.146666666667);
#223 = AXIS2_PLACEMENT_3D('',#224,#225,#226);
#224 = CARTESIAN_POINT('',(2.353333333333,0.75,0.146666666667));
#225 = DIRECTION('',(-3.445092848398E-16,-1.,0.));
#226 = DIRECTION('',(1.,-3.445092848398E-16,0.));
#227 = ADVANCED_FACE('',(#228),#297,.T.);
#228 = FACE_BOUND('',#229,.T.);
#229 = EDGE_LOOP('',(#230,#231,#239,#248,#256,#264,#272,#282,#290,#296)
  );
#230 = ORIENTED_EDGE('',*,*,#214,.F.);
#231 = ORIENTED_EDGE('',*,*,#232,.T.);
#232 = EDGE_CURVE('',#207,#233,#235,.T.);
#233 = VERTEX_POINT('',#234);
#234 = CARTESIAN_POINT('',(2.5,-0.75,0.842343333333));
#235 = LINE('',#236,#237);
#236 = CARTESIAN_POINT('',(2.5,-0.75,0.));
#237 = VECTOR('',#238,1.);
#238 = DIRECTION('',(0.,0.,1.));
#239 = ORIENTED_EDGE('',*,*,#240,.T.);
#240 = EDGE_CURVE('',#233,#241,#243,.T.);
#241 = VERTEX_POINT('',#242);
#242 = CARTESIAN_POINT('',(2.353333333333,-0.75,0.98901));
#243 = CIRCLE('',#244,0.146666666667);
#244 = AXIS2_PLACEMENT_3D('',#245,#246,#247);
#245 = CARTESIAN_POINT('',(2.353333333333,-0.75,0.842343333333));
#246 = DIRECTION('',(-3.445092848398E-16,-1.,0.));
#247 = DIRECTION('',(0.,0.,1.));
#248 = ORIENTED_EDGE('',*,*,#249,.T.);
#249 = EDGE_CURVE('',#241,#250,#252,.T.);
#250 = VERTEX_POINT('',#251);
#251 = CARTESIAN_POINT('',(2.28,-0.75,0.98901));
#252 = LINE('',#253,#254);
#253 = CARTESIAN_POINT('',(2.5,-0.75,0.98901));
#254 = VECTOR('',#255,1.);
#255 = DIRECTION('',(-1.,3.445092848398E-16,0.));
#256 = ORIENTED_EDGE('',*,*,#257,.F.);
#257 = EDGE_CURVE('',#258,#250,#260,.T.);
#258 = VERTEX_POINT('',#259);
#259 = CARTESIAN_POINT('',(2.28,-0.75,0.2222));
#260 = LINE('',#261,#262);
#261 = CARTESIAN_POINT('',(2.28,-0.75,0.));
#262 = VECTOR('',#263,1.);
#263 = DIRECTION('',(0.,0.,1.));
#264 = ORIENTED_EDGE('',*,*,#265,.T.);
#265 = EDGE_CURVE('',#258,#266,#268,.T.);
#266 = VERTEX_POINT('',#267);
#267 = CARTESIAN_POINT('',(2.225413939802,-0.75,0.2222));
#268 = LINE('',#269,#270);
#269 = CARTESIAN_POINT('',(2.28,-0.75,0.2222));
#270 = VECTOR('',#271,1.);
#271 = DIRECTION('',(-1.,3.445092848398E-16,0.));
#272 = ORIENTED_EDGE('',*,*,#273,.F.);
#273 = EDGE_CURVE('',#274,#266,#276,.T.);
#274 = VERTEX_POINT('',#275);
#275 = CARTESIAN_POINT('',(2.225259344883,-0.75,0.22));
#276 = B_SPLINE_CURVE_WITH_KNOTS('',4,(#277,#278,#279,#280,#281),
  .UNSPECIFIED.,.F.,.F.,(5,5),(0.,1.),.PIECEWISE_BEZIER_KNOTS.);
#277 = CARTESIAN_POINT('',(2.225259344883,-0.75,0.22));
#278 = CARTESIAN_POINT('',(2.238768685756,-0.75,0.412247910026));
#279 = CARTESIAN_POINT('',(2.25227825666,-0.75,0.604499093572));
#280 = CARTESIAN_POINT('',(2.265788033788,-0.75,0.796753211837));
#281 = CARTESIAN_POINT('',(2.279297998531,-0.75,0.98901));
#282 = ORIENTED_EDGE('',*,*,#283,.F.);
#283 = EDGE_CURVE('',#284,#274,#286,.T.);
#284 = VERTEX_POINT('',#285);
#285 = CARTESIAN_POINT('',(1.14,-0.75,0.22));
#286 = LINE('',#287,#288);
#287 = CARTESIAN_POINT('',(2.108163247245,-0.75,0.22));
#288 = VECTOR('',#289,1.);
#289 = DIRECTION('',(1.,-2.844998265321E-16,-0.));
#290 = ORIENTED_EDGE('',*,*,#291,.F.);
#291 = EDGE_CURVE('',#102,#284,#292,.T.);
#292 = LINE('',#293,#294);
#293 = CARTESIAN_POINT('',(1.14,-0.75,0.));
#294 = VECTOR('',#295,1.);
#295 = DIRECTION('',(0.,0.,1.));
#296 = ORIENTED_EDGE('',*,*,#101,.F.);
#297 = PLANE('',#298);
#298 = AXIS2_PLACEMENT_3D('',#299,#300,#301);
#299 = CARTESIAN_POINT('',(1.991067149606,-0.75,0.303091083877));
#300 = DIRECTION('',(-2.844998265321E-16,-1.,-7.396066644327E-17));
#301 = DIRECTION('',(1.642256696039E-32,7.396066644327E-17,-1.));
#302 = ADVANCED_FACE('',(#303),#314,.T.);
#303 = FACE_BOUND('',#304,.T.);
#304 = EDGE_LOOP('',(#305,#306,#307,#313));
#305 = ORIENTED_EDGE('',*,*,#109,.F.);
#306 = ORIENTED_EDGE('',*,*,#291,.T.);
#307 = ORIENTED_EDGE('',*,*,#308,.F.);
#308 = EDGE_CURVE('',#142,#284,#309,.T.);
#309 = LINE('',#310,#311);
#310 = CARTESIAN_POINT('',(1.14,-1.022629672442,0.22));
#311 = VECTOR('',#312,1.);
#312 = DIRECTION('',(-3.445092848398E-16,-1.,0.));
#313 = ORIENTED_EDGE('',*,*,#141,.F.);
#314 = PLANE('',#315);
#315 = AXIS2_PLACEMENT_3D('',#316,#317,#318);
#316 = CARTESIAN_POINT('',(1.14,-0.75,0.));
#317 = DIRECTION('',(-1.,3.445092848398E-16,0.));
#318 = DIRECTION('',(3.445092848398E-16,1.,0.));
#319 = ADVANCED_FACE('',(#320),#331,.T.);
#320 = FACE_BOUND('',#321,.T.);
#321 = EDGE_LOOP('',(#322,#323,#329,#330));
#322 = ORIENTED_EDGE('',*,*,#123,.T.);
#323 = ORIENTED_EDGE('',*,*,#324,.T.);
#324 = EDGE_CURVE('',#126,#233,#325,.T.);
#325 = LINE('',#326,#327);
#326 = CARTESIAN_POINT('',(2.5,0.75,0.842343333333));
#327 = VECTOR('',#328,1.);
#328 = DIRECTION('',(-3.445092848398E-16,-1.,0.));
#329 = ORIENTED_EDGE('',*,*,#232,.F.);
#330 = ORIENTED_EDGE('',*,*,#206,.F.);
#331 = PLANE('',#332);
#332 = AXIS2_PLACEMENT_3D('',#333,#334,#335);
#333 = CARTESIAN_POINT('',(2.5,0.75,0.));
#334 = DIRECTION('',(1.,-3.445092848398E-16,0.));
#335 = DIRECTION('',(-3.445092848398E-16,-1.,0.));
#336 = ADVANCED_FACE('',(#337),#348,.T.);
#337 = FACE_BOUND('',#338,.T.);
#338 = EDGE_LOOP('',(#339,#340,#346,#347));
#339 = ORIENTED_EDGE('',*,*,#191,.T.);
#340 = ORIENTED_EDGE('',*,*,#341,.T.);
#341 = EDGE_CURVE('',#184,#241,#342,.T.);
#342 = LINE('',#343,#344);
#343 = CARTESIAN_POINT('',(2.353333333333,0.75,0.98901));
#344 = VECTOR('',#345,1.);
#345 = DIRECTION('',(-3.445092848398E-16,-1.,0.));
#346 = ORIENTED_EDGE('',*,*,#240,.F.);
#347 = ORIENTED_EDGE('',*,*,#324,.F.);
#348 = CYLINDRICAL_SURFACE('',#349,0.146666666667);
#349 = AXIS2_PLACEMENT_3D('',#350,#351,#352);
#350 = CARTESIAN_POINT('',(2.353333333333,0.75,0.842343333333));
#351 = DIRECTION('',(-3.445092848398E-16,-1.,0.));
#352 = DIRECTION('',(1.,-3.445092848398E-16,0.));
#353 = ADVANCED_FACE('',(#354),#365,.F.);
#354 = FACE_BOUND('',#355,.F.);
#355 = EDGE_LOOP('',(#356,#357,#358,#359));
#356 = ORIENTED_EDGE('',*,*,#183,.T.);
#357 = ORIENTED_EDGE('',*,*,#341,.T.);
#358 = ORIENTED_EDGE('',*,*,#249,.T.);
#359 = ORIENTED_EDGE('',*,*,#360,.T.);
#360 = EDGE_CURVE('',#250,#176,#361,.T.);
#361 = LINE('',#362,#363);
#362 = CARTESIAN_POINT('',(2.28,-0.75,0.98901));
#363 = VECTOR('',#364,1.);
#364 = DIRECTION('',(3.445092848398E-16,1.,0.));
#365 = PLANE('',#366);
#366 = AXIS2_PLACEMENT_3D('',#367,#368,#369);
#367 = CARTESIAN_POINT('',(2.39,-6.661338147751E-16,0.98901));
#368 = DIRECTION('',(0.,0.,-1.));
#369 = DIRECTION('',(3.445092848398E-16,1.,0.));
#370 = ADVANCED_FACE('',(#371),#382,.T.);
#371 = FACE_BOUND('',#372,.T.);
#372 = EDGE_LOOP('',(#373,#379,#380,#381));
#373 = ORIENTED_EDGE('',*,*,#374,.T.);
#374 = EDGE_CURVE('',#168,#258,#375,.T.);
#375 = LINE('',#376,#377);
#376 = CARTESIAN_POINT('',(2.28,0.75,0.2222));
#377 = VECTOR('',#378,1.);
#378 = DIRECTION('',(-3.445092848398E-16,-1.,0.));
#379 = ORIENTED_EDGE('',*,*,#257,.T.);
#380 = ORIENTED_EDGE('',*,*,#360,.T.);
#381 = ORIENTED_EDGE('',*,*,#175,.F.);
#382 = PLANE('',#383);
#383 = AXIS2_PLACEMENT_3D('',#384,#385,#386);
#384 = CARTESIAN_POINT('',(2.28,-0.75,0.));
#385 = DIRECTION('',(-1.,3.445092848398E-16,0.));
#386 = DIRECTION('',(3.445092848398E-16,1.,0.));
#387 = ADVANCED_FACE('',(#388),#398,.F.);
#388 = FACE_BOUND('',#389,.F.);
#389 = EDGE_LOOP('',(#390,#395,#396,#397));
#390 = ORIENTED_EDGE('',*,*,#391,.F.);
#391 = EDGE_CURVE('',#158,#266,#392,.T.);
#392 = B_SPLINE_CURVE_WITH_KNOTS('',1,(#393,#394),.UNSPECIFIED.,.F.,.F.,
  (2,2),(0.,1.),.PIECEWISE_BEZIER_KNOTS.);
#393 = CARTESIAN_POINT('',(2.225413939802,0.75,0.2222));
#394 = CARTESIAN_POINT('',(2.225413939802,-0.75,0.2222));
#395 = ORIENTED_EDGE('',*,*,#167,.T.);
#396 = ORIENTED_EDGE('',*,*,#374,.T.);
#397 = ORIENTED_EDGE('',*,*,#265,.T.);
#398 = PLANE('',#399);
#399 = AXIS2_PLACEMENT_3D('',#400,#401,#402);
#400 = CARTESIAN_POINT('',(1.71,-5.551115123126E-16,0.2222));
#401 = DIRECTION('',(0.,0.,-1.));
#402 = DIRECTION('',(3.445092848398E-16,1.,0.));
#403 = ADVANCED_FACE('',(#404),#445,.T.);
#404 = FACE_BOUND('',#405,.T.);
#405 = EDGE_LOOP('',(#406,#415,#421,#422,#423,#424,#432,#439));
#406 = ORIENTED_EDGE('',*,*,#407,.F.);
#407 = EDGE_CURVE('',#408,#410,#412,.T.);
#408 = VERTEX_POINT('',#409);
#409 = CARTESIAN_POINT('',(2.225259344883,-1.295259344883,0.22));
#410 = VERTEX_POINT('',#411);
#411 = CARTESIAN_POINT('',(2.28,-1.35,0.999));
#412 = B_SPLINE_CURVE_WITH_KNOTS('',1,(#413,#414),.UNSPECIFIED.,.F.,.F.,
  (2,2),(0.,1.),.PIECEWISE_BEZIER_KNOTS.);
#413 = CARTESIAN_POINT('',(2.225259344883,-1.295259344883,0.22));
#414 = CARTESIAN_POINT('',(2.28,-1.35,0.999));
#415 = ORIENTED_EDGE('',*,*,#416,.T.);
#416 = EDGE_CURVE('',#408,#274,#417,.T.);
#417 = LINE('',#418,#419);
#418 = CARTESIAN_POINT('',(2.225259344883,-1.295259344883,0.22));
#419 = VECTOR('',#420,1.);
#420 = DIRECTION('',(2.22044604925E-16,1.,0.));
#421 = ORIENTED_EDGE('',*,*,#273,.T.);
#422 = ORIENTED_EDGE('',*,*,#391,.F.);
#423 = ORIENTED_EDGE('',*,*,#157,.F.);
#424 = ORIENTED_EDGE('',*,*,#425,.T.);
#425 = EDGE_CURVE('',#150,#426,#428,.T.);
#426 = VERTEX_POINT('',#427);
#427 = CARTESIAN_POINT('',(2.225259344883,1.295259344883,0.22));
#428 = LINE('',#429,#430);
#429 = CARTESIAN_POINT('',(2.225259344883,-1.295259344883,0.22));
#430 = VECTOR('',#431,1.);
#431 = DIRECTION('',(2.22044604925E-16,1.,0.));
#432 = ORIENTED_EDGE('',*,*,#433,.T.);
#433 = EDGE_CURVE('',#426,#434,#436,.T.);
#434 = VERTEX_POINT('',#435);
#435 = CARTESIAN_POINT('',(2.28,1.35,0.999));
#436 = B_SPLINE_CURVE_WITH_KNOTS('',1,(#437,#438),.UNSPECIFIED.,.F.,.F.,
  (2,2),(0.,1.),.PIECEWISE_BEZIER_KNOTS.);
#437 = CARTESIAN_POINT('',(2.225259344883,1.295259344883,0.22));
#438 = CARTESIAN_POINT('',(2.28,1.35,0.999));
#439 = ORIENTED_EDGE('',*,*,#440,.F.);
#440 = EDGE_CURVE('',#410,#434,#441,.T.);
#441 = LINE('',#442,#443);
#442 = CARTESIAN_POINT('',(2.28,-1.35,0.999));
#443 = VECTOR('',#444,1.);
#444 = DIRECTION('',(2.22044604925E-16,1.,0.));
#445 = B_SPLINE_SURFACE_WITH_KNOTS('',1,1,(
    (#446,#447)
    ,(#448,#449
  )),.UNSPECIFIED.,.F.,.F.,.F.,(2,2),(2,2),(0.,2.7),(0.,1.),
  .PIECEWISE_BEZIER_KNOTS.);
#446 = CARTESIAN_POINT('',(2.225259344883,-1.295259344883,0.22));
#447 = CARTESIAN_POINT('',(2.28,-1.35,0.999));
#448 = CARTESIAN_POINT('',(2.225259344883,1.295259344883,0.22));
#449 = CARTESIAN_POINT('',(2.28,1.35,0.999));
#450 = ADVANCED_FACE('',(#451),#480,.T.);
#451 = FACE_BOUND('',#452,.T.);
#452 = EDGE_LOOP('',(#453,#454,#462,#470,#476,#477,#478,#479));
#453 = ORIENTED_EDGE('',*,*,#416,.F.);
#454 = ORIENTED_EDGE('',*,*,#455,.F.);
#455 = EDGE_CURVE('',#456,#408,#458,.T.);
#456 = VERTEX_POINT('',#457);
#457 = CARTESIAN_POINT('',(1.1,-1.295259344883,0.22));
#458 = LINE('',#459,#460);
#459 = CARTESIAN_POINT('',(-2.225259344883,-1.295259344883,0.22));
#460 = VECTOR('',#461,1.);
#461 = DIRECTION('',(1.,-2.22044604925E-16,0.));
#462 = ORIENTED_EDGE('',*,*,#463,.T.);
#463 = EDGE_CURVE('',#456,#464,#466,.T.);
#464 = VERTEX_POINT('',#465);
#465 = CARTESIAN_POINT('',(1.1,1.295259344883,0.22));
#466 = LINE('',#467,#468);
#467 = CARTESIAN_POINT('',(1.1,-1.295259344883,0.22));
#468 = VECTOR('',#469,1.);
#469 = DIRECTION('',(2.22044604925E-16,1.,0.));
#470 = ORIENTED_EDGE('',*,*,#471,.F.);
#471 = EDGE_CURVE('',#426,#464,#472,.T.);
#472 = LINE('',#473,#474);
#473 = CARTESIAN_POINT('',(2.225259344883,1.295259344883,0.22));
#474 = VECTOR('',#475,1.);
#475 = DIRECTION('',(-1.,2.22044604925E-16,0.));
#476 = ORIENTED_EDGE('',*,*,#425,.F.);
#477 = ORIENTED_EDGE('',*,*,#149,.T.);
#478 = ORIENTED_EDGE('',*,*,#308,.T.);
#479 = ORIENTED_EDGE('',*,*,#283,.T.);
#480 = PLANE('',#481);
#481 = AXIS2_PLACEMENT_3D('',#482,#483,#484);
#482 = CARTESIAN_POINT('',(2.225259344883,-1.295259344883,0.22));
#483 = DIRECTION('',(0.,0.,-1.));
#484 = DIRECTION('',(-0.864253276514,0.503056929218,0.));
#485 = ADVANCED_FACE('',(#486),#519,.T.);
#486 = FACE_BOUND('',#487,.T.);
#487 = EDGE_LOOP('',(#488,#498,#504,#505,#506,#514));
#488 = ORIENTED_EDGE('',*,*,#489,.T.);
#489 = EDGE_CURVE('',#490,#492,#494,.T.);
#490 = VERTEX_POINT('',#491);
#491 = CARTESIAN_POINT('',(-2.225259344883,-1.295259344883,0.22));
#492 = VERTEX_POINT('',#493);
#493 = CARTESIAN_POINT('',(-1.1,-1.295259344883,0.22));
#494 = LINE('',#495,#496);
#495 = CARTESIAN_POINT('',(-2.225259344883,-1.295259344883,0.22));
#496 = VECTOR('',#497,1.);
#497 = DIRECTION('',(1.,-2.22044604925E-16,0.));
#498 = ORIENTED_EDGE('',*,*,#499,.T.);
#499 = EDGE_CURVE('',#492,#456,#500,.T.);
#500 = LINE('',#501,#502);
#501 = CARTESIAN_POINT('',(-1.1,-1.295259344883,0.22));
#502 = VECTOR('',#503,1.);
#503 = DIRECTION('',(1.,-2.22044604925E-16,0.));
#504 = ORIENTED_EDGE('',*,*,#455,.T.);
#505 = ORIENTED_EDGE('',*,*,#407,.T.);
#506 = ORIENTED_EDGE('',*,*,#507,.F.);
#507 = EDGE_CURVE('',#508,#410,#510,.T.);
#508 = VERTEX_POINT('',#509);
#509 = CARTESIAN_POINT('',(-2.28,-1.35,0.999));
#510 = LINE('',#511,#512);
#511 = CARTESIAN_POINT('',(-2.28,-1.35,0.999));
#512 = VECTOR('',#513,1.);
#513 = DIRECTION('',(1.,-2.22044604925E-16,0.));
#514 = ORIENTED_EDGE('',*,*,#515,.F.);
#515 = EDGE_CURVE('',#490,#508,#516,.T.);
#516 = B_SPLINE_CURVE_WITH_KNOTS('',1,(#517,#518),.UNSPECIFIED.,.F.,.F.,
  (2,2),(0.,1.),.PIECEWISE_BEZIER_KNOTS.);
#517 = CARTESIAN_POINT('',(-2.225259344883,-1.295259344883,0.22));
#518 = CARTESIAN_POINT('',(-2.28,-1.35,0.999));
#519 = B_SPLINE_SURFACE_WITH_KNOTS('',1,1,(
    (#520,#521)
    ,(#522,#523
    )),.UNSPECIFIED.,.F.,.F.,.F.,(2,2),(2,2),(0.,4.56),(0.,1.),
  .PIECEWISE_BEZIER_KNOTS.);
#520 = CARTESIAN_POINT('',(-2.225259344883,-1.295259344883,0.22));
#521 = CARTESIAN_POINT('',(-2.28,-1.35,0.999));
#522 = CARTESIAN_POINT('',(2.225259344883,-1.295259344883,0.22));
#523 = CARTESIAN_POINT('',(2.28,-1.35,0.999));
#524 = ADVANCED_FACE('',(#525),#548,.T.);
#525 = FACE_BOUND('',#526,.T.);
#526 = EDGE_LOOP('',(#527,#528,#535,#543));
#527 = ORIENTED_EDGE('',*,*,#440,.T.);
#528 = ORIENTED_EDGE('',*,*,#529,.T.);
#529 = EDGE_CURVE('',#434,#530,#532,.T.);
#530 = VERTEX_POINT('',#531);
#531 = CARTESIAN_POINT('',(2.194199820414,1.264199820414,2.22));
#532 = B_SPLINE_CURVE_WITH_KNOTS('',1,(#533,#534),.UNSPECIFIED.,.F.,.F.,
  (2,2),(0.,1.),.PIECEWISE_BEZIER_KNOTS.);
#533 = CARTESIAN_POINT('',(2.28,1.35,0.999));
#534 = CARTESIAN_POINT('',(2.194199820414,1.264199820414,2.22));
#535 = ORIENTED_EDGE('',*,*,#536,.F.);
#536 = EDGE_CURVE('',#537,#530,#539,.T.);
#537 = VERTEX_POINT('',#538);
#538 = CARTESIAN_POINT('',(2.194199820414,-1.264199820414,2.22));
#539 = LINE('',#540,#541);
#540 = CARTESIAN_POINT('',(2.194199820414,-1.264199820414,2.22));
#541 = VECTOR('',#542,1.);
#542 = DIRECTION('',(2.22044604925E-16,1.,0.));
#543 = ORIENTED_EDGE('',*,*,#544,.F.);
#544 = EDGE_CURVE('',#410,#537,#545,.T.);
#545 = B_SPLINE_CURVE_WITH_KNOTS('',1,(#546,#547),.UNSPECIFIED.,.F.,.F.,
  (2,2),(0.,1.),.PIECEWISE_BEZIER_KNOTS.);
#546 = CARTESIAN_POINT('',(2.28,-1.35,0.999));
#547 = CARTESIAN_POINT('',(2.194199820414,-1.264199820414,2.22));
#548 = B_SPLINE_SURFACE_WITH_KNOTS('',1,1,(
    (#549,#550)
    ,(#551,#552
  )),.UNSPECIFIED.,.F.,.F.,.F.,(2,2),(2,2),(0.,2.7),(0.,1.),
  .PIECEWISE_BEZIER_KNOTS.);
#549 = CARTESIAN_POINT('',(2.28,-1.35,0.999));
#550 = CARTESIAN_POINT('',(2.194199820414,-1.264199820414,2.22));
#551 = CARTESIAN_POINT('',(2.28,1.35,0.999));
#552 = CARTESIAN_POINT('',(2.194199820414,1.264199820414,2.22));
#553 = ADVANCED_FACE('',(#554),#587,.T.);
#554 = FACE_BOUND('',#555,.T.);
#555 = EDGE_LOOP('',(#556,#557,#565,#573,#580,#586));
#556 = ORIENTED_EDGE('',*,*,#471,.T.);
#557 = ORIENTED_EDGE('',*,*,#558,.T.);
#558 = EDGE_CURVE('',#464,#559,#561,.T.);
#559 = VERTEX_POINT('',#560);
#560 = CARTESIAN_POINT('',(-1.1,1.295259344883,0.22));
#561 = LINE('',#562,#563);
#562 = CARTESIAN_POINT('',(1.1,1.295259344883,0.22));
#563 = VECTOR('',#564,1.);
#564 = DIRECTION('',(-1.,2.22044604925E-16,0.));
#565 = ORIENTED_EDGE('',*,*,#566,.T.);
#566 = EDGE_CURVE('',#559,#567,#569,.T.);
#567 = VERTEX_POINT('',#568);
#568 = CARTESIAN_POINT('',(-2.225259344883,1.295259344883,0.22));
#569 = LINE('',#570,#571);
#570 = CARTESIAN_POINT('',(2.225259344883,1.295259344883,0.22));
#571 = VECTOR('',#572,1.);
#572 = DIRECTION('',(-1.,2.22044604925E-16,0.));
#573 = ORIENTED_EDGE('',*,*,#574,.T.);
#574 = EDGE_CURVE('',#567,#575,#577,.T.);
#575 = VERTEX_POINT('',#576);
#576 = CARTESIAN_POINT('',(-2.28,1.35,0.999));
#577 = B_SPLINE_CURVE_WITH_KNOTS('',1,(#578,#579),.UNSPECIFIED.,.F.,.F.,
  (2,2),(0.,1.),.PIECEWISE_BEZIER_KNOTS.);
#578 = CARTESIAN_POINT('',(-2.225259344883,1.295259344883,0.22));
#579 = CARTESIAN_POINT('',(-2.28,1.35,0.999));
#580 = ORIENTED_EDGE('',*,*,#581,.F.);
#581 = EDGE_CURVE('',#434,#575,#582,.T.);
#582 = LINE('',#583,#584);
#583 = CARTESIAN_POINT('',(2.28,1.35,0.999));
#584 = VECTOR('',#585,1.);
#585 = DIRECTION('',(-1.,2.22044604925E-16,0.));
#586 = ORIENTED_EDGE('',*,*,#433,.F.);
#587 = B_SPLINE_SURFACE_WITH_KNOTS('',1,1,(
    (#588,#589)
    ,(#590,#591
    )),.UNSPECIFIED.,.F.,.F.,.F.,(2,2),(2,2),(0.,4.56),(0.,1.),
  .PIECEWISE_BEZIER_KNOTS.);
#588 = CARTESIAN_POINT('',(2.225259344883,1.295259344883,0.22));
#589 = CARTESIAN_POINT('',(2.28,1.35,0.999));
#590 = CARTESIAN_POINT('',(-2.225259344883,1.295259344883,0.22));
#591 = CARTESIAN_POINT('',(-2.28,1.35,0.999));
#592 = ADVANCED_FACE('',(#593),#616,.T.);
#593 = FACE_BOUND('',#594,.T.);
#594 = EDGE_LOOP('',(#595,#605,#610,#611));
#595 = ORIENTED_EDGE('',*,*,#596,.T.);
#596 = EDGE_CURVE('',#597,#599,#601,.T.);
#597 = VERTEX_POINT('',#598);
#598 = CARTESIAN_POINT('',(1.1,-1.279799853066,0.));
#599 = VERTEX_POINT('',#600);
#600 = CARTESIAN_POINT('',(1.1,1.279799853066,0.));
#601 = LINE('',#602,#603);
#602 = CARTESIAN_POINT('',(1.1,-1.279799853066,0.));
#603 = VECTOR('',#604,1.);
#604 = DIRECTION('',(2.22044604925E-16,1.,0.));
#605 = ORIENTED_EDGE('',*,*,#606,.T.);
#606 = EDGE_CURVE('',#599,#464,#607,.T.);
#607 = B_SPLINE_CURVE_WITH_KNOTS('',1,(#608,#609),.UNSPECIFIED.,.F.,.F.,
  (2,2),(0.,1.),.PIECEWISE_BEZIER_KNOTS.);
#608 = CARTESIAN_POINT('',(1.1,1.279799853066,0.));
#609 = CARTESIAN_POINT('',(1.1,1.295259344883,0.22));
#610 = ORIENTED_EDGE('',*,*,#463,.F.);
#611 = ORIENTED_EDGE('',*,*,#612,.F.);
#612 = EDGE_CURVE('',#597,#456,#613,.T.);
#613 = B_SPLINE_CURVE_WITH_KNOTS('',1,(#614,#615),.UNSPECIFIED.,.F.,.F.,
  (2,2),(0.,1.),.PIECEWISE_BEZIER_KNOTS.);
#614 = CARTESIAN_POINT('',(1.1,-1.279799853066,0.));
#615 = CARTESIAN_POINT('',(1.1,-1.295259344883,0.22));
#616 = B_SPLINE_SURFACE_WITH_KNOTS('',1,1,(
    (#617,#618)
    ,(#619,#620
    )),.UNSPECIFIED.,.F.,.F.,.F.,(2,2),(2,2),(0.,2.590518689767),(0.,1.)
  ,.PIECEWISE_BEZIER_KNOTS.);
#617 = CARTESIAN_POINT('',(1.1,-1.279799853066,0.));
#618 = CARTESIAN_POINT('',(1.1,-1.295259344883,0.22));
#619 = CARTESIAN_POINT('',(1.1,1.279799853066,0.));
#620 = CARTESIAN_POINT('',(1.1,1.295259344883,0.22));
#621 = ADVANCED_FACE('',(#622),#670,.T.);
#622 = FACE_BOUND('',#623,.T.);
#623 = EDGE_LOOP('',(#624,#625,#631,#632,#640,#648,#656,#664));
#624 = ORIENTED_EDGE('',*,*,#566,.F.);
#625 = ORIENTED_EDGE('',*,*,#626,.T.);
#626 = EDGE_CURVE('',#559,#492,#627,.T.);
#627 = LINE('',#628,#629);
#628 = CARTESIAN_POINT('',(-1.1,1.295259344883,0.22));
#629 = VECTOR('',#630,1.);
#630 = DIRECTION('',(-2.22044604925E-16,-1.,0.));
#631 = ORIENTED_EDGE('',*,*,#489,.F.);
#632 = ORIENTED_EDGE('',*,*,#633,.F.);
#633 = EDGE_CURVE('',#634,#490,#636,.T.);
#634 = VERTEX_POINT('',#635);
#635 = CARTESIAN_POINT('',(-2.225259344883,-0.75,0.22));
#636 = LINE('',#637,#638);
#637 = CARTESIAN_POINT('',(-2.225259344883,1.295259344883,0.22));
#638 = VECTOR('',#639,1.);
#639 = DIRECTION('',(-2.22044604925E-16,-1.,0.));
#640 = ORIENTED_EDGE('',*,*,#641,.T.);
#641 = EDGE_CURVE('',#634,#642,#644,.T.);
#642 = VERTEX_POINT('',#643);
#643 = CARTESIAN_POINT('',(-1.14,-0.75,0.22));
#644 = LINE('',#645,#646);
#645 = CARTESIAN_POINT('',(0.117096097639,-0.75,0.22));
#646 = VECTOR('',#647,1.);
#647 = DIRECTION('',(1.,-2.22044604925E-16,0.));
#648 = ORIENTED_EDGE('',*,*,#649,.T.);
#649 = EDGE_CURVE('',#642,#650,#652,.T.);
#650 = VERTEX_POINT('',#651);
#651 = CARTESIAN_POINT('',(-1.14,0.75,0.22));
#652 = LINE('',#653,#654);
#653 = CARTESIAN_POINT('',(-1.14,-0.272629672442,0.22));
#654 = VECTOR('',#655,1.);
#655 = DIRECTION('',(2.22044604925E-16,1.,0.));
#656 = ORIENTED_EDGE('',*,*,#657,.T.);
#657 = EDGE_CURVE('',#650,#658,#660,.T.);
#658 = VERTEX_POINT('',#659);
#659 = CARTESIAN_POINT('',(-2.225259344883,0.75,0.22));
#660 = LINE('',#661,#662);
#661 = CARTESIAN_POINT('',(0.117096097639,0.75,0.22));
#662 = VECTOR('',#663,1.);
#663 = DIRECTION('',(-1.,2.22044604925E-16,0.));
#664 = ORIENTED_EDGE('',*,*,#665,.F.);
#665 = EDGE_CURVE('',#567,#658,#666,.T.);
#666 = LINE('',#667,#668);
#667 = CARTESIAN_POINT('',(-2.225259344883,1.295259344883,0.22));
#668 = VECTOR('',#669,1.);
#669 = DIRECTION('',(-2.22044604925E-16,-1.,0.));
#670 = PLANE('',#671);
#671 = AXIS2_PLACEMENT_3D('',#672,#673,#674);
#672 = CARTESIAN_POINT('',(2.225259344883,-1.295259344883,0.22));
#673 = DIRECTION('',(0.,0.,-1.));
#674 = DIRECTION('',(-0.864253276514,0.503056929218,0.));
#675 = ADVANCED_FACE('',(#676),#713,.T.);
#676 = FACE_BOUND('',#677,.T.);
#677 = EDGE_LOOP('',(#678,#679,#680,#690,#697,#705,#706,#707));
#678 = ORIENTED_EDGE('',*,*,#574,.F.);
#679 = ORIENTED_EDGE('',*,*,#665,.T.);
#680 = ORIENTED_EDGE('',*,*,#681,.T.);
#681 = EDGE_CURVE('',#658,#682,#684,.T.);
#682 = VERTEX_POINT('',#683);
#683 = CARTESIAN_POINT('',(-2.225413939802,0.75,0.2222));
#684 = B_SPLINE_CURVE_WITH_KNOTS('',4,(#685,#686,#687,#688,#689),
  .UNSPECIFIED.,.F.,.F.,(5,5),(0.,1.),.PIECEWISE_BEZIER_KNOTS.);
#685 = CARTESIAN_POINT('',(-2.225259344883,0.75,0.22));
#686 = CARTESIAN_POINT('',(-2.238768685756,0.75,0.412247910026));
#687 = CARTESIAN_POINT('',(-2.25227825666,0.75,0.604499093572));
#688 = CARTESIAN_POINT('',(-2.265788033788,0.75,0.796753211837));
#689 = CARTESIAN_POINT('',(-2.279297998531,0.75,0.98901));
#690 = ORIENTED_EDGE('',*,*,#691,.F.);
#691 = EDGE_CURVE('',#692,#682,#694,.T.);
#692 = VERTEX_POINT('',#693);
#693 = CARTESIAN_POINT('',(-2.225413939802,-0.75,0.2222));
#694 = B_SPLINE_CURVE_WITH_KNOTS('',1,(#695,#696),.UNSPECIFIED.,.F.,.F.,
  (2,2),(0.,1.),.PIECEWISE_BEZIER_KNOTS.);
#695 = CARTESIAN_POINT('',(-2.225413939802,-0.75,0.2222));
#696 = CARTESIAN_POINT('',(-2.225413939802,0.75,0.2222));
#697 = ORIENTED_EDGE('',*,*,#698,.F.);
#698 = EDGE_CURVE('',#634,#692,#699,.T.);
#699 = B_SPLINE_CURVE_WITH_KNOTS('',4,(#700,#701,#702,#703,#704),
  .UNSPECIFIED.,.F.,.F.,(5,5),(0.,1.),.PIECEWISE_BEZIER_KNOTS.);
#700 = CARTESIAN_POINT('',(-2.225259344883,-0.75,0.22));
#701 = CARTESIAN_POINT('',(-2.238768685756,-0.75,0.412247910026));
#702 = CARTESIAN_POINT('',(-2.25227825666,-0.75,0.604499093572));
#703 = CARTESIAN_POINT('',(-2.265788033788,-0.75,0.796753211837));
#704 = CARTESIAN_POINT('',(-2.279297998531,-0.75,0.98901));
#705 = ORIENTED_EDGE('',*,*,#633,.T.);
#706 = ORIENTED_EDGE('',*,*,#515,.T.);
#707 = ORIENTED_EDGE('',*,*,#708,.F.);
#708 = EDGE_CURVE('',#575,#508,#709,.T.);
#709 = LINE('',#710,#711);
#710 = CARTESIAN_POINT('',(-2.28,1.35,0.999));
#711 = VECTOR('',#712,1.);
#712 = DIRECTION('',(-2.22044604925E-16,-1.,0.));
#713 = B_SPLINE_SURFACE_WITH_KNOTS('',1,1,(
    (#714,#715)
    ,(#716,#717
  )),.UNSPECIFIED.,.F.,.F.,.F.,(2,2),(2,2),(0.,2.7),(0.,1.),
  .PIECEWISE_BEZIER_KNOTS.);
#714 = CARTESIAN_POINT('',(-2.225259344883,1.295259344883,0.22));
#715 = CARTESIAN_POINT('',(-2.28,1.35,0.999));
#716 = CARTESIAN_POINT('',(-2.225259344883,-1.295259344883,0.22));
#717 = CARTESIAN_POINT('',(-2.28,-1.35,0.999));
#718 = ADVANCED_FACE('',(#719),#736,.T.);
#719 = FACE_BOUND('',#720,.T.);
#720 = EDGE_LOOP('',(#721,#729,#730,#731));
#721 = ORIENTED_EDGE('',*,*,#722,.T.);
#722 = EDGE_CURVE('',#723,#597,#725,.T.);
#723 = VERTEX_POINT('',#724);
#724 = CARTESIAN_POINT('',(-1.1,-1.279799853066,0.));
#725 = LINE('',#726,#727);
#726 = CARTESIAN_POINT('',(-1.1,-1.279799853066,0.));
#727 = VECTOR('',#728,1.);
#728 = DIRECTION('',(1.,-2.22044604925E-16,0.));
#729 = ORIENTED_EDGE('',*,*,#612,.T.);
#730 = ORIENTED_EDGE('',*,*,#499,.F.);
#731 = ORIENTED_EDGE('',*,*,#732,.F.);
#732 = EDGE_CURVE('',#723,#492,#733,.T.);
#733 = B_SPLINE_CURVE_WITH_KNOTS('',1,(#734,#735),.UNSPECIFIED.,.F.,.F.,
  (2,2),(0.,1.),.PIECEWISE_BEZIER_KNOTS.);
#734 = CARTESIAN_POINT('',(-1.1,-1.279799853066,0.));
#735 = CARTESIAN_POINT('',(-1.1,-1.295259344883,0.22));
#736 = PLANE('',#737);
#737 = AXIS2_PLACEMENT_3D('',#738,#739,#740);
#738 = CARTESIAN_POINT('',(-1.1,-1.295259344883,0.22));
#739 = DIRECTION('',(-2.214984063823E-16,-0.997540140447,
    -7.009756199374E-02));
#740 = DIRECTION('',(1.,-2.22044604925E-16,-1.177128382009E-30));
#741 = ADVANCED_FACE('',(#742),#759,.T.);
#742 = FACE_BOUND('',#743,.T.);
#743 = EDGE_LOOP('',(#744,#745,#746,#754));
#744 = ORIENTED_EDGE('',*,*,#507,.T.);
#745 = ORIENTED_EDGE('',*,*,#544,.T.);
#746 = ORIENTED_EDGE('',*,*,#747,.F.);
#747 = EDGE_CURVE('',#748,#537,#750,.T.);
#748 = VERTEX_POINT('',#749);
#749 = CARTESIAN_POINT('',(-2.194199820414,-1.264199820414,2.22));
#750 = LINE('',#751,#752);
#751 = CARTESIAN_POINT('',(-2.194199820414,-1.264199820414,2.22));
#752 = VECTOR('',#753,1.);
#753 = DIRECTION('',(1.,-2.22044604925E-16,0.));
#754 = ORIENTED_EDGE('',*,*,#755,.F.);
#755 = EDGE_CURVE('',#508,#748,#756,.T.);
#756 = B_SPLINE_CURVE_WITH_KNOTS('',1,(#757,#758),.UNSPECIFIED.,.F.,.F.,
  (2,2),(0.,1.),.PIECEWISE_BEZIER_KNOTS.);
#757 = CARTESIAN_POINT('',(-2.28,-1.35,0.999));
#758 = CARTESIAN_POINT('',(-2.194199820414,-1.264199820414,2.22));
#759 = B_SPLINE_SURFACE_WITH_KNOTS('',1,1,(
    (#760,#761)
    ,(#762,#763
    )),.UNSPECIFIED.,.F.,.F.,.F.,(2,2),(2,2),(0.,4.56),(0.,1.),
  .PIECEWISE_BEZIER_KNOTS.);
#760 = CARTESIAN_POINT('',(-2.28,-1.35,0.999));
#761 = CARTESIAN_POINT('',(-2.194199820414,-1.264199820414,2.22));
#762 = CARTESIAN_POINT('',(2.28,-1.35,0.999));
#763 = CARTESIAN_POINT('',(2.194199820414,-1.264199820414,2.22));
#764 = ADVANCED_FACE('',(#765),#782,.T.);
#765 = FACE_BOUND('',#766,.T.);
#766 = EDGE_LOOP('',(#767,#768,#775,#781));
#767 = ORIENTED_EDGE('',*,*,#581,.T.);
#768 = ORIENTED_EDGE('',*,*,#769,.T.);
#769 = EDGE_CURVE('',#575,#770,#772,.T.);
#770 = VERTEX_POINT('',#771);
#771 = CARTESIAN_POINT('',(-2.194199820414,1.264199820414,2.22));
#772 = B_SPLINE_CURVE_WITH_KNOTS('',1,(#773,#774),.UNSPECIFIED.,.F.,.F.,
  (2,2),(0.,1.),.PIECEWISE_BEZIER_KNOTS.);
#773 = CARTESIAN_POINT('',(-2.28,1.35,0.999));
#774 = CARTESIAN_POINT('',(-2.194199820414,1.264199820414,2.22));
#775 = ORIENTED_EDGE('',*,*,#776,.F.);
#776 = EDGE_CURVE('',#530,#770,#777,.T.);
#777 = LINE('',#778,#779);
#778 = CARTESIAN_POINT('',(2.194199820414,1.264199820414,2.22));
#779 = VECTOR('',#780,1.);
#780 = DIRECTION('',(-1.,2.22044604925E-16,0.));
#781 = ORIENTED_EDGE('',*,*,#529,.F.);
#782 = B_SPLINE_SURFACE_WITH_KNOTS('',1,1,(
    (#783,#784)
    ,(#785,#786
    )),.UNSPECIFIED.,.F.,.F.,.F.,(2,2),(2,2),(0.,4.56),(0.,1.),
  .PIECEWISE_BEZIER_KNOTS.);
#783 = CARTESIAN_POINT('',(2.28,1.35,0.999));
#784 = CARTESIAN_POINT('',(2.194199820414,1.264199820414,2.22));
#785 = CARTESIAN_POINT('',(-2.28,1.35,0.999));
#786 = CARTESIAN_POINT('',(-2.194199820414,1.264199820414,2.22));
#787 = ADVANCED_FACE('',(#788,#799),#833,.F.);
#788 = FACE_BOUND('',#789,.F.);
#789 = EDGE_LOOP('',(#790,#791,#792,#798));
#790 = ORIENTED_EDGE('',*,*,#536,.F.);
#791 = ORIENTED_EDGE('',*,*,#747,.F.);
#792 = ORIENTED_EDGE('',*,*,#793,.F.);
#793 = EDGE_CURVE('',#770,#748,#794,.T.);
#794 = LINE('',#795,#796);
#795 = CARTESIAN_POINT('',(-2.194199820414,1.264199820414,2.22));
#796 = VECTOR('',#797,1.);
#797 = DIRECTION('',(-2.22044604925E-16,-1.,0.));
#798 = ORIENTED_EDGE('',*,*,#776,.F.);
#799 = FACE_BOUND('',#800,.F.);
#800 = EDGE_LOOP('',(#801,#811,#819,#827));
#801 = ORIENTED_EDGE('',*,*,#802,.T.);
#802 = EDGE_CURVE('',#803,#805,#807,.T.);
#803 = VERTEX_POINT('',#804);
#804 = CARTESIAN_POINT('',(-1.508399640828,1.178399640828,2.22));
#805 = VERTEX_POINT('',#806);
#806 = CARTESIAN_POINT('',(-2.108399640828,1.178399640828,2.22));
#807 = LINE('',#808,#809);
#808 = CARTESIAN_POINT('',(-1.508399640828,1.178399640828,2.22));
#809 = VECTOR('',#810,1.);
#810 = DIRECTION('',(-1.,2.22044604925E-16,0.));
#811 = ORIENTED_EDGE('',*,*,#812,.T.);
#812 = EDGE_CURVE('',#805,#813,#815,.T.);
#813 = VERTEX_POINT('',#814);
#814 = CARTESIAN_POINT('',(-2.108399640828,-1.178399640828,2.22));
#815 = LINE('',#816,#817);
#816 = CARTESIAN_POINT('',(-2.108399640828,1.178399640828,2.22));
#817 = VECTOR('',#818,1.);
#818 = DIRECTION('',(-2.22044604925E-16,-1.,0.));
#819 = ORIENTED_EDGE('',*,*,#820,.T.);
#820 = EDGE_CURVE('',#813,#821,#823,.T.);
#821 = VERTEX_POINT('',#822);
#822 = CARTESIAN_POINT('',(-1.508399640828,-1.178399640828,2.22));
#823 = LINE('',#824,#825);
#824 = CARTESIAN_POINT('',(-2.108399640828,-1.178399640828,2.22));
#825 = VECTOR('',#826,1.);
#826 = DIRECTION('',(1.,-2.22044604925E-16,0.));
#827 = ORIENTED_EDGE('',*,*,#828,.T.);
#828 = EDGE_CURVE('',#821,#803,#829,.T.);
#829 = LINE('',#830,#831);
#830 = CARTESIAN_POINT('',(-1.508399640828,-1.178399640828,2.22));
#831 = VECTOR('',#832,1.);
#832 = DIRECTION('',(2.22044604925E-16,1.,0.));
#833 = PLANE('',#834);
#834 = AXIS2_PLACEMENT_3D('',#835,#836,#837);
#835 = CARTESIAN_POINT('',(2.194199820414,-1.264199820414,2.22));
#836 = DIRECTION('',(0.,0.,-1.));
#837 = DIRECTION('',(-0.866473406918,0.499223231735,0.));
#838 = ADVANCED_FACE('',(#839),#856,.T.);
#839 = FACE_BOUND('',#840,.T.);
#840 = EDGE_LOOP('',(#841,#849,#854,#855));
#841 = ORIENTED_EDGE('',*,*,#842,.T.);
#842 = EDGE_CURVE('',#599,#843,#845,.T.);
#843 = VERTEX_POINT('',#844);
#844 = CARTESIAN_POINT('',(-1.1,1.279799853066,0.));
#845 = LINE('',#846,#847);
#846 = CARTESIAN_POINT('',(1.1,1.279799853066,0.));
#847 = VECTOR('',#848,1.);
#848 = DIRECTION('',(-1.,2.22044604925E-16,0.));
#849 = ORIENTED_EDGE('',*,*,#850,.T.);
#850 = EDGE_CURVE('',#843,#559,#851,.T.);
#851 = B_SPLINE_CURVE_WITH_KNOTS('',1,(#852,#853),.UNSPECIFIED.,.F.,.F.,
  (2,2),(0.,1.),.PIECEWISE_BEZIER_KNOTS.);
#852 = CARTESIAN_POINT('',(-1.1,1.279799853066,0.));
#853 = CARTESIAN_POINT('',(-1.1,1.295259344883,0.22));
#854 = ORIENTED_EDGE('',*,*,#558,.F.);
#855 = ORIENTED_EDGE('',*,*,#606,.F.);
#856 = PLANE('',#857);
#857 = AXIS2_PLACEMENT_3D('',#858,#859,#860);
#858 = CARTESIAN_POINT('',(1.1,1.295259344883,0.22));
#859 = DIRECTION('',(2.214984063823E-16,0.997540140447,
    -7.009756199374E-02));
#860 = DIRECTION('',(-1.,2.22044604925E-16,-1.177128382009E-30));
#861 = ADVANCED_FACE('',(#862),#873,.T.);
#862 = FACE_BOUND('',#863,.F.);
#863 = EDGE_LOOP('',(#864,#865,#866,#872));
#864 = ORIENTED_EDGE('',*,*,#596,.T.);
#865 = ORIENTED_EDGE('',*,*,#842,.T.);
#866 = ORIENTED_EDGE('',*,*,#867,.T.);
#867 = EDGE_CURVE('',#843,#723,#868,.T.);
#868 = LINE('',#869,#870);
#869 = CARTESIAN_POINT('',(-1.1,1.279799853066,0.));
#870 = VECTOR('',#871,1.);
#871 = DIRECTION('',(-2.22044604925E-16,-1.,0.));
#872 = ORIENTED_EDGE('',*,*,#722,.T.);
#873 = PLANE('',#874);
#874 = AXIS2_PLACEMENT_3D('',#875,#876,#877);
#875 = CARTESIAN_POINT('',(1.1,-1.279799853066,0.));
#876 = DIRECTION('',(0.,0.,-1.));
#877 = DIRECTION('',(-0.651825367196,0.758369099238,0.));
#878 = ADVANCED_FACE('',(#879),#947,.T.);
#879 = FACE_BOUND('',#880,.T.);
#880 = EDGE_LOOP('',(#881,#892,#900,#909,#917,#925,#931,#932,#933,#941)
  );
#881 = ORIENTED_EDGE('',*,*,#882,.F.);
#882 = EDGE_CURVE('',#883,#885,#887,.T.);
#883 = VERTEX_POINT('',#884);
#884 = CARTESIAN_POINT('',(-2.5,0.75,0.146666666667));
#885 = VERTEX_POINT('',#886);
#886 = CARTESIAN_POINT('',(-2.353333333333,0.75,-2.775557561563E-17));
#887 = CIRCLE('',#888,0.146666666667);
#888 = AXIS2_PLACEMENT_3D('',#889,#890,#891);
#889 = CARTESIAN_POINT('',(-2.353333333333,0.75,0.146666666667));
#890 = DIRECTION('',(-2.22044604925E-16,-1.,0.));
#891 = DIRECTION('',(0.,0.,1.));
#892 = ORIENTED_EDGE('',*,*,#893,.T.);
#893 = EDGE_CURVE('',#883,#894,#896,.T.);
#894 = VERTEX_POINT('',#895);
#895 = CARTESIAN_POINT('',(-2.5,0.75,0.842343333333));
#896 = LINE('',#897,#898);
#897 = CARTESIAN_POINT('',(-2.5,0.75,0.));
#898 = VECTOR('',#899,1.);
#899 = DIRECTION('',(0.,0.,1.));
#900 = ORIENTED_EDGE('',*,*,#901,.T.);
#901 = EDGE_CURVE('',#894,#902,#904,.T.);
#902 = VERTEX_POINT('',#903);
#903 = CARTESIAN_POINT('',(-2.353333333333,0.75,0.98901));
#904 = CIRCLE('',#905,0.146666666667);
#905 = AXIS2_PLACEMENT_3D('',#906,#907,#908);
#906 = CARTESIAN_POINT('',(-2.353333333333,0.75,0.842343333333));
#907 = DIRECTION('',(2.22044604925E-16,1.,-0.));
#908 = DIRECTION('',(0.,0.,1.));
#909 = ORIENTED_EDGE('',*,*,#910,.T.);
#910 = EDGE_CURVE('',#902,#911,#913,.T.);
#911 = VERTEX_POINT('',#912);
#912 = CARTESIAN_POINT('',(-2.28,0.75,0.98901));
#913 = LINE('',#914,#915);
#914 = CARTESIAN_POINT('',(-2.5,0.75,0.98901));
#915 = VECTOR('',#916,1.);
#916 = DIRECTION('',(1.,-2.22044604925E-16,0.));
#917 = ORIENTED_EDGE('',*,*,#918,.F.);
#918 = EDGE_CURVE('',#919,#911,#921,.T.);
#919 = VERTEX_POINT('',#920);
#920 = CARTESIAN_POINT('',(-2.28,0.75,0.2222));
#921 = LINE('',#922,#923);
#922 = CARTESIAN_POINT('',(-2.28,0.75,0.));
#923 = VECTOR('',#924,1.);
#924 = DIRECTION('',(0.,0.,1.));
#925 = ORIENTED_EDGE('',*,*,#926,.T.);
#926 = EDGE_CURVE('',#919,#682,#927,.T.);
#927 = LINE('',#928,#929);
#928 = CARTESIAN_POINT('',(-2.28,0.75,0.2222));
#929 = VECTOR('',#930,1.);
#930 = DIRECTION('',(1.,-2.22044604925E-16,0.));
#931 = ORIENTED_EDGE('',*,*,#681,.F.);
#932 = ORIENTED_EDGE('',*,*,#657,.F.);
#933 = ORIENTED_EDGE('',*,*,#934,.F.);
#934 = EDGE_CURVE('',#935,#650,#937,.T.);
#935 = VERTEX_POINT('',#936);
#936 = CARTESIAN_POINT('',(-1.14,0.75,0.));
#937 = LINE('',#938,#939);
#938 = CARTESIAN_POINT('',(-1.14,0.75,0.));
#939 = VECTOR('',#940,1.);
#940 = DIRECTION('',(0.,0.,1.));
#941 = ORIENTED_EDGE('',*,*,#942,.F.);
#942 = EDGE_CURVE('',#885,#935,#943,.T.);
#943 = LINE('',#944,#945);
#944 = CARTESIAN_POINT('',(-2.28,0.75,0.));
#945 = VECTOR('',#946,1.);
#946 = DIRECTION('',(1.,-2.22044604925E-16,0.));
#947 = PLANE('',#948);
#948 = AXIS2_PLACEMENT_3D('',#949,#950,#951);
#949 = CARTESIAN_POINT('',(-1.991067149606,0.75,0.303091083877));
#950 = DIRECTION('',(2.22044604925E-16,1.,-7.960022943413E-32));
#951 = DIRECTION('',(-1.,2.22044604925E-16,0.));
#952 = ADVANCED_FACE('',(#953),#971,.T.);
#953 = FACE_BOUND('',#954,.T.);
#954 = EDGE_LOOP('',(#955,#963,#964,#965));
#955 = ORIENTED_EDGE('',*,*,#956,.F.);
#956 = EDGE_CURVE('',#935,#957,#959,.T.);
#957 = VERTEX_POINT('',#958);
#958 = CARTESIAN_POINT('',(-1.14,-0.75,0.));
#959 = LINE('',#960,#961);
#960 = CARTESIAN_POINT('',(-1.14,0.75,0.));
#961 = VECTOR('',#962,1.);
#962 = DIRECTION('',(-2.22044604925E-16,-1.,0.));
#963 = ORIENTED_EDGE('',*,*,#934,.T.);
#964 = ORIENTED_EDGE('',*,*,#649,.F.);
#965 = ORIENTED_EDGE('',*,*,#966,.F.);
#966 = EDGE_CURVE('',#957,#642,#967,.T.);
#967 = LINE('',#968,#969);
#968 = CARTESIAN_POINT('',(-1.14,-0.75,0.));
#969 = VECTOR('',#970,1.);
#970 = DIRECTION('',(0.,0.,1.));
#971 = PLANE('',#972);
#972 = AXIS2_PLACEMENT_3D('',#973,#974,#975);
#973 = CARTESIAN_POINT('',(-1.14,0.75,0.));
#974 = DIRECTION('',(1.,-2.22044604925E-16,0.));
#975 = DIRECTION('',(-2.22044604925E-16,-1.,0.));
#976 = ADVANCED_FACE('',(#977),#1038,.T.);
#977 = FACE_BOUND('',#978,.T.);
#978 = EDGE_LOOP('',(#979,#989,#998,#1004,#1005,#1006,#1007,#1015,#1023,
    #1031));
#979 = ORIENTED_EDGE('',*,*,#980,.F.);
#980 = EDGE_CURVE('',#981,#983,#985,.T.);
#981 = VERTEX_POINT('',#982);
#982 = CARTESIAN_POINT('',(-2.5,-0.75,0.146666666667));
#983 = VERTEX_POINT('',#984);
#984 = CARTESIAN_POINT('',(-2.5,-0.75,0.842343333333));
#985 = LINE('',#986,#987);
#986 = CARTESIAN_POINT('',(-2.5,-0.75,0.));
#987 = VECTOR('',#988,1.);
#988 = DIRECTION('',(0.,0.,1.));
#989 = ORIENTED_EDGE('',*,*,#990,.T.);
#990 = EDGE_CURVE('',#981,#991,#993,.T.);
#991 = VERTEX_POINT('',#992);
#992 = CARTESIAN_POINT('',(-2.353333333333,-0.75,-2.775557561563E-17));
#993 = CIRCLE('',#994,0.146666666667);
#994 = AXIS2_PLACEMENT_3D('',#995,#996,#997);
#995 = CARTESIAN_POINT('',(-2.353333333333,-0.75,0.146666666667));
#996 = DIRECTION('',(-2.22044604925E-16,-1.,0.));
#997 = DIRECTION('',(0.,0.,1.));
#998 = ORIENTED_EDGE('',*,*,#999,.F.);
#999 = EDGE_CURVE('',#957,#991,#1000,.T.);
#1000 = LINE('',#1001,#1002);
#1001 = CARTESIAN_POINT('',(-2.28,-0.75,0.));
#1002 = VECTOR('',#1003,1.);
#1003 = DIRECTION('',(-1.,2.22044604925E-16,0.));
#1004 = ORIENTED_EDGE('',*,*,#966,.T.);
#1005 = ORIENTED_EDGE('',*,*,#641,.F.);
#1006 = ORIENTED_EDGE('',*,*,#698,.T.);
#1007 = ORIENTED_EDGE('',*,*,#1008,.T.);
#1008 = EDGE_CURVE('',#692,#1009,#1011,.T.);
#1009 = VERTEX_POINT('',#1010);
#1010 = CARTESIAN_POINT('',(-2.28,-0.75,0.2222));
#1011 = LINE('',#1012,#1013);
#1012 = CARTESIAN_POINT('',(-1.14,-0.75,0.2222));
#1013 = VECTOR('',#1014,1.);
#1014 = DIRECTION('',(-1.,2.22044604925E-16,0.));
#1015 = ORIENTED_EDGE('',*,*,#1016,.T.);
#1016 = EDGE_CURVE('',#1009,#1017,#1019,.T.);
#1017 = VERTEX_POINT('',#1018);
#1018 = CARTESIAN_POINT('',(-2.28,-0.75,0.98901));
#1019 = LINE('',#1020,#1021);
#1020 = CARTESIAN_POINT('',(-2.28,-0.75,0.));
#1021 = VECTOR('',#1022,1.);
#1022 = DIRECTION('',(0.,0.,1.));
#1023 = ORIENTED_EDGE('',*,*,#1024,.T.);
#1024 = EDGE_CURVE('',#1017,#1025,#1027,.T.);
#1025 = VERTEX_POINT('',#1026);
#1026 = CARTESIAN_POINT('',(-2.353333333333,-0.75,0.98901));
#1027 = LINE('',#1028,#1029);
#1028 = CARTESIAN_POINT('',(-2.28,-0.75,0.98901));
#1029 = VECTOR('',#1030,1.);
#1030 = DIRECTION('',(-1.,2.22044604925E-16,0.));
#1031 = ORIENTED_EDGE('',*,*,#1032,.F.);
#1032 = EDGE_CURVE('',#983,#1025,#1033,.T.);
#1033 = CIRCLE('',#1034,0.146666666667);
#1034 = AXIS2_PLACEMENT_3D('',#1035,#1036,#1037);
#1035 = CARTESIAN_POINT('',(-2.353333333333,-0.75,0.842343333333));
#1036 = DIRECTION('',(2.22044604925E-16,1.,-0.));
#1037 = DIRECTION('',(0.,0.,1.));
#1038 = PLANE('',#1039);
#1039 = AXIS2_PLACEMENT_3D('',#1040,#1041,#1042);
#1040 = CARTESIAN_POINT('',(-1.991067149606,-0.75,0.303091083877));
#1041 = DIRECTION('',(-2.22044604925E-16,-1.,-0.));
#1042 = DIRECTION('',(0.,0.,-1.));
#1043 = ADVANCED_FACE('',(#1044),#1050,.T.);
#1044 = FACE_BOUND('',#1045,.T.);
#1045 = EDGE_LOOP('',(#1046,#1047,#1048,#1049));
#1046 = ORIENTED_EDGE('',*,*,#867,.T.);
#1047 = ORIENTED_EDGE('',*,*,#732,.T.);
#1048 = ORIENTED_EDGE('',*,*,#626,.F.);
#1049 = ORIENTED_EDGE('',*,*,#850,.F.);
#1050 = B_SPLINE_SURFACE_WITH_KNOTS('',1,1,(
    (#1051,#1052)
    ,(#1053,#1054
    )),.UNSPECIFIED.,.F.,.F.,.F.,(2,2),(2,2),(0.,2.590518689767),(0.,1.)
  ,.PIECEWISE_BEZIER_KNOTS.);
#1051 = CARTESIAN_POINT('',(-1.1,1.279799853066,0.));
#1052 = CARTESIAN_POINT('',(-1.1,1.295259344883,0.22));
#1053 = CARTESIAN_POINT('',(-1.1,-1.279799853066,0.));
#1054 = CARTESIAN_POINT('',(-1.1,-1.295259344883,0.22));
#1055 = ADVANCED_FACE('',(#1056),#1062,.T.);
#1056 = FACE_BOUND('',#1057,.T.);
#1057 = EDGE_LOOP('',(#1058,#1059,#1060,#1061));
#1058 = ORIENTED_EDGE('',*,*,#708,.T.);
#1059 = ORIENTED_EDGE('',*,*,#755,.T.);
#1060 = ORIENTED_EDGE('',*,*,#793,.F.);
#1061 = ORIENTED_EDGE('',*,*,#769,.F.);
#1062 = B_SPLINE_SURFACE_WITH_KNOTS('',1,1,(
    (#1063,#1064)
    ,(#1065,#1066
    )),.UNSPECIFIED.,.F.,.F.,.F.,(2,2),(2,2),(0.,2.7),(0.,1.),
  .PIECEWISE_BEZIER_KNOTS.);
#1063 = CARTESIAN_POINT('',(-2.28,1.35,0.999));
#1064 = CARTESIAN_POINT('',(-2.194199820414,1.264199820414,2.22));
#1065 = CARTESIAN_POINT('',(-2.28,-1.35,0.999));
#1066 = CARTESIAN_POINT('',(-2.194199820414,-1.264199820414,2.22));
#1067 = ADVANCED_FACE('',(#1068),#1079,.F.);
#1068 = FACE_BOUND('',#1069,.F.);
#1069 = EDGE_LOOP('',(#1070,#1071,#1072,#1078));
#1070 = ORIENTED_EDGE('',*,*,#691,.F.);
#1071 = ORIENTED_EDGE('',*,*,#1008,.T.);
#1072 = ORIENTED_EDGE('',*,*,#1073,.T.);
#1073 = EDGE_CURVE('',#1009,#919,#1074,.T.);
#1074 = LINE('',#1075,#1076);
#1075 = CARTESIAN_POINT('',(-2.28,-0.75,0.2222));
#1076 = VECTOR('',#1077,1.);
#1077 = DIRECTION('',(2.22044604925E-16,1.,0.));
#1078 = ORIENTED_EDGE('',*,*,#926,.T.);
#1079 = PLANE('',#1080);
#1080 = AXIS2_PLACEMENT_3D('',#1081,#1082,#1083);
#1081 = CARTESIAN_POINT('',(-1.71,4.440892098501E-16,0.2222));
#1082 = DIRECTION('',(0.,-0.,-1.));
#1083 = DIRECTION('',(-2.22044604925E-16,-1.,0.));
#1084 = ADVANCED_FACE('',(#1085),#1108,.F.);
#1085 = FACE_BOUND('',#1086,.F.);
#1086 = EDGE_LOOP('',(#1087,#1097,#1102,#1103));
#1087 = ORIENTED_EDGE('',*,*,#1088,.T.);
#1088 = EDGE_CURVE('',#1089,#1091,#1093,.T.);
#1089 = VERTEX_POINT('',#1090);
#1090 = CARTESIAN_POINT('',(-1.508399640828,1.178399640828,2.2178));
#1091 = VERTEX_POINT('',#1092);
#1092 = CARTESIAN_POINT('',(-2.108399640828,1.178399640828,2.2178));
#1093 = LINE('',#1094,#1095);
#1094 = CARTESIAN_POINT('',(-1.508399640828,1.178399640828,2.2178));
#1095 = VECTOR('',#1096,1.);
#1096 = DIRECTION('',(-1.,2.22044604925E-16,0.));
#1097 = ORIENTED_EDGE('',*,*,#1098,.T.);
#1098 = EDGE_CURVE('',#1091,#805,#1099,.T.);
#1099 = B_SPLINE_CURVE_WITH_KNOTS('',1,(#1100,#1101),.UNSPECIFIED.,.F.,
  .F.,(2,2),(0.,1.),.PIECEWISE_BEZIER_KNOTS.);
#1100 = CARTESIAN_POINT('',(-2.108399640828,1.178399640828,2.2178));
#1101 = CARTESIAN_POINT('',(-2.108399640828,1.178399640828,2.22));
#1102 = ORIENTED_EDGE('',*,*,#802,.F.);
#1103 = ORIENTED_EDGE('',*,*,#1104,.F.);
#1104 = EDGE_CURVE('',#1089,#803,#1105,.T.);
#1105 = B_SPLINE_CURVE_WITH_KNOTS('',1,(#1106,#1107),.UNSPECIFIED.,.F.,
  .F.,(2,2),(0.,1.),.PIECEWISE_BEZIER_KNOTS.);
#1106 = CARTESIAN_POINT('',(-1.508399640828,1.178399640828,2.2178));
#1107 = CARTESIAN_POINT('',(-1.508399640828,1.178399640828,2.22));
#1108 = PLANE('',#1109);
#1109 = AXIS2_PLACEMENT_3D('',#1110,#1111,#1112);
#1110 = CARTESIAN_POINT('',(-1.508399640828,1.178399640828,2.22));
#1111 = DIRECTION('',(2.22044604925E-16,1.,0.));
#1112 = DIRECTION('',(-1.,2.22044604925E-16,0.));
#1113 = ADVANCED_FACE('',(#1114),#1131,.F.);
#1114 = FACE_BOUND('',#1115,.F.);
#1115 = EDGE_LOOP('',(#1116,#1124,#1125,#1126));
#1116 = ORIENTED_EDGE('',*,*,#1117,.T.);
#1117 = EDGE_CURVE('',#1118,#1089,#1120,.T.);
#1118 = VERTEX_POINT('',#1119);
#1119 = CARTESIAN_POINT('',(-1.508399640828,-1.178399640828,2.2178));
#1120 = LINE('',#1121,#1122);
#1121 = CARTESIAN_POINT('',(-1.508399640828,-1.178399640828,2.2178));
#1122 = VECTOR('',#1123,1.);
#1123 = DIRECTION('',(2.22044604925E-16,1.,0.));
#1124 = ORIENTED_EDGE('',*,*,#1104,.T.);
#1125 = ORIENTED_EDGE('',*,*,#828,.F.);
#1126 = ORIENTED_EDGE('',*,*,#1127,.F.);
#1127 = EDGE_CURVE('',#1118,#821,#1128,.T.);
#1128 = B_SPLINE_CURVE_WITH_KNOTS('',1,(#1129,#1130),.UNSPECIFIED.,.F.,
  .F.,(2,2),(0.,1.),.PIECEWISE_BEZIER_KNOTS.);
#1129 = CARTESIAN_POINT('',(-1.508399640828,-1.178399640828,2.2178));
#1130 = CARTESIAN_POINT('',(-1.508399640828,-1.178399640828,2.22));
#1131 = PLANE('',#1132);
#1132 = AXIS2_PLACEMENT_3D('',#1133,#1134,#1135);
#1133 = CARTESIAN_POINT('',(-1.508399640828,-1.178399640828,2.22));
#1134 = DIRECTION('',(1.,-2.22044604925E-16,0.));
#1135 = DIRECTION('',(2.22044604925E-16,1.,0.));
#1136 = ADVANCED_FACE('',(#1137),#1154,.F.);
#1137 = FACE_BOUND('',#1138,.F.);
#1138 = EDGE_LOOP('',(#1139,#1147,#1148,#1149));
#1139 = ORIENTED_EDGE('',*,*,#1140,.T.);
#1140 = EDGE_CURVE('',#1141,#1118,#1143,.T.);
#1141 = VERTEX_POINT('',#1142);
#1142 = CARTESIAN_POINT('',(-2.108399640828,-1.178399640828,2.2178));
#1143 = LINE('',#1144,#1145);
#1144 = CARTESIAN_POINT('',(-2.108399640828,-1.178399640828,2.2178));
#1145 = VECTOR('',#1146,1.);
#1146 = DIRECTION('',(1.,-2.22044604925E-16,0.));
#1147 = ORIENTED_EDGE('',*,*,#1127,.T.);
#1148 = ORIENTED_EDGE('',*,*,#820,.F.);
#1149 = ORIENTED_EDGE('',*,*,#1150,.F.);
#1150 = EDGE_CURVE('',#1141,#813,#1151,.T.);
#1151 = B_SPLINE_CURVE_WITH_KNOTS('',1,(#1152,#1153),.UNSPECIFIED.,.F.,
  .F.,(2,2),(0.,1.),.PIECEWISE_BEZIER_KNOTS.);
#1152 = CARTESIAN_POINT('',(-2.108399640828,-1.178399640828,2.2178));
#1153 = CARTESIAN_POINT('',(-2.108399640828,-1.178399640828,2.22));
#1154 = PLANE('',#1155);
#1155 = AXIS2_PLACEMENT_3D('',#1156,#1157,#1158);
#1156 = CARTESIAN_POINT('',(-2.108399640828,-1.178399640828,2.22));
#1157 = DIRECTION('',(-2.22044604925E-16,-1.,0.));
#1158 = DIRECTION('',(1.,-2.22044604925E-16,0.));
#1159 = ADVANCED_FACE('',(#1160),#1171,.F.);
#1160 = FACE_BOUND('',#1161,.F.);
#1161 = EDGE_LOOP('',(#1162,#1168,#1169,#1170));
#1162 = ORIENTED_EDGE('',*,*,#1163,.T.);
#1163 = EDGE_CURVE('',#1091,#1141,#1164,.T.);
#1164 = LINE('',#1165,#1166);
#1165 = CARTESIAN_POINT('',(-2.108399640828,1.178399640828,2.2178));
#1166 = VECTOR('',#1167,1.);
#1167 = DIRECTION('',(-2.22044604925E-16,-1.,0.));
#1168 = ORIENTED_EDGE('',*,*,#1150,.T.);
#1169 = ORIENTED_EDGE('',*,*,#812,.F.);
#1170 = ORIENTED_EDGE('',*,*,#1098,.F.);
#1171 = PLANE('',#1172);
#1172 = AXIS2_PLACEMENT_3D('',#1173,#1174,#1175);
#1173 = CARTESIAN_POINT('',(-2.108399640828,1.178399640828,2.22));
#1174 = DIRECTION('',(-1.,2.22044604925E-16,0.));
#1175 = DIRECTION('',(-2.22044604925E-16,-1.,0.));
#1176 = ADVANCED_FACE('',(#1177),#1193,.T.);
#1177 = FACE_BOUND('',#1178,.T.);
#1178 = EDGE_LOOP('',(#1179,#1185,#1186,#1192));
#1179 = ORIENTED_EDGE('',*,*,#1180,.T.);
#1180 = EDGE_CURVE('',#981,#883,#1181,.T.);
#1181 = LINE('',#1182,#1183);
#1182 = CARTESIAN_POINT('',(-2.5,-0.75,0.146666666667));
#1183 = VECTOR('',#1184,1.);
#1184 = DIRECTION('',(2.22044604925E-16,1.,0.));
#1185 = ORIENTED_EDGE('',*,*,#882,.T.);
#1186 = ORIENTED_EDGE('',*,*,#1187,.F.);
#1187 = EDGE_CURVE('',#991,#885,#1188,.T.);
#1188 = LINE('',#1189,#1190);
#1189 = CARTESIAN_POINT('',(-2.353333333333,-0.75,-2.775557561563E-17));
#1190 = VECTOR('',#1191,1.);
#1191 = DIRECTION('',(2.22044604925E-16,1.,0.));
#1192 = ORIENTED_EDGE('',*,*,#990,.F.);
#1193 = CYLINDRICAL_SURFACE('',#1194,0.146666666667);
#1194 = AXIS2_PLACEMENT_3D('',#1195,#1196,#1197);
#1195 = CARTESIAN_POINT('',(-2.353333333333,-0.75,0.146666666667));
#1196 = DIRECTION('',(2.22044604925E-16,1.,0.));
#1197 = DIRECTION('',(-1.,2.22044604925E-16,0.));
#1198 = ADVANCED_FACE('',(#1199),#1205,.T.);
#1199 = FACE_BOUND('',#1200,.T.);
#1200 = EDGE_LOOP('',(#1201,#1202,#1203,#1204));
#1201 = ORIENTED_EDGE('',*,*,#999,.T.);
#1202 = ORIENTED_EDGE('',*,*,#1187,.T.);
#1203 = ORIENTED_EDGE('',*,*,#942,.T.);
#1204 = ORIENTED_EDGE('',*,*,#956,.T.);
#1205 = PLANE('',#1206);
#1206 = AXIS2_PLACEMENT_3D('',#1207,#1208,#1209);
#1207 = CARTESIAN_POINT('',(-1.746666666667,3.878379099357E-16,
    -7.671995716851E-18));
#1208 = DIRECTION('',(1.332277103521E-17,-2.579688262589E-33,-1.));
#1209 = DIRECTION('',(1.,-2.22044604925E-16,1.332277103521E-17));
#1210 = ADVANCED_FACE('',(#1211),#1222,.T.);
#1211 = FACE_BOUND('',#1212,.T.);
#1212 = EDGE_LOOP('',(#1213,#1214,#1215,#1221));
#1213 = ORIENTED_EDGE('',*,*,#1073,.T.);
#1214 = ORIENTED_EDGE('',*,*,#918,.T.);
#1215 = ORIENTED_EDGE('',*,*,#1216,.T.);
#1216 = EDGE_CURVE('',#911,#1017,#1217,.T.);
#1217 = LINE('',#1218,#1219);
#1218 = CARTESIAN_POINT('',(-2.28,0.75,0.98901));
#1219 = VECTOR('',#1220,1.);
#1220 = DIRECTION('',(-2.22044604925E-16,-1.,0.));
#1221 = ORIENTED_EDGE('',*,*,#1016,.F.);
#1222 = PLANE('',#1223);
#1223 = AXIS2_PLACEMENT_3D('',#1224,#1225,#1226);
#1224 = CARTESIAN_POINT('',(-2.28,0.75,0.));
#1225 = DIRECTION('',(1.,-2.22044604925E-16,0.));
#1226 = DIRECTION('',(-2.22044604925E-16,-1.,0.));
#1227 = ADVANCED_FACE('',(#1228),#1239,.F.);
#1228 = FACE_BOUND('',#1229,.F.);
#1229 = EDGE_LOOP('',(#1230,#1231,#1237,#1238));
#1230 = ORIENTED_EDGE('',*,*,#1024,.T.);
#1231 = ORIENTED_EDGE('',*,*,#1232,.T.);
#1232 = EDGE_CURVE('',#1025,#902,#1233,.T.);
#1233 = LINE('',#1234,#1235);
#1234 = CARTESIAN_POINT('',(-2.353333333333,-0.75,0.98901));
#1235 = VECTOR('',#1236,1.);
#1236 = DIRECTION('',(2.22044604925E-16,1.,0.));
#1237 = ORIENTED_EDGE('',*,*,#910,.T.);
#1238 = ORIENTED_EDGE('',*,*,#1216,.T.);
#1239 = PLANE('',#1240);
#1240 = AXIS2_PLACEMENT_3D('',#1241,#1242,#1243);
#1241 = CARTESIAN_POINT('',(-2.39,4.440892098501E-16,0.98901));
#1242 = DIRECTION('',(0.,-0.,-1.));
#1243 = DIRECTION('',(-2.22044604925E-16,-1.,0.));
#1244 = ADVANCED_FACE('',(#1245),#1256,.T.);
#1245 = FACE_BOUND('',#1246,.T.);
#1246 = EDGE_LOOP('',(#1247,#1248,#1249,#1250));
#1247 = ORIENTED_EDGE('',*,*,#1032,.T.);
#1248 = ORIENTED_EDGE('',*,*,#1232,.T.);
#1249 = ORIENTED_EDGE('',*,*,#901,.F.);
#1250 = ORIENTED_EDGE('',*,*,#1251,.F.);
#1251 = EDGE_CURVE('',#983,#894,#1252,.T.);
#1252 = LINE('',#1253,#1254);
#1253 = CARTESIAN_POINT('',(-2.5,-0.75,0.842343333333));
#1254 = VECTOR('',#1255,1.);
#1255 = DIRECTION('',(2.22044604925E-16,1.,0.));
#1256 = CYLINDRICAL_SURFACE('',#1257,0.146666666667);
#1257 = AXIS2_PLACEMENT_3D('',#1258,#1259,#1260);
#1258 = CARTESIAN_POINT('',(-2.353333333333,-0.75,0.842343333333));
#1259 = DIRECTION('',(2.22044604925E-16,1.,0.));
#1260 = DIRECTION('',(-1.,2.22044604925E-16,0.));
#1261 = ADVANCED_FACE('',(#1262),#1268,.T.);
#1262 = FACE_BOUND('',#1263,.T.);
#1263 = EDGE_LOOP('',(#1264,#1265,#1266,#1267));
#1264 = ORIENTED_EDGE('',*,*,#980,.T.);
#1265 = ORIENTED_EDGE('',*,*,#1251,.T.);
#1266 = ORIENTED_EDGE('',*,*,#893,.F.);
#1267 = ORIENTED_EDGE('',*,*,#1180,.F.);
#1268 = PLANE('',#1269);
#1269 = AXIS2_PLACEMENT_3D('',#1270,#1271,#1272);
#1270 = CARTESIAN_POINT('',(-2.5,-0.75,0.));
#1271 = DIRECTION('',(-1.,2.22044604925E-16,0.));
#1272 = DIRECTION('',(2.22044604925E-16,1.,0.));
#1273 = ADVANCED_FACE('',(#1274),#1280,.F.);
#1274 = FACE_BOUND('',#1275,.T.);
#1275 = EDGE_LOOP('',(#1276,#1277,#1278,#1279));
#1276 = ORIENTED_EDGE('',*,*,#1117,.T.);
#1277 = ORIENTED_EDGE('',*,*,#1088,.T.);
#1278 = ORIENTED_EDGE('',*,*,#1163,.T.);
#1279 = ORIENTED_EDGE('',*,*,#1140,.T.);
#1280 = PLANE('',#1281);
#1281 = AXIS2_PLACEMENT_3D('',#1282,#1283,#1284);
#1282 = CARTESIAN_POINT('',(-1.508399640828,-1.178399640828,2.2178));
#1283 = DIRECTION('',(0.,0.,-1.));
#1284 = DIRECTION('',(-0.246713052972,0.969088576701,0.));
#1285 = ( GEOMETRIC_REPRESENTATION_CONTEXT(3) 
GLOBAL_UNCERTAINTY_ASSIGNED_CONTEXT((#1289)) 
GLOBAL_UNIT_ASSIGNED_CONTEXT((#1286,#1287,#1288)) REPRESENTATION_CONTEXT
('Context #1','3D Context with UNIT and UNCERTAINTY') );
#1286 = ( LENGTH_UNIT() NAMED_UNIT(*) SI_UNIT(.MILLI.,.METRE.) );
#1287 = ( NAMED_UNIT(*) PLANE_ANGLE_UNIT() SI_UNIT($,.RADIAN.) );
#1288 = ( NAMED_UNIT(*) SI_UNIT($,.STERADIAN.) SOLID_ANGLE_UNIT() );
#1289 = UNCERTAINTY_MEASURE_WITH_UNIT(LENGTH_MEASURE(1.E-07),#1286,
  'distance_accuracy_value','confusion accuracy');
#1290 = CONTEXT_DEPENDENT_SHAPE_REPRESENTATION(#1291,#1293);
#1291 = ( REPRESENTATION_RELATIONSHIP('','',#76,#10) 
REPRESENTATION_RELATIONSHIP_WITH_TRANSFORMATION(#1292) 
SHAPE_REPRESENTATION_RELATIONSHIP() );
#1292 = ITEM_DEFINED_TRANSFORMATION('','',#11,#15);
#1293 = PRODUCT_DEFINITION_SHAPE('Placement','Placement of an item',
  #1294);
#1294 = NEXT_ASSEMBLY_USAGE_OCCURRENCE('1','D1','',#5,#71,$);
#1295 = PRODUCT_RELATED_PRODUCT_CATEGORY('part',$,(#73));
#1296 = CONTEXT_DEPENDENT_SHAPE_REPRESENTATION(#1297,#1299);
#1297 = ( REPRESENTATION_RELATIONSHIP('','',#76,#10) 
REPRESENTATION_RELATIONSHIP_WITH_TRANSFORMATION(#1298) 
SHAPE_REPRESENTATION_RELATIONSHIP() );
#1298 = ITEM_DEFINED_TRANSFORMATION('','',#11,#19);
#1299 = PRODUCT_DEFINITION_SHAPE('Placement','Placement of an item',
  #1300);
#1300 = NEXT_ASSEMBLY_USAGE_OCCURRENCE('2','D3','',#5,#71,$);
#1301 = CONTEXT_DEPENDENT_SHAPE_REPRESENTATION(#1302,#1304);
#1302 = ( REPRESENTATION_RELATIONSHIP('','',#76,#10) 
REPRESENTATION_RELATIONSHIP_WITH_TRANSFORMATION(#1303) 
SHAPE_REPRESENTATION_RELATIONSHIP() );
#1303 = ITEM_DEFINED_TRANSFORMATION('','',#11,#23);
#1304 = PRODUCT_DEFINITION_SHAPE('Placement','Placement of an item',
  #1305);
#1305 = NEXT_ASSEMBLY_USAGE_OCCURRENCE('3','D2','',#5,#71,$);
#1306 = SHAPE_DEFINITION_REPRESENTATION(#1307,#1313);
#1307 = PRODUCT_DEFINITION_SHAPE('','',#1308);
#1308 = PRODUCT_DEFINITION('design','',#1309,#1312);
#1309 = PRODUCT_DEFINITION_FORMATION('','',#1310);
#1310 = PRODUCT(
  'TerminalBlock_Phoenix_MKDS-1,5-2-5.08_1x02_P5.08mm_Horizontal',
  'TerminalBlock_Phoenix_MKDS-1,5-2-5.08_1x02_P5.08mm_Horizontal','',(
    #1311));
#1311 = PRODUCT_CONTEXT('',#2,'mechanical');
#1312 = PRODUCT_DEFINITION_CONTEXT('part definition',#2,'design');
#1313 = ADVANCED_BREP_SHAPE_REPRESENTATION('',(#11,#1314),#3935);
#1314 = MANIFOLD_SOLID_BREP('',#1315);
#1315 = CLOSED_SHELL('',(#1316,#1412,#1443,#1489,#1513,#1537,#1684,#1708
    ,#1732,#1749,#1841,#1858,#1896,#2007,#2118,#2130,#2154,#2178,#2195,
    #2226,#2250,#2274,#2291,#2322,#2346,#2370,#2387,#2416,#2439,#2462,
    #2479,#2508,#2531,#2554,#2571,#2583,#2599,#2632,#2657,#2695,#2727,
    #2758,#2768,#2786,#2802,#2835,#2860,#2898,#2930,#2961,#2971,#2989,
    #3001,#3013,#3044,#3061,#3078,#3109,#3126,#3143,#3168,#3279,#3334,
    #3344,#3369,#3480,#3535,#3545,#3561,#3578,#3595,#3612,#3622,#3632,
    #3663,#3687,#3711,#3728,#3744,#3761,#3778,#3795,#3805,#3815,#3846,
    #3870,#3894,#3911,#3923));
#1316 = ADVANCED_FACE('',(#1317),#1407,.F.);
#1317 = FACE_BOUND('',#1318,.F.);
#1318 = EDGE_LOOP('',(#1319,#1329,#1337,#1345,#1353,#1361,#1369,#1377,
    #1385,#1393,#1401));
#1319 = ORIENTED_EDGE('',*,*,#1320,.T.);
#1320 = EDGE_CURVE('',#1321,#1323,#1325,.T.);
#1321 = VERTEX_POINT('',#1322);
#1322 = CARTESIAN_POINT('',(-2.54,-2.6,13.8));
#1323 = VERTEX_POINT('',#1324);
#1324 = CARTESIAN_POINT('',(-2.54,-4.1,7.4));
#1325 = LINE('',#1326,#1327);
#1326 = CARTESIAN_POINT('',(-2.54,-2.6,13.8));
#1327 = VECTOR('',#1328,1.);
#1328 = DIRECTION('',(0.,-0.228191322789,-0.973616310568));
#1329 = ORIENTED_EDGE('',*,*,#1330,.T.);
#1330 = EDGE_CURVE('',#1323,#1331,#1333,.T.);
#1331 = VERTEX_POINT('',#1332);
#1332 = CARTESIAN_POINT('',(-2.54,-4.6,7.4));
#1333 = LINE('',#1334,#1335);
#1334 = CARTESIAN_POINT('',(-2.54,-4.1,7.4));
#1335 = VECTOR('',#1336,1.);
#1336 = DIRECTION('',(0.,-1.,0.));
#1337 = ORIENTED_EDGE('',*,*,#1338,.T.);
#1338 = EDGE_CURVE('',#1331,#1339,#1341,.T.);
#1339 = VERTEX_POINT('',#1340);
#1340 = CARTESIAN_POINT('',(-2.54,-4.6,0.));
#1341 = LINE('',#1342,#1343);
#1342 = CARTESIAN_POINT('',(-2.54,-4.6,13.8));
#1343 = VECTOR('',#1344,1.);
#1344 = DIRECTION('',(0.,0.,-1.));
#1345 = ORIENTED_EDGE('',*,*,#1346,.T.);
#1346 = EDGE_CURVE('',#1339,#1347,#1349,.T.);
#1347 = VERTEX_POINT('',#1348);
#1348 = CARTESIAN_POINT('',(-2.54,-3.83,0.));
#1349 = LINE('',#1350,#1351);
#1350 = CARTESIAN_POINT('',(-2.54,-4.6,0.));
#1351 = VECTOR('',#1352,1.);
#1352 = DIRECTION('',(0.,1.,0.));
#1353 = ORIENTED_EDGE('',*,*,#1354,.T.);
#1354 = EDGE_CURVE('',#1347,#1355,#1357,.T.);
#1355 = VERTEX_POINT('',#1356);
#1356 = CARTESIAN_POINT('',(-2.54,-3.83,7.));
#1357 = LINE('',#1358,#1359);
#1358 = CARTESIAN_POINT('',(-2.54,-3.83,0.));
#1359 = VECTOR('',#1360,1.);
#1360 = DIRECTION('',(0.,0.,1.));
#1361 = ORIENTED_EDGE('',*,*,#1362,.T.);
#1362 = EDGE_CURVE('',#1355,#1363,#1365,.T.);
#1363 = VERTEX_POINT('',#1364);
#1364 = CARTESIAN_POINT('',(-2.54,-3.37,7.));
#1365 = LINE('',#1366,#1367);
#1366 = CARTESIAN_POINT('',(-2.54,-3.83,7.));
#1367 = VECTOR('',#1368,1.);
#1368 = DIRECTION('',(0.,1.,0.));
#1369 = ORIENTED_EDGE('',*,*,#1370,.F.);
#1370 = EDGE_CURVE('',#1371,#1363,#1373,.T.);
#1371 = VERTEX_POINT('',#1372);
#1372 = CARTESIAN_POINT('',(-2.54,-3.37,0.));
#1373 = LINE('',#1374,#1375);
#1374 = CARTESIAN_POINT('',(-2.54,-3.37,0.));
#1375 = VECTOR('',#1376,1.);
#1376 = DIRECTION('',(0.,0.,1.));
#1377 = ORIENTED_EDGE('',*,*,#1378,.T.);
#1378 = EDGE_CURVE('',#1371,#1379,#1381,.T.);
#1379 = VERTEX_POINT('',#1380);
#1380 = CARTESIAN_POINT('',(-2.54,5.2,0.));
#1381 = LINE('',#1382,#1383);
#1382 = CARTESIAN_POINT('',(-2.54,-4.6,0.));
#1383 = VECTOR('',#1384,1.);
#1384 = DIRECTION('',(0.,1.,0.));
#1385 = ORIENTED_EDGE('',*,*,#1386,.T.);
#1386 = EDGE_CURVE('',#1379,#1387,#1389,.T.);
#1387 = VERTEX_POINT('',#1388);
#1388 = CARTESIAN_POINT('',(-2.54,5.2,4.57));
#1389 = LINE('',#1390,#1391);
#1390 = CARTESIAN_POINT('',(-2.54,5.2,0.));
#1391 = VECTOR('',#1392,1.);
#1392 = DIRECTION('',(0.,0.,1.));
#1393 = ORIENTED_EDGE('',*,*,#1394,.F.);
#1394 = EDGE_CURVE('',#1395,#1387,#1397,.T.);
#1395 = VERTEX_POINT('',#1396);
#1396 = CARTESIAN_POINT('',(-2.54,2.2,13.8));
#1397 = LINE('',#1398,#1399);
#1398 = CARTESIAN_POINT('',(-2.54,2.2,13.8));
#1399 = VECTOR('',#1400,1.);
#1400 = DIRECTION('',(0.,0.309109370483,-0.951026496518));
#1401 = ORIENTED_EDGE('',*,*,#1402,.T.);
#1402 = EDGE_CURVE('',#1395,#1321,#1403,.T.);
#1403 = LINE('',#1404,#1405);
#1404 = CARTESIAN_POINT('',(-2.54,5.2,13.8));
#1405 = VECTOR('',#1406,1.);
#1406 = DIRECTION('',(0.,-1.,0.));
#1407 = PLANE('',#1408);
#1408 = AXIS2_PLACEMENT_3D('',#1409,#1410,#1411);
#1409 = CARTESIAN_POINT('',(-2.54,0.3,6.9));
#1410 = DIRECTION('',(1.,0.,0.));
#1411 = DIRECTION('',(0.,0.,1.));
#1412 = ADVANCED_FACE('',(#1413),#1438,.F.);
#1413 = FACE_BOUND('',#1414,.F.);
#1414 = EDGE_LOOP('',(#1415,#1423,#1431,#1437));
#1415 = ORIENTED_EDGE('',*,*,#1416,.T.);
#1416 = EDGE_CURVE('',#1321,#1417,#1419,.T.);
#1417 = VERTEX_POINT('',#1418);
#1418 = CARTESIAN_POINT('',(7.62,-2.6,13.8));
#1419 = LINE('',#1420,#1421);
#1420 = CARTESIAN_POINT('',(-2.54,-2.6,13.8));
#1421 = VECTOR('',#1422,1.);
#1422 = DIRECTION('',(1.,0.,0.));
#1423 = ORIENTED_EDGE('',*,*,#1424,.T.);
#1424 = EDGE_CURVE('',#1417,#1425,#1427,.T.);
#1425 = VERTEX_POINT('',#1426);
#1426 = CARTESIAN_POINT('',(7.62,-4.1,7.4));
#1427 = LINE('',#1428,#1429);
#1428 = CARTESIAN_POINT('',(7.62,-2.6,13.8));
#1429 = VECTOR('',#1430,1.);
#1430 = DIRECTION('',(0.,-0.228191322789,-0.973616310568));
#1431 = ORIENTED_EDGE('',*,*,#1432,.F.);
#1432 = EDGE_CURVE('',#1323,#1425,#1433,.T.);
#1433 = LINE('',#1434,#1435);
#1434 = CARTESIAN_POINT('',(-2.54,-4.1,7.4));
#1435 = VECTOR('',#1436,1.);
#1436 = DIRECTION('',(1.,0.,0.));
#1437 = ORIENTED_EDGE('',*,*,#1320,.F.);
#1438 = PLANE('',#1439);
#1439 = AXIS2_PLACEMENT_3D('',#1440,#1441,#1442);
#1440 = CARTESIAN_POINT('',(-2.54,-2.6,13.8));
#1441 = DIRECTION('',(0.,0.973616310568,-0.228191322789));
#1442 = DIRECTION('',(0.,-0.228191322789,-0.973616310568));
#1443 = ADVANCED_FACE('',(#1444,#1462,#1473),#1484,.F.);
#1444 = FACE_BOUND('',#1445,.F.);
#1445 = EDGE_LOOP('',(#1446,#1447,#1455,#1461));
#1446 = ORIENTED_EDGE('',*,*,#1402,.F.);
#1447 = ORIENTED_EDGE('',*,*,#1448,.T.);
#1448 = EDGE_CURVE('',#1395,#1449,#1451,.T.);
#1449 = VERTEX_POINT('',#1450);
#1450 = CARTESIAN_POINT('',(7.62,2.2,13.8));
#1451 = LINE('',#1452,#1453);
#1452 = CARTESIAN_POINT('',(-2.54,2.2,13.8));
#1453 = VECTOR('',#1454,1.);
#1454 = DIRECTION('',(1.,0.,0.));
#1455 = ORIENTED_EDGE('',*,*,#1456,.T.);
#1456 = EDGE_CURVE('',#1449,#1417,#1457,.T.);
#1457 = LINE('',#1458,#1459);
#1458 = CARTESIAN_POINT('',(7.62,5.2,13.8));
#1459 = VECTOR('',#1460,1.);
#1460 = DIRECTION('',(0.,-1.,0.));
#1461 = ORIENTED_EDGE('',*,*,#1416,.F.);
#1462 = FACE_BOUND('',#1463,.F.);
#1463 = EDGE_LOOP('',(#1464));
#1464 = ORIENTED_EDGE('',*,*,#1465,.T.);
#1465 = EDGE_CURVE('',#1466,#1466,#1468,.T.);
#1466 = VERTEX_POINT('',#1467);
#1467 = CARTESIAN_POINT('',(2.,-0.2,13.8));
#1468 = CIRCLE('',#1469,2.);
#1469 = AXIS2_PLACEMENT_3D('',#1470,#1471,#1472);
#1470 = CARTESIAN_POINT('',(0.,-0.2,13.8));
#1471 = DIRECTION('',(0.,0.,1.));
#1472 = DIRECTION('',(1.,0.,-0.));
#1473 = FACE_BOUND('',#1474,.F.);
#1474 = EDGE_LOOP('',(#1475));
#1475 = ORIENTED_EDGE('',*,*,#1476,.T.);
#1476 = EDGE_CURVE('',#1477,#1477,#1479,.T.);
#1477 = VERTEX_POINT('',#1478);
#1478 = CARTESIAN_POINT('',(7.08,-0.2,13.8));
#1479 = CIRCLE('',#1480,2.);
#1480 = AXIS2_PLACEMENT_3D('',#1481,#1482,#1483);
#1481 = CARTESIAN_POINT('',(5.08,-0.2,13.8));
#1482 = DIRECTION('',(0.,0.,1.));
#1483 = DIRECTION('',(1.,0.,-0.));
#1484 = PLANE('',#1485);
#1485 = AXIS2_PLACEMENT_3D('',#1486,#1487,#1488);
#1486 = CARTESIAN_POINT('',(-2.54,5.2,13.8));
#1487 = DIRECTION('',(0.,0.,-1.));
#1488 = DIRECTION('',(0.,-1.,0.));
#1489 = ADVANCED_FACE('',(#1490),#1508,.T.);
#1490 = FACE_BOUND('',#1491,.T.);
#1491 = EDGE_LOOP('',(#1492,#1493,#1501,#1507));
#1492 = ORIENTED_EDGE('',*,*,#1448,.T.);
#1493 = ORIENTED_EDGE('',*,*,#1494,.T.);
#1494 = EDGE_CURVE('',#1449,#1495,#1497,.T.);
#1495 = VERTEX_POINT('',#1496);
#1496 = CARTESIAN_POINT('',(7.62,5.2,4.57));
#1497 = LINE('',#1498,#1499);
#1498 = CARTESIAN_POINT('',(7.62,2.2,13.8));
#1499 = VECTOR('',#1500,1.);
#1500 = DIRECTION('',(0.,0.309109370483,-0.951026496518));
#1501 = ORIENTED_EDGE('',*,*,#1502,.F.);
#1502 = EDGE_CURVE('',#1387,#1495,#1503,.T.);
#1503 = LINE('',#1504,#1505);
#1504 = CARTESIAN_POINT('',(-2.54,5.2,4.57));
#1505 = VECTOR('',#1506,1.);
#1506 = DIRECTION('',(1.,0.,0.));
#1507 = ORIENTED_EDGE('',*,*,#1394,.F.);
#1508 = PLANE('',#1509);
#1509 = AXIS2_PLACEMENT_3D('',#1510,#1511,#1512);
#1510 = CARTESIAN_POINT('',(-2.54,2.2,13.8));
#1511 = DIRECTION('',(0.,0.951026496518,0.309109370483));
#1512 = DIRECTION('',(0.,0.309109370483,-0.951026496518));
#1513 = ADVANCED_FACE('',(#1514),#1532,.F.);
#1514 = FACE_BOUND('',#1515,.F.);
#1515 = EDGE_LOOP('',(#1516,#1517,#1525,#1531));
#1516 = ORIENTED_EDGE('',*,*,#1386,.F.);
#1517 = ORIENTED_EDGE('',*,*,#1518,.T.);
#1518 = EDGE_CURVE('',#1379,#1519,#1521,.T.);
#1519 = VERTEX_POINT('',#1520);
#1520 = CARTESIAN_POINT('',(7.62,5.2,0.));
#1521 = LINE('',#1522,#1523);
#1522 = CARTESIAN_POINT('',(-2.54,5.2,0.));
#1523 = VECTOR('',#1524,1.);
#1524 = DIRECTION('',(1.,0.,0.));
#1525 = ORIENTED_EDGE('',*,*,#1526,.T.);
#1526 = EDGE_CURVE('',#1519,#1495,#1527,.T.);
#1527 = LINE('',#1528,#1529);
#1528 = CARTESIAN_POINT('',(7.62,5.2,0.));
#1529 = VECTOR('',#1530,1.);
#1530 = DIRECTION('',(0.,0.,1.));
#1531 = ORIENTED_EDGE('',*,*,#1502,.F.);
#1532 = PLANE('',#1533);
#1533 = AXIS2_PLACEMENT_3D('',#1534,#1535,#1536);
#1534 = CARTESIAN_POINT('',(-2.54,5.2,0.));
#1535 = DIRECTION('',(0.,-1.,0.));
#1536 = DIRECTION('',(0.,0.,1.));
#1537 = ADVANCED_FACE('',(#1538,#1611,#1645),#1679,.T.);
#1538 = FACE_BOUND('',#1539,.T.);
#1539 = EDGE_LOOP('',(#1540,#1541,#1549,#1557,#1563,#1564,#1565,#1573,
    #1581,#1589,#1597,#1605));
#1540 = ORIENTED_EDGE('',*,*,#1346,.T.);
#1541 = ORIENTED_EDGE('',*,*,#1542,.F.);
#1542 = EDGE_CURVE('',#1543,#1347,#1545,.T.);
#1543 = VERTEX_POINT('',#1544);
#1544 = CARTESIAN_POINT('',(-3.28,-4.06,0.));
#1545 = LINE('',#1546,#1547);
#1546 = CARTESIAN_POINT('',(-3.28,-4.06,0.));
#1547 = VECTOR('',#1548,1.);
#1548 = DIRECTION('',(0.954938084056,0.296805080179,0.));
#1549 = ORIENTED_EDGE('',*,*,#1550,.F.);
#1550 = EDGE_CURVE('',#1551,#1543,#1553,.T.);
#1551 = VERTEX_POINT('',#1552);
#1552 = CARTESIAN_POINT('',(-3.28,-3.14,0.));
#1553 = LINE('',#1554,#1555);
#1554 = CARTESIAN_POINT('',(-3.28,-3.14,0.));
#1555 = VECTOR('',#1556,1.);
#1556 = DIRECTION('',(0.,-1.,0.));
#1557 = ORIENTED_EDGE('',*,*,#1558,.F.);
#1558 = EDGE_CURVE('',#1371,#1551,#1559,.T.);
#1559 = LINE('',#1560,#1561);
#1560 = CARTESIAN_POINT('',(-2.54,-3.37,0.));
#1561 = VECTOR('',#1562,1.);
#1562 = DIRECTION('',(-0.954938084056,0.296805080179,0.));
#1563 = ORIENTED_EDGE('',*,*,#1378,.T.);
#1564 = ORIENTED_EDGE('',*,*,#1518,.T.);
#1565 = ORIENTED_EDGE('',*,*,#1566,.F.);
#1566 = EDGE_CURVE('',#1567,#1519,#1569,.T.);
#1567 = VERTEX_POINT('',#1568);
#1568 = CARTESIAN_POINT('',(7.62,-3.37,0.));
#1569 = LINE('',#1570,#1571);
#1570 = CARTESIAN_POINT('',(7.62,-4.6,0.));
#1571 = VECTOR('',#1572,1.);
#1572 = DIRECTION('',(0.,1.,0.));
#1573 = ORIENTED_EDGE('',*,*,#1574,.T.);
#1574 = EDGE_CURVE('',#1567,#1575,#1577,.T.);
#1575 = VERTEX_POINT('',#1576);
#1576 = CARTESIAN_POINT('',(6.88,-3.14,0.));
#1577 = LINE('',#1578,#1579);
#1578 = CARTESIAN_POINT('',(7.62,-3.37,0.));
#1579 = VECTOR('',#1580,1.);
#1580 = DIRECTION('',(-0.954938084056,0.296805080179,0.));
#1581 = ORIENTED_EDGE('',*,*,#1582,.T.);
#1582 = EDGE_CURVE('',#1575,#1583,#1585,.T.);
#1583 = VERTEX_POINT('',#1584);
#1584 = CARTESIAN_POINT('',(6.88,-4.06,0.));
#1585 = LINE('',#1586,#1587);
#1586 = CARTESIAN_POINT('',(6.88,-3.14,0.));
#1587 = VECTOR('',#1588,1.);
#1588 = DIRECTION('',(0.,-1.,0.));
#1589 = ORIENTED_EDGE('',*,*,#1590,.T.);
#1590 = EDGE_CURVE('',#1583,#1591,#1593,.T.);
#1591 = VERTEX_POINT('',#1592);
#1592 = CARTESIAN_POINT('',(7.62,-3.83,0.));
#1593 = LINE('',#1594,#1595);
#1594 = CARTESIAN_POINT('',(6.88,-4.06,0.));
#1595 = VECTOR('',#1596,1.);
#1596 = DIRECTION('',(0.954938084056,0.296805080179,0.));
#1597 = ORIENTED_EDGE('',*,*,#1598,.F.);
#1598 = EDGE_CURVE('',#1599,#1591,#1601,.T.);
#1599 = VERTEX_POINT('',#1600);
#1600 = CARTESIAN_POINT('',(7.62,-4.6,0.));
#1601 = LINE('',#1602,#1603);
#1602 = CARTESIAN_POINT('',(7.62,-4.6,0.));
#1603 = VECTOR('',#1604,1.);
#1604 = DIRECTION('',(0.,1.,0.));
#1605 = ORIENTED_EDGE('',*,*,#1606,.F.);
#1606 = EDGE_CURVE('',#1339,#1599,#1607,.T.);
#1607 = LINE('',#1608,#1609);
#1608 = CARTESIAN_POINT('',(-2.54,-4.6,0.));
#1609 = VECTOR('',#1610,1.);
#1610 = DIRECTION('',(1.,0.,0.));
#1611 = FACE_BOUND('',#1612,.T.);
#1612 = EDGE_LOOP('',(#1613,#1623,#1631,#1639));
#1613 = ORIENTED_EDGE('',*,*,#1614,.F.);
#1614 = EDGE_CURVE('',#1615,#1617,#1619,.T.);
#1615 = VERTEX_POINT('',#1616);
#1616 = CARTESIAN_POINT('',(0.45,-0.5,0.));
#1617 = VERTEX_POINT('',#1618);
#1618 = CARTESIAN_POINT('',(-0.45,-0.5,0.));
#1619 = LINE('',#1620,#1621);
#1620 = CARTESIAN_POINT('',(1.016455404463,-0.5,0.));
#1621 = VECTOR('',#1622,1.);
#1622 = DIRECTION('',(-1.,0.,0.));
#1623 = ORIENTED_EDGE('',*,*,#1624,.F.);
#1624 = EDGE_CURVE('',#1625,#1615,#1627,.T.);
#1625 = VERTEX_POINT('',#1626);
#1626 = CARTESIAN_POINT('',(0.45,0.5,0.));
#1627 = LINE('',#1628,#1629);
#1628 = CARTESIAN_POINT('',(0.45,-0.278389360104,0.));
#1629 = VECTOR('',#1630,1.);
#1630 = DIRECTION('',(0.,-1.,0.));
#1631 = ORIENTED_EDGE('',*,*,#1632,.F.);
#1632 = EDGE_CURVE('',#1633,#1625,#1635,.T.);
#1633 = VERTEX_POINT('',#1634);
#1634 = CARTESIAN_POINT('',(-0.45,0.5,0.));
#1635 = LINE('',#1636,#1637);
#1636 = CARTESIAN_POINT('',(1.466455404463,0.5,0.));
#1637 = VECTOR('',#1638,1.);
#1638 = DIRECTION('',(1.,0.,0.));
#1639 = ORIENTED_EDGE('',*,*,#1640,.F.);
#1640 = EDGE_CURVE('',#1617,#1633,#1641,.T.);
#1641 = LINE('',#1642,#1643);
#1642 = CARTESIAN_POINT('',(-0.45,0.221610639896,0.));
#1643 = VECTOR('',#1644,1.);
#1644 = DIRECTION('',(0.,1.,0.));
#1645 = FACE_BOUND('',#1646,.T.);
#1646 = EDGE_LOOP('',(#1647,#1657,#1665,#1673));
#1647 = ORIENTED_EDGE('',*,*,#1648,.F.);
#1648 = EDGE_CURVE('',#1649,#1651,#1653,.T.);
#1649 = VERTEX_POINT('',#1650);
#1650 = CARTESIAN_POINT('',(5.53,-0.5,0.));
#1651 = VERTEX_POINT('',#1652);
#1652 = CARTESIAN_POINT('',(4.63,-0.5,0.));
#1653 = LINE('',#1654,#1655);
#1654 = CARTESIAN_POINT('',(3.556455404463,-0.5,0.));
#1655 = VECTOR('',#1656,1.);
#1656 = DIRECTION('',(-1.,0.,0.));
#1657 = ORIENTED_EDGE('',*,*,#1658,.F.);
#1658 = EDGE_CURVE('',#1659,#1649,#1661,.T.);
#1659 = VERTEX_POINT('',#1660);
#1660 = CARTESIAN_POINT('',(5.53,0.5,0.));
#1661 = LINE('',#1662,#1663);
#1662 = CARTESIAN_POINT('',(5.53,-0.278389360104,0.));
#1663 = VECTOR('',#1664,1.);
#1664 = DIRECTION('',(0.,-1.,0.));
#1665 = ORIENTED_EDGE('',*,*,#1666,.F.);
#1666 = EDGE_CURVE('',#1667,#1659,#1669,.T.);
#1667 = VERTEX_POINT('',#1668);
#1668 = CARTESIAN_POINT('',(4.63,0.5,0.));
#1669 = LINE('',#1670,#1671);
#1670 = CARTESIAN_POINT('',(4.006455404463,0.5,0.));
#1671 = VECTOR('',#1672,1.);
#1672 = DIRECTION('',(1.,0.,0.));
#1673 = ORIENTED_EDGE('',*,*,#1674,.F.);
#1674 = EDGE_CURVE('',#1651,#1667,#1675,.T.);
#1675 = LINE('',#1676,#1677);
#1676 = CARTESIAN_POINT('',(4.63,0.221610639896,0.));
#1677 = VECTOR('',#1678,1.);
#1678 = DIRECTION('',(0.,1.,0.));
#1679 = PLANE('',#1680);
#1680 = AXIS2_PLACEMENT_3D('',#1681,#1682,#1683);
#1681 = CARTESIAN_POINT('',(2.482910808926,-5.677872020754E-02,0.));
#1682 = DIRECTION('',(-0.,-0.,-1.));
#1683 = DIRECTION('',(-1.,0.,0.));
#1684 = ADVANCED_FACE('',(#1685),#1703,.F.);
#1685 = FACE_BOUND('',#1686,.F.);
#1686 = EDGE_LOOP('',(#1687,#1688,#1696,#1702));
#1687 = ORIENTED_EDGE('',*,*,#1370,.T.);
#1688 = ORIENTED_EDGE('',*,*,#1689,.T.);
#1689 = EDGE_CURVE('',#1363,#1690,#1692,.T.);
#1690 = VERTEX_POINT('',#1691);
#1691 = CARTESIAN_POINT('',(-3.28,-3.14,7.));
#1692 = LINE('',#1693,#1694);
#1693 = CARTESIAN_POINT('',(-2.54,-3.37,7.));
#1694 = VECTOR('',#1695,1.);
#1695 = DIRECTION('',(-0.954938084056,0.296805080179,0.));
#1696 = ORIENTED_EDGE('',*,*,#1697,.F.);
#1697 = EDGE_CURVE('',#1551,#1690,#1698,.T.);
#1698 = LINE('',#1699,#1700);
#1699 = CARTESIAN_POINT('',(-3.28,-3.14,0.));
#1700 = VECTOR('',#1701,1.);
#1701 = DIRECTION('',(0.,0.,1.));
#1702 = ORIENTED_EDGE('',*,*,#1558,.F.);
#1703 = PLANE('',#1704);
#1704 = AXIS2_PLACEMENT_3D('',#1705,#1706,#1707);
#1705 = CARTESIAN_POINT('',(-2.54,-3.37,0.));
#1706 = DIRECTION('',(-0.296805080179,-0.954938084056,0.));
#1707 = DIRECTION('',(-0.954938084056,0.296805080179,0.));
#1708 = ADVANCED_FACE('',(#1709),#1727,.T.);
#1709 = FACE_BOUND('',#1710,.T.);
#1710 = EDGE_LOOP('',(#1711,#1712,#1720,#1726));
#1711 = ORIENTED_EDGE('',*,*,#1689,.T.);
#1712 = ORIENTED_EDGE('',*,*,#1713,.T.);
#1713 = EDGE_CURVE('',#1690,#1714,#1716,.T.);
#1714 = VERTEX_POINT('',#1715);
#1715 = CARTESIAN_POINT('',(-3.28,-4.06,7.));
#1716 = LINE('',#1717,#1718);
#1717 = CARTESIAN_POINT('',(-3.28,-3.14,7.));
#1718 = VECTOR('',#1719,1.);
#1719 = DIRECTION('',(0.,-1.,0.));
#1720 = ORIENTED_EDGE('',*,*,#1721,.T.);
#1721 = EDGE_CURVE('',#1714,#1355,#1722,.T.);
#1722 = LINE('',#1723,#1724);
#1723 = CARTESIAN_POINT('',(-3.28,-4.06,7.));
#1724 = VECTOR('',#1725,1.);
#1725 = DIRECTION('',(0.954938084056,0.296805080179,0.));
#1726 = ORIENTED_EDGE('',*,*,#1362,.T.);
#1727 = PLANE('',#1728);
#1728 = AXIS2_PLACEMENT_3D('',#1729,#1730,#1731);
#1729 = CARTESIAN_POINT('',(-2.968091935206,-3.6,7.));
#1730 = DIRECTION('',(0.,0.,1.));
#1731 = DIRECTION('',(1.,0.,-0.));
#1732 = ADVANCED_FACE('',(#1733),#1744,.F.);
#1733 = FACE_BOUND('',#1734,.F.);
#1734 = EDGE_LOOP('',(#1735,#1741,#1742,#1743));
#1735 = ORIENTED_EDGE('',*,*,#1736,.T.);
#1736 = EDGE_CURVE('',#1543,#1714,#1737,.T.);
#1737 = LINE('',#1738,#1739);
#1738 = CARTESIAN_POINT('',(-3.28,-4.06,0.));
#1739 = VECTOR('',#1740,1.);
#1740 = DIRECTION('',(0.,0.,1.));
#1741 = ORIENTED_EDGE('',*,*,#1721,.T.);
#1742 = ORIENTED_EDGE('',*,*,#1354,.F.);
#1743 = ORIENTED_EDGE('',*,*,#1542,.F.);
#1744 = PLANE('',#1745);
#1745 = AXIS2_PLACEMENT_3D('',#1746,#1747,#1748);
#1746 = CARTESIAN_POINT('',(-3.28,-4.06,0.));
#1747 = DIRECTION('',(-0.296805080179,0.954938084056,0.));
#1748 = DIRECTION('',(0.954938084056,0.296805080179,0.));
#1749 = ADVANCED_FACE('',(#1750,#1768,#1802),#1836,.F.);
#1750 = FACE_BOUND('',#1751,.F.);
#1751 = EDGE_LOOP('',(#1752,#1753,#1761,#1767));
#1752 = ORIENTED_EDGE('',*,*,#1338,.F.);
#1753 = ORIENTED_EDGE('',*,*,#1754,.T.);
#1754 = EDGE_CURVE('',#1331,#1755,#1757,.T.);
#1755 = VERTEX_POINT('',#1756);
#1756 = CARTESIAN_POINT('',(7.62,-4.6,7.4));
#1757 = LINE('',#1758,#1759);
#1758 = CARTESIAN_POINT('',(-2.54,-4.6,7.4));
#1759 = VECTOR('',#1760,1.);
#1760 = DIRECTION('',(1.,0.,0.));
#1761 = ORIENTED_EDGE('',*,*,#1762,.T.);
#1762 = EDGE_CURVE('',#1755,#1599,#1763,.T.);
#1763 = LINE('',#1764,#1765);
#1764 = CARTESIAN_POINT('',(7.62,-4.6,13.8));
#1765 = VECTOR('',#1766,1.);
#1766 = DIRECTION('',(0.,0.,-1.));
#1767 = ORIENTED_EDGE('',*,*,#1606,.F.);
#1768 = FACE_BOUND('',#1769,.F.);
#1769 = EDGE_LOOP('',(#1770,#1780,#1788,#1796));
#1770 = ORIENTED_EDGE('',*,*,#1771,.F.);
#1771 = EDGE_CURVE('',#1772,#1774,#1776,.T.);
#1772 = VERTEX_POINT('',#1773);
#1773 = CARTESIAN_POINT('',(6.88,-4.6,1.6));
#1774 = VERTEX_POINT('',#1775);
#1775 = CARTESIAN_POINT('',(3.28,-4.6,1.6));
#1776 = LINE('',#1777,#1778);
#1777 = CARTESIAN_POINT('',(6.88,-4.6,1.6));
#1778 = VECTOR('',#1779,1.);
#1779 = DIRECTION('',(-1.,0.,-1.233581138472E-16));
#1780 = ORIENTED_EDGE('',*,*,#1781,.F.);
#1781 = EDGE_CURVE('',#1782,#1772,#1784,.T.);
#1782 = VERTEX_POINT('',#1783);
#1783 = CARTESIAN_POINT('',(6.88,-4.6,6.8));
#1784 = LINE('',#1785,#1786);
#1785 = CARTESIAN_POINT('',(6.88,-4.6,6.8));
#1786 = VECTOR('',#1787,1.);
#1787 = DIRECTION('',(0.,0.,-1.));
#1788 = ORIENTED_EDGE('',*,*,#1789,.F.);
#1789 = EDGE_CURVE('',#1790,#1782,#1792,.T.);
#1790 = VERTEX_POINT('',#1791);
#1791 = CARTESIAN_POINT('',(3.28,-4.6,6.8));
#1792 = LINE('',#1793,#1794);
#1793 = CARTESIAN_POINT('',(3.28,-4.6,6.8));
#1794 = VECTOR('',#1795,1.);
#1795 = DIRECTION('',(1.,0.,2.467162276945E-16));
#1796 = ORIENTED_EDGE('',*,*,#1797,.F.);
#1797 = EDGE_CURVE('',#1774,#1790,#1798,.T.);
#1798 = LINE('',#1799,#1800);
#1799 = CARTESIAN_POINT('',(3.28,-4.6,1.6));
#1800 = VECTOR('',#1801,1.);
#1801 = DIRECTION('',(0.,0.,1.));
#1802 = FACE_BOUND('',#1803,.F.);
#1803 = EDGE_LOOP('',(#1804,#1814,#1822,#1830));
#1804 = ORIENTED_EDGE('',*,*,#1805,.F.);
#1805 = EDGE_CURVE('',#1806,#1808,#1810,.T.);
#1806 = VERTEX_POINT('',#1807);
#1807 = CARTESIAN_POINT('',(1.8,-4.6,1.6));
#1808 = VERTEX_POINT('',#1809);
#1809 = CARTESIAN_POINT('',(-1.8,-4.6,1.6));
#1810 = LINE('',#1811,#1812);
#1811 = CARTESIAN_POINT('',(1.8,-4.6,1.6));
#1812 = VECTOR('',#1813,1.);
#1813 = DIRECTION('',(-1.,0.,-1.233581138472E-16));
#1814 = ORIENTED_EDGE('',*,*,#1815,.F.);
#1815 = EDGE_CURVE('',#1816,#1806,#1818,.T.);
#1816 = VERTEX_POINT('',#1817);
#1817 = CARTESIAN_POINT('',(1.8,-4.6,6.8));
#1818 = LINE('',#1819,#1820);
#1819 = CARTESIAN_POINT('',(1.8,-4.6,6.8));
#1820 = VECTOR('',#1821,1.);
#1821 = DIRECTION('',(0.,0.,-1.));
#1822 = ORIENTED_EDGE('',*,*,#1823,.F.);
#1823 = EDGE_CURVE('',#1824,#1816,#1826,.T.);
#1824 = VERTEX_POINT('',#1825);
#1825 = CARTESIAN_POINT('',(-1.8,-4.6,6.8));
#1826 = LINE('',#1827,#1828);
#1827 = CARTESIAN_POINT('',(-1.8,-4.6,6.8));
#1828 = VECTOR('',#1829,1.);
#1829 = DIRECTION('',(1.,0.,2.467162276945E-16));
#1830 = ORIENTED_EDGE('',*,*,#1831,.F.);
#1831 = EDGE_CURVE('',#1808,#1824,#1832,.T.);
#1832 = LINE('',#1833,#1834);
#1833 = CARTESIAN_POINT('',(-1.8,-4.6,1.6));
#1834 = VECTOR('',#1835,1.);
#1835 = DIRECTION('',(0.,0.,1.));
#1836 = PLANE('',#1837);
#1837 = AXIS2_PLACEMENT_3D('',#1838,#1839,#1840);
#1838 = CARTESIAN_POINT('',(-2.54,-4.6,13.8));
#1839 = DIRECTION('',(0.,1.,0.));
#1840 = DIRECTION('',(0.,0.,-1.));
#1841 = ADVANCED_FACE('',(#1842),#1853,.F.);
#1842 = FACE_BOUND('',#1843,.F.);
#1843 = EDGE_LOOP('',(#1844,#1845,#1851,#1852));
#1844 = ORIENTED_EDGE('',*,*,#1432,.T.);
#1845 = ORIENTED_EDGE('',*,*,#1846,.T.);
#1846 = EDGE_CURVE('',#1425,#1755,#1847,.T.);
#1847 = LINE('',#1848,#1849);
#1848 = CARTESIAN_POINT('',(7.62,-4.1,7.4));
#1849 = VECTOR('',#1850,1.);
#1850 = DIRECTION('',(0.,-1.,0.));
#1851 = ORIENTED_EDGE('',*,*,#1754,.F.);
#1852 = ORIENTED_EDGE('',*,*,#1330,.F.);
#1853 = PLANE('',#1854);
#1854 = AXIS2_PLACEMENT_3D('',#1855,#1856,#1857);
#1855 = CARTESIAN_POINT('',(-2.54,-4.1,7.4));
#1856 = DIRECTION('',(0.,0.,-1.));
#1857 = DIRECTION('',(0.,-1.,0.));
#1858 = ADVANCED_FACE('',(#1859),#1891,.T.);
#1859 = FACE_BOUND('',#1860,.T.);
#1860 = EDGE_LOOP('',(#1861,#1862,#1863,#1864,#1865,#1873,#1881,#1887,
    #1888,#1889,#1890));
#1861 = ORIENTED_EDGE('',*,*,#1424,.T.);
#1862 = ORIENTED_EDGE('',*,*,#1846,.T.);
#1863 = ORIENTED_EDGE('',*,*,#1762,.T.);
#1864 = ORIENTED_EDGE('',*,*,#1598,.T.);
#1865 = ORIENTED_EDGE('',*,*,#1866,.T.);
#1866 = EDGE_CURVE('',#1591,#1867,#1869,.T.);
#1867 = VERTEX_POINT('',#1868);
#1868 = CARTESIAN_POINT('',(7.62,-3.83,7.));
#1869 = LINE('',#1870,#1871);
#1870 = CARTESIAN_POINT('',(7.62,-3.83,0.));
#1871 = VECTOR('',#1872,1.);
#1872 = DIRECTION('',(0.,0.,1.));
#1873 = ORIENTED_EDGE('',*,*,#1874,.T.);
#1874 = EDGE_CURVE('',#1867,#1875,#1877,.T.);
#1875 = VERTEX_POINT('',#1876);
#1876 = CARTESIAN_POINT('',(7.62,-3.37,7.));
#1877 = LINE('',#1878,#1879);
#1878 = CARTESIAN_POINT('',(7.62,-3.83,7.));
#1879 = VECTOR('',#1880,1.);
#1880 = DIRECTION('',(-3.861645303044E-15,1.,0.));
#1881 = ORIENTED_EDGE('',*,*,#1882,.F.);
#1882 = EDGE_CURVE('',#1567,#1875,#1883,.T.);
#1883 = LINE('',#1884,#1885);
#1884 = CARTESIAN_POINT('',(7.62,-3.37,0.));
#1885 = VECTOR('',#1886,1.);
#1886 = DIRECTION('',(0.,0.,1.));
#1887 = ORIENTED_EDGE('',*,*,#1566,.T.);
#1888 = ORIENTED_EDGE('',*,*,#1526,.T.);
#1889 = ORIENTED_EDGE('',*,*,#1494,.F.);
#1890 = ORIENTED_EDGE('',*,*,#1456,.T.);
#1891 = PLANE('',#1892);
#1892 = AXIS2_PLACEMENT_3D('',#1893,#1894,#1895);
#1893 = CARTESIAN_POINT('',(7.62,0.3,6.9));
#1894 = DIRECTION('',(1.,0.,0.));
#1895 = DIRECTION('',(0.,0.,1.));
#1896 = ADVANCED_FACE('',(#1897),#2002,.F.);
#1897 = FACE_BOUND('',#1898,.F.);
#1898 = EDGE_LOOP('',(#1899,#1907,#1908,#1909,#1918,#1926,#1935,#1943,
    #1952,#1960,#1969,#1978,#1987,#1995));
#1899 = ORIENTED_EDGE('',*,*,#1900,.F.);
#1900 = EDGE_CURVE('',#1466,#1901,#1903,.T.);
#1901 = VERTEX_POINT('',#1902);
#1902 = CARTESIAN_POINT('',(2.,-0.2,2.4));
#1903 = LINE('',#1904,#1905);
#1904 = CARTESIAN_POINT('',(2.,-0.2,13.8));
#1905 = VECTOR('',#1906,1.);
#1906 = DIRECTION('',(-0.,-0.,-1.));
#1907 = ORIENTED_EDGE('',*,*,#1465,.F.);
#1908 = ORIENTED_EDGE('',*,*,#1900,.T.);
#1909 = ORIENTED_EDGE('',*,*,#1910,.T.);
#1910 = EDGE_CURVE('',#1901,#1911,#1913,.T.);
#1911 = VERTEX_POINT('',#1912);
#1912 = CARTESIAN_POINT('',(1.4,1.228285685709,2.4));
#1913 = CIRCLE('',#1914,2.);
#1914 = AXIS2_PLACEMENT_3D('',#1915,#1916,#1917);
#1915 = CARTESIAN_POINT('',(0.,-0.2,2.4));
#1916 = DIRECTION('',(0.,0.,1.));
#1917 = DIRECTION('',(1.,0.,-0.));
#1918 = ORIENTED_EDGE('',*,*,#1919,.T.);
#1919 = EDGE_CURVE('',#1911,#1920,#1922,.T.);
#1920 = VERTEX_POINT('',#1921);
#1921 = CARTESIAN_POINT('',(1.4,1.228285685709,5.1));
#1922 = LINE('',#1923,#1924);
#1923 = CARTESIAN_POINT('',(1.4,1.228285685709,13.8));
#1924 = VECTOR('',#1925,1.);
#1925 = DIRECTION('',(0.,0.,1.));
#1926 = ORIENTED_EDGE('',*,*,#1927,.T.);
#1927 = EDGE_CURVE('',#1920,#1928,#1930,.T.);
#1928 = VERTEX_POINT('',#1929);
#1929 = CARTESIAN_POINT('',(-1.4,1.228285685709,5.1));
#1930 = CIRCLE('',#1931,2.);
#1931 = AXIS2_PLACEMENT_3D('',#1932,#1933,#1934);
#1932 = CARTESIAN_POINT('',(0.,-0.2,5.1));
#1933 = DIRECTION('',(0.,0.,1.));
#1934 = DIRECTION('',(1.,0.,-0.));
#1935 = ORIENTED_EDGE('',*,*,#1936,.F.);
#1936 = EDGE_CURVE('',#1937,#1928,#1939,.T.);
#1937 = VERTEX_POINT('',#1938);
#1938 = CARTESIAN_POINT('',(-1.4,1.228285685709,2.4));
#1939 = LINE('',#1940,#1941);
#1940 = CARTESIAN_POINT('',(-1.4,1.228285685709,13.8));
#1941 = VECTOR('',#1942,1.);
#1942 = DIRECTION('',(0.,0.,1.));
#1943 = ORIENTED_EDGE('',*,*,#1944,.T.);
#1944 = EDGE_CURVE('',#1937,#1945,#1947,.T.);
#1945 = VERTEX_POINT('',#1946);
#1946 = CARTESIAN_POINT('',(-1.4,-1.628285685709,2.4));
#1947 = CIRCLE('',#1948,2.);
#1948 = AXIS2_PLACEMENT_3D('',#1949,#1950,#1951);
#1949 = CARTESIAN_POINT('',(0.,-0.2,2.4));
#1950 = DIRECTION('',(0.,0.,1.));
#1951 = DIRECTION('',(1.,0.,-0.));
#1952 = ORIENTED_EDGE('',*,*,#1953,.T.);
#1953 = EDGE_CURVE('',#1945,#1954,#1956,.T.);
#1954 = VERTEX_POINT('',#1955);
#1955 = CARTESIAN_POINT('',(-1.4,-1.628285685709,5.1));
#1956 = LINE('',#1957,#1958);
#1957 = CARTESIAN_POINT('',(-1.4,-1.628285685709,13.8));
#1958 = VECTOR('',#1959,1.);
#1959 = DIRECTION('',(0.,0.,1.));
#1960 = ORIENTED_EDGE('',*,*,#1961,.T.);
#1961 = EDGE_CURVE('',#1954,#1962,#1964,.T.);
#1962 = VERTEX_POINT('',#1963);
#1963 = CARTESIAN_POINT('',(-0.871779788708,-2.,5.1));
#1964 = CIRCLE('',#1965,2.);
#1965 = AXIS2_PLACEMENT_3D('',#1966,#1967,#1968);
#1966 = CARTESIAN_POINT('',(0.,-0.2,5.1));
#1967 = DIRECTION('',(0.,0.,1.));
#1968 = DIRECTION('',(1.,0.,-0.));
#1969 = ORIENTED_EDGE('',*,*,#1970,.T.);
#1970 = EDGE_CURVE('',#1962,#1971,#1973,.T.);
#1971 = VERTEX_POINT('',#1972);
#1972 = CARTESIAN_POINT('',(0.871779788708,-2.,5.1));
#1973 = CIRCLE('',#1974,2.);
#1974 = AXIS2_PLACEMENT_3D('',#1975,#1976,#1977);
#1975 = CARTESIAN_POINT('',(0.,-0.2,5.1));
#1976 = DIRECTION('',(0.,0.,1.));
#1977 = DIRECTION('',(1.,0.,-0.));
#1978 = ORIENTED_EDGE('',*,*,#1979,.T.);
#1979 = EDGE_CURVE('',#1971,#1980,#1982,.T.);
#1980 = VERTEX_POINT('',#1981);
#1981 = CARTESIAN_POINT('',(1.4,-1.628285685709,5.1));
#1982 = CIRCLE('',#1983,2.);
#1983 = AXIS2_PLACEMENT_3D('',#1984,#1985,#1986);
#1984 = CARTESIAN_POINT('',(0.,-0.2,5.1));
#1985 = DIRECTION('',(0.,0.,1.));
#1986 = DIRECTION('',(1.,0.,-0.));
#1987 = ORIENTED_EDGE('',*,*,#1988,.F.);
#1988 = EDGE_CURVE('',#1989,#1980,#1991,.T.);
#1989 = VERTEX_POINT('',#1990);
#1990 = CARTESIAN_POINT('',(1.4,-1.628285685709,2.4));
#1991 = LINE('',#1992,#1993);
#1992 = CARTESIAN_POINT('',(1.4,-1.628285685709,13.8));
#1993 = VECTOR('',#1994,1.);
#1994 = DIRECTION('',(0.,0.,1.));
#1995 = ORIENTED_EDGE('',*,*,#1996,.T.);
#1996 = EDGE_CURVE('',#1989,#1901,#1997,.T.);
#1997 = CIRCLE('',#1998,2.);
#1998 = AXIS2_PLACEMENT_3D('',#1999,#2000,#2001);
#1999 = CARTESIAN_POINT('',(0.,-0.2,2.4));
#2000 = DIRECTION('',(0.,0.,1.));
#2001 = DIRECTION('',(1.,0.,-0.));
#2002 = CYLINDRICAL_SURFACE('',#2003,2.);
#2003 = AXIS2_PLACEMENT_3D('',#2004,#2005,#2006);
#2004 = CARTESIAN_POINT('',(0.,-0.2,13.8));
#2005 = DIRECTION('',(0.,0.,1.));
#2006 = DIRECTION('',(1.,0.,-0.));
#2007 = ADVANCED_FACE('',(#2008),#2113,.F.);
#2008 = FACE_BOUND('',#2009,.F.);
#2009 = EDGE_LOOP('',(#2010,#2018,#2019,#2020,#2029,#2037,#2046,#2054,
    #2063,#2071,#2080,#2089,#2098,#2106));
#2010 = ORIENTED_EDGE('',*,*,#2011,.F.);
#2011 = EDGE_CURVE('',#1477,#2012,#2014,.T.);
#2012 = VERTEX_POINT('',#2013);
#2013 = CARTESIAN_POINT('',(7.08,-0.2,2.4));
#2014 = LINE('',#2015,#2016);
#2015 = CARTESIAN_POINT('',(7.08,-0.2,13.8));
#2016 = VECTOR('',#2017,1.);
#2017 = DIRECTION('',(-0.,-0.,-1.));
#2018 = ORIENTED_EDGE('',*,*,#1476,.F.);
#2019 = ORIENTED_EDGE('',*,*,#2011,.T.);
#2020 = ORIENTED_EDGE('',*,*,#2021,.T.);
#2021 = EDGE_CURVE('',#2012,#2022,#2024,.T.);
#2022 = VERTEX_POINT('',#2023);
#2023 = CARTESIAN_POINT('',(6.48,1.228285685709,2.4));
#2024 = CIRCLE('',#2025,2.);
#2025 = AXIS2_PLACEMENT_3D('',#2026,#2027,#2028);
#2026 = CARTESIAN_POINT('',(5.08,-0.2,2.4));
#2027 = DIRECTION('',(0.,0.,1.));
#2028 = DIRECTION('',(1.,0.,-0.));
#2029 = ORIENTED_EDGE('',*,*,#2030,.T.);
#2030 = EDGE_CURVE('',#2022,#2031,#2033,.T.);
#2031 = VERTEX_POINT('',#2032);
#2032 = CARTESIAN_POINT('',(6.48,1.228285685709,5.1));
#2033 = LINE('',#2034,#2035);
#2034 = CARTESIAN_POINT('',(6.48,1.228285685709,13.8));
#2035 = VECTOR('',#2036,1.);
#2036 = DIRECTION('',(0.,0.,1.));
#2037 = ORIENTED_EDGE('',*,*,#2038,.T.);
#2038 = EDGE_CURVE('',#2031,#2039,#2041,.T.);
#2039 = VERTEX_POINT('',#2040);
#2040 = CARTESIAN_POINT('',(3.68,1.228285685708,5.1));
#2041 = CIRCLE('',#2042,2.);
#2042 = AXIS2_PLACEMENT_3D('',#2043,#2044,#2045);
#2043 = CARTESIAN_POINT('',(5.08,-0.2,5.1));
#2044 = DIRECTION('',(0.,0.,1.));
#2045 = DIRECTION('',(1.,0.,-0.));
#2046 = ORIENTED_EDGE('',*,*,#2047,.F.);
#2047 = EDGE_CURVE('',#2048,#2039,#2050,.T.);
#2048 = VERTEX_POINT('',#2049);
#2049 = CARTESIAN_POINT('',(3.68,1.228285685709,2.4));
#2050 = LINE('',#2051,#2052);
#2051 = CARTESIAN_POINT('',(3.68,1.228285685709,13.8));
#2052 = VECTOR('',#2053,1.);
#2053 = DIRECTION('',(0.,0.,1.));
#2054 = ORIENTED_EDGE('',*,*,#2055,.T.);
#2055 = EDGE_CURVE('',#2048,#2056,#2058,.T.);
#2056 = VERTEX_POINT('',#2057);
#2057 = CARTESIAN_POINT('',(3.68,-1.628285685709,2.4));
#2058 = CIRCLE('',#2059,2.);
#2059 = AXIS2_PLACEMENT_3D('',#2060,#2061,#2062);
#2060 = CARTESIAN_POINT('',(5.08,-0.2,2.4));
#2061 = DIRECTION('',(0.,0.,1.));
#2062 = DIRECTION('',(1.,0.,-0.));
#2063 = ORIENTED_EDGE('',*,*,#2064,.T.);
#2064 = EDGE_CURVE('',#2056,#2065,#2067,.T.);
#2065 = VERTEX_POINT('',#2066);
#2066 = CARTESIAN_POINT('',(3.68,-1.628285685708,5.1));
#2067 = LINE('',#2068,#2069);
#2068 = CARTESIAN_POINT('',(3.68,-1.628285685709,13.8));
#2069 = VECTOR('',#2070,1.);
#2070 = DIRECTION('',(0.,0.,1.));
#2071 = ORIENTED_EDGE('',*,*,#2072,.T.);
#2072 = EDGE_CURVE('',#2065,#2073,#2075,.T.);
#2073 = VERTEX_POINT('',#2074);
#2074 = CARTESIAN_POINT('',(4.208220211292,-2.,5.1));
#2075 = CIRCLE('',#2076,2.);
#2076 = AXIS2_PLACEMENT_3D('',#2077,#2078,#2079);
#2077 = CARTESIAN_POINT('',(5.08,-0.2,5.1));
#2078 = DIRECTION('',(0.,0.,1.));
#2079 = DIRECTION('',(1.,0.,-0.));
#2080 = ORIENTED_EDGE('',*,*,#2081,.T.);
#2081 = EDGE_CURVE('',#2073,#2082,#2084,.T.);
#2082 = VERTEX_POINT('',#2083);
#2083 = CARTESIAN_POINT('',(5.951779788708,-2.,5.1));
#2084 = CIRCLE('',#2085,2.);
#2085 = AXIS2_PLACEMENT_3D('',#2086,#2087,#2088);
#2086 = CARTESIAN_POINT('',(5.08,-0.2,5.1));
#2087 = DIRECTION('',(0.,0.,1.));
#2088 = DIRECTION('',(1.,0.,-0.));
#2089 = ORIENTED_EDGE('',*,*,#2090,.T.);
#2090 = EDGE_CURVE('',#2082,#2091,#2093,.T.);
#2091 = VERTEX_POINT('',#2092);
#2092 = CARTESIAN_POINT('',(6.48,-1.628285685709,5.1));
#2093 = CIRCLE('',#2094,2.);
#2094 = AXIS2_PLACEMENT_3D('',#2095,#2096,#2097);
#2095 = CARTESIAN_POINT('',(5.08,-0.2,5.1));
#2096 = DIRECTION('',(0.,0.,1.));
#2097 = DIRECTION('',(1.,0.,-0.));
#2098 = ORIENTED_EDGE('',*,*,#2099,.F.);
#2099 = EDGE_CURVE('',#2100,#2091,#2102,.T.);
#2100 = VERTEX_POINT('',#2101);
#2101 = CARTESIAN_POINT('',(6.48,-1.628285685709,2.4));
#2102 = LINE('',#2103,#2104);
#2103 = CARTESIAN_POINT('',(6.48,-1.628285685709,13.8));
#2104 = VECTOR('',#2105,1.);
#2105 = DIRECTION('',(0.,0.,1.));
#2106 = ORIENTED_EDGE('',*,*,#2107,.T.);
#2107 = EDGE_CURVE('',#2100,#2012,#2108,.T.);
#2108 = CIRCLE('',#2109,2.);
#2109 = AXIS2_PLACEMENT_3D('',#2110,#2111,#2112);
#2110 = CARTESIAN_POINT('',(5.08,-0.2,2.4));
#2111 = DIRECTION('',(0.,0.,1.));
#2112 = DIRECTION('',(1.,0.,-0.));
#2113 = CYLINDRICAL_SURFACE('',#2114,2.);
#2114 = AXIS2_PLACEMENT_3D('',#2115,#2116,#2117);
#2115 = CARTESIAN_POINT('',(5.08,-0.2,13.8));
#2116 = DIRECTION('',(0.,0.,1.));
#2117 = DIRECTION('',(1.,0.,-0.));
#2118 = ADVANCED_FACE('',(#2119),#2125,.F.);
#2119 = FACE_BOUND('',#2120,.F.);
#2120 = EDGE_LOOP('',(#2121,#2122,#2123,#2124));
#2121 = ORIENTED_EDGE('',*,*,#1697,.T.);
#2122 = ORIENTED_EDGE('',*,*,#1713,.T.);
#2123 = ORIENTED_EDGE('',*,*,#1736,.F.);
#2124 = ORIENTED_EDGE('',*,*,#1550,.F.);
#2125 = PLANE('',#2126);
#2126 = AXIS2_PLACEMENT_3D('',#2127,#2128,#2129);
#2127 = CARTESIAN_POINT('',(-3.28,-3.14,0.));
#2128 = DIRECTION('',(1.,0.,0.));
#2129 = DIRECTION('',(0.,-1.,0.));
#2130 = ADVANCED_FACE('',(#2131),#2149,.T.);
#2131 = FACE_BOUND('',#2132,.T.);
#2132 = EDGE_LOOP('',(#2133,#2141,#2147,#2148));
#2133 = ORIENTED_EDGE('',*,*,#2134,.T.);
#2134 = EDGE_CURVE('',#1583,#2135,#2137,.T.);
#2135 = VERTEX_POINT('',#2136);
#2136 = CARTESIAN_POINT('',(6.88,-4.06,7.));
#2137 = LINE('',#2138,#2139);
#2138 = CARTESIAN_POINT('',(6.88,-4.06,0.));
#2139 = VECTOR('',#2140,1.);
#2140 = DIRECTION('',(0.,0.,1.));
#2141 = ORIENTED_EDGE('',*,*,#2142,.T.);
#2142 = EDGE_CURVE('',#2135,#1867,#2143,.T.);
#2143 = LINE('',#2144,#2145);
#2144 = CARTESIAN_POINT('',(6.88,-4.06,7.));
#2145 = VECTOR('',#2146,1.);
#2146 = DIRECTION('',(0.954938084056,0.296805080179,0.));
#2147 = ORIENTED_EDGE('',*,*,#1866,.F.);
#2148 = ORIENTED_EDGE('',*,*,#1590,.F.);
#2149 = PLANE('',#2150);
#2150 = AXIS2_PLACEMENT_3D('',#2151,#2152,#2153);
#2151 = CARTESIAN_POINT('',(6.88,-4.06,0.));
#2152 = DIRECTION('',(-0.296805080179,0.954938084056,0.));
#2153 = DIRECTION('',(0.954938084056,0.296805080179,0.));
#2154 = ADVANCED_FACE('',(#2155),#2173,.T.);
#2155 = FACE_BOUND('',#2156,.T.);
#2156 = EDGE_LOOP('',(#2157,#2165,#2171,#2172));
#2157 = ORIENTED_EDGE('',*,*,#2158,.T.);
#2158 = EDGE_CURVE('',#1575,#2159,#2161,.T.);
#2159 = VERTEX_POINT('',#2160);
#2160 = CARTESIAN_POINT('',(6.88,-3.14,7.));
#2161 = LINE('',#2162,#2163);
#2162 = CARTESIAN_POINT('',(6.88,-3.14,0.));
#2163 = VECTOR('',#2164,1.);
#2164 = DIRECTION('',(0.,0.,1.));
#2165 = ORIENTED_EDGE('',*,*,#2166,.T.);
#2166 = EDGE_CURVE('',#2159,#2135,#2167,.T.);
#2167 = LINE('',#2168,#2169);
#2168 = CARTESIAN_POINT('',(6.88,-3.14,7.));
#2169 = VECTOR('',#2170,1.);
#2170 = DIRECTION('',(0.,-1.,0.));
#2171 = ORIENTED_EDGE('',*,*,#2134,.F.);
#2172 = ORIENTED_EDGE('',*,*,#1582,.F.);
#2173 = PLANE('',#2174);
#2174 = AXIS2_PLACEMENT_3D('',#2175,#2176,#2177);
#2175 = CARTESIAN_POINT('',(6.88,-3.14,0.));
#2176 = DIRECTION('',(1.,0.,0.));
#2177 = DIRECTION('',(0.,-1.,0.));
#2178 = ADVANCED_FACE('',(#2179),#2190,.T.);
#2179 = FACE_BOUND('',#2180,.T.);
#2180 = EDGE_LOOP('',(#2181,#2182,#2188,#2189));
#2181 = ORIENTED_EDGE('',*,*,#1882,.T.);
#2182 = ORIENTED_EDGE('',*,*,#2183,.T.);
#2183 = EDGE_CURVE('',#1875,#2159,#2184,.T.);
#2184 = LINE('',#2185,#2186);
#2185 = CARTESIAN_POINT('',(7.62,-3.37,7.));
#2186 = VECTOR('',#2187,1.);
#2187 = DIRECTION('',(-0.954938084056,0.296805080179,0.));
#2188 = ORIENTED_EDGE('',*,*,#2158,.F.);
#2189 = ORIENTED_EDGE('',*,*,#1574,.F.);
#2190 = PLANE('',#2191);
#2191 = AXIS2_PLACEMENT_3D('',#2192,#2193,#2194);
#2192 = CARTESIAN_POINT('',(7.62,-3.37,0.));
#2193 = DIRECTION('',(-0.296805080179,-0.954938084056,0.));
#2194 = DIRECTION('',(-0.954938084056,0.296805080179,0.));
#2195 = ADVANCED_FACE('',(#2196),#2221,.T.);
#2196 = FACE_BOUND('',#2197,.T.);
#2197 = EDGE_LOOP('',(#2198,#2199,#2207,#2215));
#2198 = ORIENTED_EDGE('',*,*,#1614,.T.);
#2199 = ORIENTED_EDGE('',*,*,#2200,.T.);
#2200 = EDGE_CURVE('',#1617,#2201,#2203,.T.);
#2201 = VERTEX_POINT('',#2202);
#2202 = CARTESIAN_POINT('',(-0.45,-0.5,-3.5));
#2203 = LINE('',#2204,#2205);
#2204 = CARTESIAN_POINT('',(-0.45,-0.5,2.4));
#2205 = VECTOR('',#2206,1.);
#2206 = DIRECTION('',(-0.,-0.,-1.));
#2207 = ORIENTED_EDGE('',*,*,#2208,.T.);
#2208 = EDGE_CURVE('',#2201,#2209,#2211,.T.);
#2209 = VERTEX_POINT('',#2210);
#2210 = CARTESIAN_POINT('',(0.45,-0.5,-3.5));
#2211 = LINE('',#2212,#2213);
#2212 = CARTESIAN_POINT('',(-0.45,-0.5,-3.5));
#2213 = VECTOR('',#2214,1.);
#2214 = DIRECTION('',(1.,0.,0.));
#2215 = ORIENTED_EDGE('',*,*,#2216,.F.);
#2216 = EDGE_CURVE('',#1615,#2209,#2217,.T.);
#2217 = LINE('',#2218,#2219);
#2218 = CARTESIAN_POINT('',(0.45,-0.5,2.4));
#2219 = VECTOR('',#2220,1.);
#2220 = DIRECTION('',(-0.,-0.,-1.));
#2221 = PLANE('',#2222);
#2222 = AXIS2_PLACEMENT_3D('',#2223,#2224,#2225);
#2223 = CARTESIAN_POINT('',(-0.45,-0.5,2.4));
#2224 = DIRECTION('',(0.,-1.,0.));
#2225 = DIRECTION('',(1.,0.,0.));
#2226 = ADVANCED_FACE('',(#2227),#2245,.T.);
#2227 = FACE_BOUND('',#2228,.T.);
#2228 = EDGE_LOOP('',(#2229,#2230,#2238,#2244));
#2229 = ORIENTED_EDGE('',*,*,#1640,.T.);
#2230 = ORIENTED_EDGE('',*,*,#2231,.T.);
#2231 = EDGE_CURVE('',#1633,#2232,#2234,.T.);
#2232 = VERTEX_POINT('',#2233);
#2233 = CARTESIAN_POINT('',(-0.45,0.5,-3.5));
#2234 = LINE('',#2235,#2236);
#2235 = CARTESIAN_POINT('',(-0.45,0.5,2.4));
#2236 = VECTOR('',#2237,1.);
#2237 = DIRECTION('',(-0.,-0.,-1.));
#2238 = ORIENTED_EDGE('',*,*,#2239,.T.);
#2239 = EDGE_CURVE('',#2232,#2201,#2240,.T.);
#2240 = LINE('',#2241,#2242);
#2241 = CARTESIAN_POINT('',(-0.45,0.5,-3.5));
#2242 = VECTOR('',#2243,1.);
#2243 = DIRECTION('',(0.,-1.,0.));
#2244 = ORIENTED_EDGE('',*,*,#2200,.F.);
#2245 = PLANE('',#2246);
#2246 = AXIS2_PLACEMENT_3D('',#2247,#2248,#2249);
#2247 = CARTESIAN_POINT('',(-0.45,0.5,2.4));
#2248 = DIRECTION('',(-1.,0.,0.));
#2249 = DIRECTION('',(0.,-1.,0.));
#2250 = ADVANCED_FACE('',(#2251),#2269,.T.);
#2251 = FACE_BOUND('',#2252,.T.);
#2252 = EDGE_LOOP('',(#2253,#2254,#2262,#2268));
#2253 = ORIENTED_EDGE('',*,*,#1632,.T.);
#2254 = ORIENTED_EDGE('',*,*,#2255,.T.);
#2255 = EDGE_CURVE('',#1625,#2256,#2258,.T.);
#2256 = VERTEX_POINT('',#2257);
#2257 = CARTESIAN_POINT('',(0.45,0.5,-3.5));
#2258 = LINE('',#2259,#2260);
#2259 = CARTESIAN_POINT('',(0.45,0.5,2.4));
#2260 = VECTOR('',#2261,1.);
#2261 = DIRECTION('',(-0.,-0.,-1.));
#2262 = ORIENTED_EDGE('',*,*,#2263,.T.);
#2263 = EDGE_CURVE('',#2256,#2232,#2264,.T.);
#2264 = LINE('',#2265,#2266);
#2265 = CARTESIAN_POINT('',(0.45,0.5,-3.5));
#2266 = VECTOR('',#2267,1.);
#2267 = DIRECTION('',(-1.,0.,0.));
#2268 = ORIENTED_EDGE('',*,*,#2231,.F.);
#2269 = PLANE('',#2270);
#2270 = AXIS2_PLACEMENT_3D('',#2271,#2272,#2273);
#2271 = CARTESIAN_POINT('',(0.45,0.5,2.4));
#2272 = DIRECTION('',(0.,1.,0.));
#2273 = DIRECTION('',(-1.,0.,0.));
#2274 = ADVANCED_FACE('',(#2275),#2286,.T.);
#2275 = FACE_BOUND('',#2276,.T.);
#2276 = EDGE_LOOP('',(#2277,#2278,#2279,#2285));
#2277 = ORIENTED_EDGE('',*,*,#1624,.T.);
#2278 = ORIENTED_EDGE('',*,*,#2216,.T.);
#2279 = ORIENTED_EDGE('',*,*,#2280,.T.);
#2280 = EDGE_CURVE('',#2209,#2256,#2281,.T.);
#2281 = LINE('',#2282,#2283);
#2282 = CARTESIAN_POINT('',(0.45,-0.5,-3.5));
#2283 = VECTOR('',#2284,1.);
#2284 = DIRECTION('',(0.,1.,0.));
#2285 = ORIENTED_EDGE('',*,*,#2255,.F.);
#2286 = PLANE('',#2287);
#2287 = AXIS2_PLACEMENT_3D('',#2288,#2289,#2290);
#2288 = CARTESIAN_POINT('',(0.45,-0.5,2.4));
#2289 = DIRECTION('',(1.,0.,0.));
#2290 = DIRECTION('',(-0.,1.,0.));
#2291 = ADVANCED_FACE('',(#2292),#2317,.T.);
#2292 = FACE_BOUND('',#2293,.T.);
#2293 = EDGE_LOOP('',(#2294,#2295,#2303,#2311));
#2294 = ORIENTED_EDGE('',*,*,#1648,.T.);
#2295 = ORIENTED_EDGE('',*,*,#2296,.T.);
#2296 = EDGE_CURVE('',#1651,#2297,#2299,.T.);
#2297 = VERTEX_POINT('',#2298);
#2298 = CARTESIAN_POINT('',(4.63,-0.5,-3.5));
#2299 = LINE('',#2300,#2301);
#2300 = CARTESIAN_POINT('',(4.63,-0.5,2.4));
#2301 = VECTOR('',#2302,1.);
#2302 = DIRECTION('',(-0.,-0.,-1.));
#2303 = ORIENTED_EDGE('',*,*,#2304,.T.);
#2304 = EDGE_CURVE('',#2297,#2305,#2307,.T.);
#2305 = VERTEX_POINT('',#2306);
#2306 = CARTESIAN_POINT('',(5.53,-0.5,-3.5));
#2307 = LINE('',#2308,#2309);
#2308 = CARTESIAN_POINT('',(4.63,-0.5,-3.5));
#2309 = VECTOR('',#2310,1.);
#2310 = DIRECTION('',(1.,0.,0.));
#2311 = ORIENTED_EDGE('',*,*,#2312,.F.);
#2312 = EDGE_CURVE('',#1649,#2305,#2313,.T.);
#2313 = LINE('',#2314,#2315);
#2314 = CARTESIAN_POINT('',(5.53,-0.5,2.4));
#2315 = VECTOR('',#2316,1.);
#2316 = DIRECTION('',(-0.,-0.,-1.));
#2317 = PLANE('',#2318);
#2318 = AXIS2_PLACEMENT_3D('',#2319,#2320,#2321);
#2319 = CARTESIAN_POINT('',(4.63,-0.5,2.4));
#2320 = DIRECTION('',(0.,-1.,0.));
#2321 = DIRECTION('',(1.,0.,0.));
#2322 = ADVANCED_FACE('',(#2323),#2341,.T.);
#2323 = FACE_BOUND('',#2324,.T.);
#2324 = EDGE_LOOP('',(#2325,#2326,#2334,#2340));
#2325 = ORIENTED_EDGE('',*,*,#1674,.T.);
#2326 = ORIENTED_EDGE('',*,*,#2327,.T.);
#2327 = EDGE_CURVE('',#1667,#2328,#2330,.T.);
#2328 = VERTEX_POINT('',#2329);
#2329 = CARTESIAN_POINT('',(4.63,0.5,-3.5));
#2330 = LINE('',#2331,#2332);
#2331 = CARTESIAN_POINT('',(4.63,0.5,2.4));
#2332 = VECTOR('',#2333,1.);
#2333 = DIRECTION('',(-0.,-0.,-1.));
#2334 = ORIENTED_EDGE('',*,*,#2335,.T.);
#2335 = EDGE_CURVE('',#2328,#2297,#2336,.T.);
#2336 = LINE('',#2337,#2338);
#2337 = CARTESIAN_POINT('',(4.63,0.5,-3.5));
#2338 = VECTOR('',#2339,1.);
#2339 = DIRECTION('',(0.,-1.,0.));
#2340 = ORIENTED_EDGE('',*,*,#2296,.F.);
#2341 = PLANE('',#2342);
#2342 = AXIS2_PLACEMENT_3D('',#2343,#2344,#2345);
#2343 = CARTESIAN_POINT('',(4.63,0.5,2.4));
#2344 = DIRECTION('',(-1.,0.,0.));
#2345 = DIRECTION('',(0.,-1.,0.));
#2346 = ADVANCED_FACE('',(#2347),#2365,.T.);
#2347 = FACE_BOUND('',#2348,.T.);
#2348 = EDGE_LOOP('',(#2349,#2350,#2358,#2364));
#2349 = ORIENTED_EDGE('',*,*,#1666,.T.);
#2350 = ORIENTED_EDGE('',*,*,#2351,.T.);
#2351 = EDGE_CURVE('',#1659,#2352,#2354,.T.);
#2352 = VERTEX_POINT('',#2353);
#2353 = CARTESIAN_POINT('',(5.53,0.5,-3.5));
#2354 = LINE('',#2355,#2356);
#2355 = CARTESIAN_POINT('',(5.53,0.5,2.4));
#2356 = VECTOR('',#2357,1.);
#2357 = DIRECTION('',(-0.,-0.,-1.));
#2358 = ORIENTED_EDGE('',*,*,#2359,.T.);
#2359 = EDGE_CURVE('',#2352,#2328,#2360,.T.);
#2360 = LINE('',#2361,#2362);
#2361 = CARTESIAN_POINT('',(5.53,0.5,-3.5));
#2362 = VECTOR('',#2363,1.);
#2363 = DIRECTION('',(-1.,0.,0.));
#2364 = ORIENTED_EDGE('',*,*,#2327,.F.);
#2365 = PLANE('',#2366);
#2366 = AXIS2_PLACEMENT_3D('',#2367,#2368,#2369);
#2367 = CARTESIAN_POINT('',(5.53,0.5,2.4));
#2368 = DIRECTION('',(0.,1.,0.));
#2369 = DIRECTION('',(-1.,0.,0.));
#2370 = ADVANCED_FACE('',(#2371),#2382,.T.);
#2371 = FACE_BOUND('',#2372,.T.);
#2372 = EDGE_LOOP('',(#2373,#2374,#2375,#2381));
#2373 = ORIENTED_EDGE('',*,*,#1658,.T.);
#2374 = ORIENTED_EDGE('',*,*,#2312,.T.);
#2375 = ORIENTED_EDGE('',*,*,#2376,.T.);
#2376 = EDGE_CURVE('',#2305,#2352,#2377,.T.);
#2377 = LINE('',#2378,#2379);
#2378 = CARTESIAN_POINT('',(5.53,-0.5,-3.5));
#2379 = VECTOR('',#2380,1.);
#2380 = DIRECTION('',(0.,1.,0.));
#2381 = ORIENTED_EDGE('',*,*,#2351,.F.);
#2382 = PLANE('',#2383);
#2383 = AXIS2_PLACEMENT_3D('',#2384,#2385,#2386);
#2384 = CARTESIAN_POINT('',(5.53,-0.5,2.4));
#2385 = DIRECTION('',(1.,0.,0.));
#2386 = DIRECTION('',(-0.,1.,0.));
#2387 = ADVANCED_FACE('',(#2388),#2411,.F.);
#2388 = FACE_BOUND('',#2389,.F.);
#2389 = EDGE_LOOP('',(#2390,#2400,#2405,#2406));
#2390 = ORIENTED_EDGE('',*,*,#2391,.T.);
#2391 = EDGE_CURVE('',#2392,#2394,#2396,.T.);
#2392 = VERTEX_POINT('',#2393);
#2393 = CARTESIAN_POINT('',(3.68,-3.8,2.4));
#2394 = VERTEX_POINT('',#2395);
#2395 = CARTESIAN_POINT('',(6.48,-3.8,2.4));
#2396 = LINE('',#2397,#2398);
#2397 = CARTESIAN_POINT('',(3.68,-3.8,2.4));
#2398 = VECTOR('',#2399,1.);
#2399 = DIRECTION('',(1.,0.,0.));
#2400 = ORIENTED_EDGE('',*,*,#2401,.T.);
#2401 = EDGE_CURVE('',#2394,#1772,#2402,.T.);
#2402 = B_SPLINE_CURVE_WITH_KNOTS('',1,(#2403,#2404),.UNSPECIFIED.,.F.,
  .F.,(2,2),(0.,1.),.PIECEWISE_BEZIER_KNOTS.);
#2403 = CARTESIAN_POINT('',(6.48,-3.8,2.4));
#2404 = CARTESIAN_POINT('',(6.88,-4.6,1.6));
#2405 = ORIENTED_EDGE('',*,*,#1771,.T.);
#2406 = ORIENTED_EDGE('',*,*,#2407,.F.);
#2407 = EDGE_CURVE('',#2392,#1774,#2408,.T.);
#2408 = B_SPLINE_CURVE_WITH_KNOTS('',1,(#2409,#2410),.UNSPECIFIED.,.F.,
  .F.,(2,2),(0.,1.),.PIECEWISE_BEZIER_KNOTS.);
#2409 = CARTESIAN_POINT('',(3.68,-3.8,2.4));
#2410 = CARTESIAN_POINT('',(3.28,-4.6,1.6));
#2411 = B_SPLINE_SURFACE_WITH_KNOTS('',1,1,(
    (#2412,#2413)
    ,(#2414,#2415
    )),.UNSPECIFIED.,.F.,.F.,.F.,(2,2),(2,2),(-3.6,0.),(0.,1.),
  .PIECEWISE_BEZIER_KNOTS.);
#2412 = CARTESIAN_POINT('',(3.68,-3.8,2.4));
#2413 = CARTESIAN_POINT('',(3.28,-4.6,1.6));
#2414 = CARTESIAN_POINT('',(6.48,-3.8,2.4));
#2415 = CARTESIAN_POINT('',(6.88,-4.6,1.6));
#2416 = ADVANCED_FACE('',(#2417),#2434,.F.);
#2417 = FACE_BOUND('',#2418,.F.);
#2418 = EDGE_LOOP('',(#2419,#2427,#2432,#2433));
#2419 = ORIENTED_EDGE('',*,*,#2420,.T.);
#2420 = EDGE_CURVE('',#2394,#2421,#2423,.T.);
#2421 = VERTEX_POINT('',#2422);
#2422 = CARTESIAN_POINT('',(6.48,-3.8,5.1));
#2423 = LINE('',#2424,#2425);
#2424 = CARTESIAN_POINT('',(6.48,-3.8,2.4));
#2425 = VECTOR('',#2426,1.);
#2426 = DIRECTION('',(0.,0.,1.));
#2427 = ORIENTED_EDGE('',*,*,#2428,.T.);
#2428 = EDGE_CURVE('',#2421,#1782,#2429,.T.);
#2429 = B_SPLINE_CURVE_WITH_KNOTS('',1,(#2430,#2431),.UNSPECIFIED.,.F.,
  .F.,(2,2),(0.,1.),.PIECEWISE_BEZIER_KNOTS.);
#2430 = CARTESIAN_POINT('',(6.48,-3.8,5.1));
#2431 = CARTESIAN_POINT('',(6.88,-4.6,6.8));
#2432 = ORIENTED_EDGE('',*,*,#1781,.T.);
#2433 = ORIENTED_EDGE('',*,*,#2401,.F.);
#2434 = B_SPLINE_SURFACE_WITH_KNOTS('',1,1,(
    (#2435,#2436)
    ,(#2437,#2438
    )),.UNSPECIFIED.,.F.,.F.,.F.,(2,2),(2,2),(-5.2,0.),(0.,1.),
  .PIECEWISE_BEZIER_KNOTS.);
#2435 = CARTESIAN_POINT('',(6.48,-3.8,2.4));
#2436 = CARTESIAN_POINT('',(6.88,-4.6,1.6));
#2437 = CARTESIAN_POINT('',(6.48,-3.8,5.1));
#2438 = CARTESIAN_POINT('',(6.88,-4.6,6.8));
#2439 = ADVANCED_FACE('',(#2440),#2457,.F.);
#2440 = FACE_BOUND('',#2441,.F.);
#2441 = EDGE_LOOP('',(#2442,#2450,#2451,#2452));
#2442 = ORIENTED_EDGE('',*,*,#2443,.T.);
#2443 = EDGE_CURVE('',#2444,#2392,#2446,.T.);
#2444 = VERTEX_POINT('',#2445);
#2445 = CARTESIAN_POINT('',(3.68,-3.8,5.1));
#2446 = LINE('',#2447,#2448);
#2447 = CARTESIAN_POINT('',(3.68,-3.8,5.1));
#2448 = VECTOR('',#2449,1.);
#2449 = DIRECTION('',(0.,0.,-1.));
#2450 = ORIENTED_EDGE('',*,*,#2407,.T.);
#2451 = ORIENTED_EDGE('',*,*,#1797,.T.);
#2452 = ORIENTED_EDGE('',*,*,#2453,.F.);
#2453 = EDGE_CURVE('',#2444,#1790,#2454,.T.);
#2454 = B_SPLINE_CURVE_WITH_KNOTS('',1,(#2455,#2456),.UNSPECIFIED.,.F.,
  .F.,(2,2),(0.,1.),.PIECEWISE_BEZIER_KNOTS.);
#2455 = CARTESIAN_POINT('',(3.68,-3.8,5.1));
#2456 = CARTESIAN_POINT('',(3.28,-4.6,6.8));
#2457 = B_SPLINE_SURFACE_WITH_KNOTS('',1,1,(
    (#2458,#2459)
    ,(#2460,#2461
    )),.UNSPECIFIED.,.F.,.F.,.F.,(2,2),(2,2),(-5.2,0.),(0.,1.),
  .PIECEWISE_BEZIER_KNOTS.);
#2458 = CARTESIAN_POINT('',(3.68,-3.8,5.1));
#2459 = CARTESIAN_POINT('',(3.28,-4.6,6.8));
#2460 = CARTESIAN_POINT('',(3.68,-3.8,2.4));
#2461 = CARTESIAN_POINT('',(3.28,-4.6,1.6));
#2462 = ADVANCED_FACE('',(#2463),#2474,.F.);
#2463 = FACE_BOUND('',#2464,.F.);
#2464 = EDGE_LOOP('',(#2465,#2471,#2472,#2473));
#2465 = ORIENTED_EDGE('',*,*,#2466,.T.);
#2466 = EDGE_CURVE('',#2421,#2444,#2467,.T.);
#2467 = LINE('',#2468,#2469);
#2468 = CARTESIAN_POINT('',(6.48,-3.8,5.1));
#2469 = VECTOR('',#2470,1.);
#2470 = DIRECTION('',(-1.,0.,0.));
#2471 = ORIENTED_EDGE('',*,*,#2453,.T.);
#2472 = ORIENTED_EDGE('',*,*,#1789,.T.);
#2473 = ORIENTED_EDGE('',*,*,#2428,.F.);
#2474 = B_SPLINE_SURFACE_WITH_KNOTS('',1,1,(
    (#2475,#2476)
    ,(#2477,#2478
    )),.UNSPECIFIED.,.F.,.F.,.F.,(2,2),(2,2),(-3.6,0.),(0.,1.),
  .PIECEWISE_BEZIER_KNOTS.);
#2475 = CARTESIAN_POINT('',(6.48,-3.8,5.1));
#2476 = CARTESIAN_POINT('',(6.88,-4.6,6.8));
#2477 = CARTESIAN_POINT('',(3.68,-3.8,5.1));
#2478 = CARTESIAN_POINT('',(3.28,-4.6,6.8));
#2479 = ADVANCED_FACE('',(#2480),#2503,.F.);
#2480 = FACE_BOUND('',#2481,.F.);
#2481 = EDGE_LOOP('',(#2482,#2492,#2497,#2498));
#2482 = ORIENTED_EDGE('',*,*,#2483,.T.);
#2483 = EDGE_CURVE('',#2484,#2486,#2488,.T.);
#2484 = VERTEX_POINT('',#2485);
#2485 = CARTESIAN_POINT('',(-1.4,-3.8,2.4));
#2486 = VERTEX_POINT('',#2487);
#2487 = CARTESIAN_POINT('',(1.4,-3.8,2.4));
#2488 = LINE('',#2489,#2490);
#2489 = CARTESIAN_POINT('',(-1.4,-3.8,2.4));
#2490 = VECTOR('',#2491,1.);
#2491 = DIRECTION('',(1.,0.,0.));
#2492 = ORIENTED_EDGE('',*,*,#2493,.T.);
#2493 = EDGE_CURVE('',#2486,#1806,#2494,.T.);
#2494 = B_SPLINE_CURVE_WITH_KNOTS('',1,(#2495,#2496),.UNSPECIFIED.,.F.,
  .F.,(2,2),(0.,1.),.PIECEWISE_BEZIER_KNOTS.);
#2495 = CARTESIAN_POINT('',(1.4,-3.8,2.4));
#2496 = CARTESIAN_POINT('',(1.8,-4.6,1.6));
#2497 = ORIENTED_EDGE('',*,*,#1805,.T.);
#2498 = ORIENTED_EDGE('',*,*,#2499,.F.);
#2499 = EDGE_CURVE('',#2484,#1808,#2500,.T.);
#2500 = B_SPLINE_CURVE_WITH_KNOTS('',1,(#2501,#2502),.UNSPECIFIED.,.F.,
  .F.,(2,2),(0.,1.),.PIECEWISE_BEZIER_KNOTS.);
#2501 = CARTESIAN_POINT('',(-1.4,-3.8,2.4));
#2502 = CARTESIAN_POINT('',(-1.8,-4.6,1.6));
#2503 = B_SPLINE_SURFACE_WITH_KNOTS('',1,1,(
    (#2504,#2505)
    ,(#2506,#2507
    )),.UNSPECIFIED.,.F.,.F.,.F.,(2,2),(2,2),(-3.6,0.),(0.,1.),
  .PIECEWISE_BEZIER_KNOTS.);
#2504 = CARTESIAN_POINT('',(-1.4,-3.8,2.4));
#2505 = CARTESIAN_POINT('',(-1.8,-4.6,1.6));
#2506 = CARTESIAN_POINT('',(1.4,-3.8,2.4));
#2507 = CARTESIAN_POINT('',(1.8,-4.6,1.6));
#2508 = ADVANCED_FACE('',(#2509),#2526,.F.);
#2509 = FACE_BOUND('',#2510,.F.);
#2510 = EDGE_LOOP('',(#2511,#2519,#2524,#2525));
#2511 = ORIENTED_EDGE('',*,*,#2512,.T.);
#2512 = EDGE_CURVE('',#2486,#2513,#2515,.T.);
#2513 = VERTEX_POINT('',#2514);
#2514 = CARTESIAN_POINT('',(1.4,-3.8,5.1));
#2515 = LINE('',#2516,#2517);
#2516 = CARTESIAN_POINT('',(1.4,-3.8,2.4));
#2517 = VECTOR('',#2518,1.);
#2518 = DIRECTION('',(0.,0.,1.));
#2519 = ORIENTED_EDGE('',*,*,#2520,.T.);
#2520 = EDGE_CURVE('',#2513,#1816,#2521,.T.);
#2521 = B_SPLINE_CURVE_WITH_KNOTS('',1,(#2522,#2523),.UNSPECIFIED.,.F.,
  .F.,(2,2),(0.,1.),.PIECEWISE_BEZIER_KNOTS.);
#2522 = CARTESIAN_POINT('',(1.4,-3.8,5.1));
#2523 = CARTESIAN_POINT('',(1.8,-4.6,6.8));
#2524 = ORIENTED_EDGE('',*,*,#1815,.T.);
#2525 = ORIENTED_EDGE('',*,*,#2493,.F.);
#2526 = B_SPLINE_SURFACE_WITH_KNOTS('',1,1,(
    (#2527,#2528)
    ,(#2529,#2530
    )),.UNSPECIFIED.,.F.,.F.,.F.,(2,2),(2,2),(-5.2,0.),(0.,1.),
  .PIECEWISE_BEZIER_KNOTS.);
#2527 = CARTESIAN_POINT('',(1.4,-3.8,2.4));
#2528 = CARTESIAN_POINT('',(1.8,-4.6,1.6));
#2529 = CARTESIAN_POINT('',(1.4,-3.8,5.1));
#2530 = CARTESIAN_POINT('',(1.8,-4.6,6.8));
#2531 = ADVANCED_FACE('',(#2532),#2549,.F.);
#2532 = FACE_BOUND('',#2533,.F.);
#2533 = EDGE_LOOP('',(#2534,#2542,#2543,#2544));
#2534 = ORIENTED_EDGE('',*,*,#2535,.T.);
#2535 = EDGE_CURVE('',#2536,#2484,#2538,.T.);
#2536 = VERTEX_POINT('',#2537);
#2537 = CARTESIAN_POINT('',(-1.4,-3.8,5.1));
#2538 = LINE('',#2539,#2540);
#2539 = CARTESIAN_POINT('',(-1.4,-3.8,5.1));
#2540 = VECTOR('',#2541,1.);
#2541 = DIRECTION('',(0.,0.,-1.));
#2542 = ORIENTED_EDGE('',*,*,#2499,.T.);
#2543 = ORIENTED_EDGE('',*,*,#1831,.T.);
#2544 = ORIENTED_EDGE('',*,*,#2545,.F.);
#2545 = EDGE_CURVE('',#2536,#1824,#2546,.T.);
#2546 = B_SPLINE_CURVE_WITH_KNOTS('',1,(#2547,#2548),.UNSPECIFIED.,.F.,
  .F.,(2,2),(0.,1.),.PIECEWISE_BEZIER_KNOTS.);
#2547 = CARTESIAN_POINT('',(-1.4,-3.8,5.1));
#2548 = CARTESIAN_POINT('',(-1.8,-4.6,6.8));
#2549 = B_SPLINE_SURFACE_WITH_KNOTS('',1,1,(
    (#2550,#2551)
    ,(#2552,#2553
    )),.UNSPECIFIED.,.F.,.F.,.F.,(2,2),(2,2),(-5.2,0.),(0.,1.),
  .PIECEWISE_BEZIER_KNOTS.);
#2550 = CARTESIAN_POINT('',(-1.4,-3.8,5.1));
#2551 = CARTESIAN_POINT('',(-1.8,-4.6,6.8));
#2552 = CARTESIAN_POINT('',(-1.4,-3.8,2.4));
#2553 = CARTESIAN_POINT('',(-1.8,-4.6,1.6));
#2554 = ADVANCED_FACE('',(#2555),#2566,.F.);
#2555 = FACE_BOUND('',#2556,.F.);
#2556 = EDGE_LOOP('',(#2557,#2563,#2564,#2565));
#2557 = ORIENTED_EDGE('',*,*,#2558,.T.);
#2558 = EDGE_CURVE('',#2513,#2536,#2559,.T.);
#2559 = LINE('',#2560,#2561);
#2560 = CARTESIAN_POINT('',(1.4,-3.8,5.1));
#2561 = VECTOR('',#2562,1.);
#2562 = DIRECTION('',(-1.,0.,0.));
#2563 = ORIENTED_EDGE('',*,*,#2545,.T.);
#2564 = ORIENTED_EDGE('',*,*,#1823,.T.);
#2565 = ORIENTED_EDGE('',*,*,#2520,.F.);
#2566 = B_SPLINE_SURFACE_WITH_KNOTS('',1,1,(
    (#2567,#2568)
    ,(#2569,#2570
    )),.UNSPECIFIED.,.F.,.F.,.F.,(2,2),(2,2),(-3.6,0.),(0.,1.),
  .PIECEWISE_BEZIER_KNOTS.);
#2567 = CARTESIAN_POINT('',(1.4,-3.8,5.1));
#2568 = CARTESIAN_POINT('',(1.8,-4.6,6.8));
#2569 = CARTESIAN_POINT('',(-1.4,-3.8,5.1));
#2570 = CARTESIAN_POINT('',(-1.8,-4.6,6.8));
#2571 = ADVANCED_FACE('',(#2572),#2578,.F.);
#2572 = FACE_BOUND('',#2573,.F.);
#2573 = EDGE_LOOP('',(#2574,#2575,#2576,#2577));
#2574 = ORIENTED_EDGE('',*,*,#2183,.T.);
#2575 = ORIENTED_EDGE('',*,*,#2166,.T.);
#2576 = ORIENTED_EDGE('',*,*,#2142,.T.);
#2577 = ORIENTED_EDGE('',*,*,#1874,.T.);
#2578 = PLANE('',#2579);
#2579 = AXIS2_PLACEMENT_3D('',#2580,#2581,#2582);
#2580 = CARTESIAN_POINT('',(7.191908064794,-3.6,7.));
#2581 = DIRECTION('',(0.,0.,1.));
#2582 = DIRECTION('',(1.,0.,-0.));
#2583 = ADVANCED_FACE('',(#2584),#2594,.T.);
#2584 = FACE_BOUND('',#2585,.T.);
#2585 = EDGE_LOOP('',(#2586,#2592,#2593));
#2586 = ORIENTED_EDGE('',*,*,#2587,.F.);
#2587 = EDGE_CURVE('',#1989,#1911,#2588,.T.);
#2588 = LINE('',#2589,#2590);
#2589 = CARTESIAN_POINT('',(1.4,-2.,2.4));
#2590 = VECTOR('',#2591,1.);
#2591 = DIRECTION('',(0.,1.,0.));
#2592 = ORIENTED_EDGE('',*,*,#1996,.T.);
#2593 = ORIENTED_EDGE('',*,*,#1910,.T.);
#2594 = PLANE('',#2595);
#2595 = AXIS2_PLACEMENT_3D('',#2596,#2597,#2598);
#2596 = CARTESIAN_POINT('',(7.70491144959E-03,-1.265782005125,2.4));
#2597 = DIRECTION('',(-4.370286341272E-18,-9.017547605327E-17,1.));
#2598 = DIRECTION('',(0.,1.,9.017547605327E-17));
#2599 = ADVANCED_FACE('',(#2600),#2627,.F.);
#2600 = FACE_BOUND('',#2601,.F.);
#2601 = EDGE_LOOP('',(#2602,#2603,#2604,#2612,#2620,#2626));
#2602 = ORIENTED_EDGE('',*,*,#2587,.F.);
#2603 = ORIENTED_EDGE('',*,*,#1988,.T.);
#2604 = ORIENTED_EDGE('',*,*,#2605,.T.);
#2605 = EDGE_CURVE('',#1980,#2606,#2608,.T.);
#2606 = VERTEX_POINT('',#2607);
#2607 = CARTESIAN_POINT('',(1.4,-1.484523257867,5.1));
#2608 = LINE('',#2609,#2610);
#2609 = CARTESIAN_POINT('',(1.4,-2.,5.1));
#2610 = VECTOR('',#2611,1.);
#2611 = DIRECTION('',(0.,1.,0.));
#2612 = ORIENTED_EDGE('',*,*,#2613,.T.);
#2613 = EDGE_CURVE('',#2606,#2614,#2616,.T.);
#2614 = VERTEX_POINT('',#2615);
#2615 = CARTESIAN_POINT('',(1.4,1.084523257867,5.1));
#2616 = LINE('',#2617,#2618);
#2617 = CARTESIAN_POINT('',(1.4,-2.,5.1));
#2618 = VECTOR('',#2619,1.);
#2619 = DIRECTION('',(0.,1.,0.));
#2620 = ORIENTED_EDGE('',*,*,#2621,.T.);
#2621 = EDGE_CURVE('',#2614,#1920,#2622,.T.);
#2622 = LINE('',#2623,#2624);
#2623 = CARTESIAN_POINT('',(1.4,-2.,5.1));
#2624 = VECTOR('',#2625,1.);
#2625 = DIRECTION('',(0.,1.,0.));
#2626 = ORIENTED_EDGE('',*,*,#1919,.F.);
#2627 = PLANE('',#2628);
#2628 = AXIS2_PLACEMENT_3D('',#2629,#2630,#2631);
#2629 = CARTESIAN_POINT('',(1.4,-2.,2.4));
#2630 = DIRECTION('',(-1.,0.,0.));
#2631 = DIRECTION('',(0.,1.,0.));
#2632 = ADVANCED_FACE('',(#2633),#2652,.T.);
#2633 = FACE_BOUND('',#2634,.T.);
#2634 = EDGE_LOOP('',(#2635,#2644,#2650,#2651));
#2635 = ORIENTED_EDGE('',*,*,#2636,.F.);
#2636 = EDGE_CURVE('',#2637,#2606,#2639,.T.);
#2637 = VERTEX_POINT('',#2638);
#2638 = CARTESIAN_POINT('',(0.60827625303,-2.,5.1));
#2639 = CIRCLE('',#2640,1.9);
#2640 = AXIS2_PLACEMENT_3D('',#2641,#2642,#2643);
#2641 = CARTESIAN_POINT('',(0.,-0.2,5.1));
#2642 = DIRECTION('',(0.,0.,1.));
#2643 = DIRECTION('',(1.,0.,-0.));
#2644 = ORIENTED_EDGE('',*,*,#2645,.T.);
#2645 = EDGE_CURVE('',#2637,#1971,#2646,.T.);
#2646 = LINE('',#2647,#2648);
#2647 = CARTESIAN_POINT('',(-1.4,-2.,5.1));
#2648 = VECTOR('',#2649,1.);
#2649 = DIRECTION('',(1.,0.,0.));
#2650 = ORIENTED_EDGE('',*,*,#1979,.T.);
#2651 = ORIENTED_EDGE('',*,*,#2605,.T.);
#2652 = PLANE('',#2653);
#2653 = AXIS2_PLACEMENT_3D('',#2654,#2655,#2656);
#2654 = CARTESIAN_POINT('',(0.,0.,5.1));
#2655 = DIRECTION('',(0.,0.,1.));
#2656 = DIRECTION('',(1.,0.,-0.));
#2657 = ADVANCED_FACE('',(#2658),#2690,.F.);
#2658 = FACE_BOUND('',#2659,.F.);
#2659 = EDGE_LOOP('',(#2660,#2668,#2669,#2677,#2683,#2684));
#2660 = ORIENTED_EDGE('',*,*,#2661,.F.);
#2661 = EDGE_CURVE('',#2536,#2662,#2664,.T.);
#2662 = VERTEX_POINT('',#2663);
#2663 = CARTESIAN_POINT('',(-1.4,-2.,5.1));
#2664 = LINE('',#2665,#2666);
#2665 = CARTESIAN_POINT('',(-1.4,-104.6,5.1));
#2666 = VECTOR('',#2667,1.);
#2667 = DIRECTION('',(0.,1.,0.));
#2668 = ORIENTED_EDGE('',*,*,#2558,.F.);
#2669 = ORIENTED_EDGE('',*,*,#2670,.T.);
#2670 = EDGE_CURVE('',#2513,#2671,#2673,.T.);
#2671 = VERTEX_POINT('',#2672);
#2672 = CARTESIAN_POINT('',(1.4,-2.,5.1));
#2673 = LINE('',#2674,#2675);
#2674 = CARTESIAN_POINT('',(1.4,-104.6,5.1));
#2675 = VECTOR('',#2676,1.);
#2676 = DIRECTION('',(0.,1.,0.));
#2677 = ORIENTED_EDGE('',*,*,#2678,.F.);
#2678 = EDGE_CURVE('',#1971,#2671,#2679,.T.);
#2679 = LINE('',#2680,#2681);
#2680 = CARTESIAN_POINT('',(-1.4,-2.,5.1));
#2681 = VECTOR('',#2682,1.);
#2682 = DIRECTION('',(1.,0.,0.));
#2683 = ORIENTED_EDGE('',*,*,#1970,.F.);
#2684 = ORIENTED_EDGE('',*,*,#2685,.F.);
#2685 = EDGE_CURVE('',#2662,#1962,#2686,.T.);
#2686 = LINE('',#2687,#2688);
#2687 = CARTESIAN_POINT('',(-1.4,-2.,5.1));
#2688 = VECTOR('',#2689,1.);
#2689 = DIRECTION('',(1.,0.,0.));
#2690 = PLANE('',#2691);
#2691 = AXIS2_PLACEMENT_3D('',#2692,#2693,#2694);
#2692 = CARTESIAN_POINT('',(1.4,-104.6,5.1));
#2693 = DIRECTION('',(0.,0.,1.));
#2694 = DIRECTION('',(-1.,0.,0.));
#2695 = ADVANCED_FACE('',(#2696),#2722,.T.);
#2696 = FACE_BOUND('',#2697,.T.);
#2697 = EDGE_LOOP('',(#2698,#2709,#2715,#2716));
#2698 = ORIENTED_EDGE('',*,*,#2699,.F.);
#2699 = EDGE_CURVE('',#2700,#2702,#2704,.T.);
#2700 = VERTEX_POINT('',#2701);
#2701 = CARTESIAN_POINT('',(-1.4,-1.484523257866,5.1));
#2702 = VERTEX_POINT('',#2703);
#2703 = CARTESIAN_POINT('',(-0.60827625303,-2.,5.1));
#2704 = CIRCLE('',#2705,1.9);
#2705 = AXIS2_PLACEMENT_3D('',#2706,#2707,#2708);
#2706 = CARTESIAN_POINT('',(0.,-0.2,5.1));
#2707 = DIRECTION('',(0.,0.,1.));
#2708 = DIRECTION('',(1.,0.,-0.));
#2709 = ORIENTED_EDGE('',*,*,#2710,.T.);
#2710 = EDGE_CURVE('',#2700,#1954,#2711,.T.);
#2711 = LINE('',#2712,#2713);
#2712 = CARTESIAN_POINT('',(-1.4,2.,5.1));
#2713 = VECTOR('',#2714,1.);
#2714 = DIRECTION('',(0.,-1.,0.));
#2715 = ORIENTED_EDGE('',*,*,#1961,.T.);
#2716 = ORIENTED_EDGE('',*,*,#2717,.T.);
#2717 = EDGE_CURVE('',#1962,#2702,#2718,.T.);
#2718 = LINE('',#2719,#2720);
#2719 = CARTESIAN_POINT('',(-1.4,-2.,5.1));
#2720 = VECTOR('',#2721,1.);
#2721 = DIRECTION('',(1.,0.,0.));
#2722 = PLANE('',#2723);
#2723 = AXIS2_PLACEMENT_3D('',#2724,#2725,#2726);
#2724 = CARTESIAN_POINT('',(0.,0.,5.1));
#2725 = DIRECTION('',(0.,0.,1.));
#2726 = DIRECTION('',(1.,0.,-0.));
#2727 = ADVANCED_FACE('',(#2728),#2753,.F.);
#2728 = FACE_BOUND('',#2729,.F.);
#2729 = EDGE_LOOP('',(#2730,#2731,#2739,#2745,#2746,#2747));
#2730 = ORIENTED_EDGE('',*,*,#1936,.T.);
#2731 = ORIENTED_EDGE('',*,*,#2732,.T.);
#2732 = EDGE_CURVE('',#1928,#2733,#2735,.T.);
#2733 = VERTEX_POINT('',#2734);
#2734 = CARTESIAN_POINT('',(-1.4,1.084523257866,5.1));
#2735 = LINE('',#2736,#2737);
#2736 = CARTESIAN_POINT('',(-1.4,2.,5.1));
#2737 = VECTOR('',#2738,1.);
#2738 = DIRECTION('',(0.,-1.,0.));
#2739 = ORIENTED_EDGE('',*,*,#2740,.T.);
#2740 = EDGE_CURVE('',#2733,#2700,#2741,.T.);
#2741 = LINE('',#2742,#2743);
#2742 = CARTESIAN_POINT('',(-1.4,2.,5.1));
#2743 = VECTOR('',#2744,1.);
#2744 = DIRECTION('',(0.,-1.,0.));
#2745 = ORIENTED_EDGE('',*,*,#2710,.T.);
#2746 = ORIENTED_EDGE('',*,*,#1953,.F.);
#2747 = ORIENTED_EDGE('',*,*,#2748,.F.);
#2748 = EDGE_CURVE('',#1937,#1945,#2749,.T.);
#2749 = LINE('',#2750,#2751);
#2750 = CARTESIAN_POINT('',(-1.4,2.,2.4));
#2751 = VECTOR('',#2752,1.);
#2752 = DIRECTION('',(0.,-1.,0.));
#2753 = PLANE('',#2754);
#2754 = AXIS2_PLACEMENT_3D('',#2755,#2756,#2757);
#2755 = CARTESIAN_POINT('',(-1.4,2.,2.4));
#2756 = DIRECTION('',(1.,0.,0.));
#2757 = DIRECTION('',(0.,-1.,0.));
#2758 = ADVANCED_FACE('',(#2759),#2763,.T.);
#2759 = FACE_BOUND('',#2760,.T.);
#2760 = EDGE_LOOP('',(#2761,#2762));
#2761 = ORIENTED_EDGE('',*,*,#1944,.T.);
#2762 = ORIENTED_EDGE('',*,*,#2748,.F.);
#2763 = PLANE('',#2764);
#2764 = AXIS2_PLACEMENT_3D('',#2765,#2766,#2767);
#2765 = CARTESIAN_POINT('',(7.70491144959E-03,-1.265782005125,2.4));
#2766 = DIRECTION('',(-4.370286341272E-18,-9.017547605327E-17,1.));
#2767 = DIRECTION('',(0.,1.,9.017547605327E-17));
#2768 = ADVANCED_FACE('',(#2769),#2781,.T.);
#2769 = FACE_BOUND('',#2770,.T.);
#2770 = EDGE_LOOP('',(#2771,#2772,#2773,#2780));
#2771 = ORIENTED_EDGE('',*,*,#1927,.T.);
#2772 = ORIENTED_EDGE('',*,*,#2732,.T.);
#2773 = ORIENTED_EDGE('',*,*,#2774,.F.);
#2774 = EDGE_CURVE('',#2614,#2733,#2775,.T.);
#2775 = CIRCLE('',#2776,1.9);
#2776 = AXIS2_PLACEMENT_3D('',#2777,#2778,#2779);
#2777 = CARTESIAN_POINT('',(0.,-0.2,5.1));
#2778 = DIRECTION('',(0.,0.,1.));
#2779 = DIRECTION('',(1.,0.,-0.));
#2780 = ORIENTED_EDGE('',*,*,#2621,.T.);
#2781 = PLANE('',#2782);
#2782 = AXIS2_PLACEMENT_3D('',#2783,#2784,#2785);
#2783 = CARTESIAN_POINT('',(0.,0.,5.1));
#2784 = DIRECTION('',(0.,0.,1.));
#2785 = DIRECTION('',(1.,0.,-0.));
#2786 = ADVANCED_FACE('',(#2787),#2797,.T.);
#2787 = FACE_BOUND('',#2788,.T.);
#2788 = EDGE_LOOP('',(#2789,#2795,#2796));
#2789 = ORIENTED_EDGE('',*,*,#2790,.F.);
#2790 = EDGE_CURVE('',#2100,#2022,#2791,.T.);
#2791 = LINE('',#2792,#2793);
#2792 = CARTESIAN_POINT('',(6.48,-2.,2.4));
#2793 = VECTOR('',#2794,1.);
#2794 = DIRECTION('',(0.,1.,0.));
#2795 = ORIENTED_EDGE('',*,*,#2107,.T.);
#2796 = ORIENTED_EDGE('',*,*,#2021,.T.);
#2797 = PLANE('',#2798);
#2798 = AXIS2_PLACEMENT_3D('',#2799,#2800,#2801);
#2799 = CARTESIAN_POINT('',(5.08770491145,-1.265782005125,2.4));
#2800 = DIRECTION('',(-4.370286341272E-18,-9.017547605327E-17,1.));
#2801 = DIRECTION('',(0.,1.,9.017547605327E-17));
#2802 = ADVANCED_FACE('',(#2803),#2830,.F.);
#2803 = FACE_BOUND('',#2804,.F.);
#2804 = EDGE_LOOP('',(#2805,#2806,#2807,#2815,#2823,#2829));
#2805 = ORIENTED_EDGE('',*,*,#2790,.F.);
#2806 = ORIENTED_EDGE('',*,*,#2099,.T.);
#2807 = ORIENTED_EDGE('',*,*,#2808,.T.);
#2808 = EDGE_CURVE('',#2091,#2809,#2811,.T.);
#2809 = VERTEX_POINT('',#2810);
#2810 = CARTESIAN_POINT('',(6.48,-1.484523257867,5.1));
#2811 = LINE('',#2812,#2813);
#2812 = CARTESIAN_POINT('',(6.48,-2.,5.1));
#2813 = VECTOR('',#2814,1.);
#2814 = DIRECTION('',(0.,1.,0.));
#2815 = ORIENTED_EDGE('',*,*,#2816,.T.);
#2816 = EDGE_CURVE('',#2809,#2817,#2819,.T.);
#2817 = VERTEX_POINT('',#2818);
#2818 = CARTESIAN_POINT('',(6.48,1.084523257867,5.1));
#2819 = LINE('',#2820,#2821);
#2820 = CARTESIAN_POINT('',(6.48,-2.,5.1));
#2821 = VECTOR('',#2822,1.);
#2822 = DIRECTION('',(0.,1.,0.));
#2823 = ORIENTED_EDGE('',*,*,#2824,.T.);
#2824 = EDGE_CURVE('',#2817,#2031,#2825,.T.);
#2825 = LINE('',#2826,#2827);
#2826 = CARTESIAN_POINT('',(6.48,-2.,5.1));
#2827 = VECTOR('',#2828,1.);
#2828 = DIRECTION('',(0.,1.,0.));
#2829 = ORIENTED_EDGE('',*,*,#2030,.F.);
#2830 = PLANE('',#2831);
#2831 = AXIS2_PLACEMENT_3D('',#2832,#2833,#2834);
#2832 = CARTESIAN_POINT('',(6.48,-2.,2.4));
#2833 = DIRECTION('',(-1.,0.,0.));
#2834 = DIRECTION('',(0.,1.,0.));
#2835 = ADVANCED_FACE('',(#2836),#2855,.T.);
#2836 = FACE_BOUND('',#2837,.T.);
#2837 = EDGE_LOOP('',(#2838,#2847,#2853,#2854));
#2838 = ORIENTED_EDGE('',*,*,#2839,.F.);
#2839 = EDGE_CURVE('',#2840,#2809,#2842,.T.);
#2840 = VERTEX_POINT('',#2841);
#2841 = CARTESIAN_POINT('',(5.68827625303,-2.,5.1));
#2842 = CIRCLE('',#2843,1.9);
#2843 = AXIS2_PLACEMENT_3D('',#2844,#2845,#2846);
#2844 = CARTESIAN_POINT('',(5.08,-0.2,5.1));
#2845 = DIRECTION('',(0.,0.,1.));
#2846 = DIRECTION('',(1.,0.,-0.));
#2847 = ORIENTED_EDGE('',*,*,#2848,.T.);
#2848 = EDGE_CURVE('',#2840,#2082,#2849,.T.);
#2849 = LINE('',#2850,#2851);
#2850 = CARTESIAN_POINT('',(3.68,-2.,5.1));
#2851 = VECTOR('',#2852,1.);
#2852 = DIRECTION('',(1.,0.,0.));
#2853 = ORIENTED_EDGE('',*,*,#2090,.T.);
#2854 = ORIENTED_EDGE('',*,*,#2808,.T.);
#2855 = PLANE('',#2856);
#2856 = AXIS2_PLACEMENT_3D('',#2857,#2858,#2859);
#2857 = CARTESIAN_POINT('',(5.08,0.,5.1));
#2858 = DIRECTION('',(0.,0.,1.));
#2859 = DIRECTION('',(1.,0.,-0.));
#2860 = ADVANCED_FACE('',(#2861),#2893,.F.);
#2861 = FACE_BOUND('',#2862,.F.);
#2862 = EDGE_LOOP('',(#2863,#2871,#2872,#2880,#2886,#2887));
#2863 = ORIENTED_EDGE('',*,*,#2864,.F.);
#2864 = EDGE_CURVE('',#2444,#2865,#2867,.T.);
#2865 = VERTEX_POINT('',#2866);
#2866 = CARTESIAN_POINT('',(3.68,-2.,5.1));
#2867 = LINE('',#2868,#2869);
#2868 = CARTESIAN_POINT('',(3.68,-104.6,5.1));
#2869 = VECTOR('',#2870,1.);
#2870 = DIRECTION('',(0.,1.,0.));
#2871 = ORIENTED_EDGE('',*,*,#2466,.F.);
#2872 = ORIENTED_EDGE('',*,*,#2873,.T.);
#2873 = EDGE_CURVE('',#2421,#2874,#2876,.T.);
#2874 = VERTEX_POINT('',#2875);
#2875 = CARTESIAN_POINT('',(6.48,-2.,5.1));
#2876 = LINE('',#2877,#2878);
#2877 = CARTESIAN_POINT('',(6.48,-104.6,5.1));
#2878 = VECTOR('',#2879,1.);
#2879 = DIRECTION('',(0.,1.,0.));
#2880 = ORIENTED_EDGE('',*,*,#2881,.F.);
#2881 = EDGE_CURVE('',#2082,#2874,#2882,.T.);
#2882 = LINE('',#2883,#2884);
#2883 = CARTESIAN_POINT('',(3.68,-2.,5.1));
#2884 = VECTOR('',#2885,1.);
#2885 = DIRECTION('',(1.,0.,0.));
#2886 = ORIENTED_EDGE('',*,*,#2081,.F.);
#2887 = ORIENTED_EDGE('',*,*,#2888,.F.);
#2888 = EDGE_CURVE('',#2865,#2073,#2889,.T.);
#2889 = LINE('',#2890,#2891);
#2890 = CARTESIAN_POINT('',(3.68,-2.,5.1));
#2891 = VECTOR('',#2892,1.);
#2892 = DIRECTION('',(1.,0.,0.));
#2893 = PLANE('',#2894);
#2894 = AXIS2_PLACEMENT_3D('',#2895,#2896,#2897);
#2895 = CARTESIAN_POINT('',(6.48,-104.6,5.1));
#2896 = DIRECTION('',(0.,0.,1.));
#2897 = DIRECTION('',(-1.,0.,0.));
#2898 = ADVANCED_FACE('',(#2899),#2925,.T.);
#2899 = FACE_BOUND('',#2900,.T.);
#2900 = EDGE_LOOP('',(#2901,#2912,#2918,#2919));
#2901 = ORIENTED_EDGE('',*,*,#2902,.F.);
#2902 = EDGE_CURVE('',#2903,#2905,#2907,.T.);
#2903 = VERTEX_POINT('',#2904);
#2904 = CARTESIAN_POINT('',(3.68,-1.484523257866,5.1));
#2905 = VERTEX_POINT('',#2906);
#2906 = CARTESIAN_POINT('',(4.47172374697,-2.,5.1));
#2907 = CIRCLE('',#2908,1.9);
#2908 = AXIS2_PLACEMENT_3D('',#2909,#2910,#2911);
#2909 = CARTESIAN_POINT('',(5.08,-0.2,5.1));
#2910 = DIRECTION('',(0.,0.,1.));
#2911 = DIRECTION('',(1.,0.,-0.));
#2912 = ORIENTED_EDGE('',*,*,#2913,.T.);
#2913 = EDGE_CURVE('',#2903,#2065,#2914,.T.);
#2914 = LINE('',#2915,#2916);
#2915 = CARTESIAN_POINT('',(3.68,2.,5.1));
#2916 = VECTOR('',#2917,1.);
#2917 = DIRECTION('',(0.,-1.,0.));
#2918 = ORIENTED_EDGE('',*,*,#2072,.T.);
#2919 = ORIENTED_EDGE('',*,*,#2920,.T.);
#2920 = EDGE_CURVE('',#2073,#2905,#2921,.T.);
#2921 = LINE('',#2922,#2923);
#2922 = CARTESIAN_POINT('',(3.68,-2.,5.1));
#2923 = VECTOR('',#2924,1.);
#2924 = DIRECTION('',(1.,0.,0.));
#2925 = PLANE('',#2926);
#2926 = AXIS2_PLACEMENT_3D('',#2927,#2928,#2929);
#2927 = CARTESIAN_POINT('',(5.08,0.,5.1));
#2928 = DIRECTION('',(0.,0.,1.));
#2929 = DIRECTION('',(1.,0.,-0.));
#2930 = ADVANCED_FACE('',(#2931),#2956,.F.);
#2931 = FACE_BOUND('',#2932,.F.);
#2932 = EDGE_LOOP('',(#2933,#2934,#2942,#2948,#2949,#2950));
#2933 = ORIENTED_EDGE('',*,*,#2047,.T.);
#2934 = ORIENTED_EDGE('',*,*,#2935,.T.);
#2935 = EDGE_CURVE('',#2039,#2936,#2938,.T.);
#2936 = VERTEX_POINT('',#2937);
#2937 = CARTESIAN_POINT('',(3.68,1.084523257866,5.1));
#2938 = LINE('',#2939,#2940);
#2939 = CARTESIAN_POINT('',(3.68,2.,5.1));
#2940 = VECTOR('',#2941,1.);
#2941 = DIRECTION('',(0.,-1.,0.));
#2942 = ORIENTED_EDGE('',*,*,#2943,.T.);
#2943 = EDGE_CURVE('',#2936,#2903,#2944,.T.);
#2944 = LINE('',#2945,#2946);
#2945 = CARTESIAN_POINT('',(3.68,2.,5.1));
#2946 = VECTOR('',#2947,1.);
#2947 = DIRECTION('',(0.,-1.,0.));
#2948 = ORIENTED_EDGE('',*,*,#2913,.T.);
#2949 = ORIENTED_EDGE('',*,*,#2064,.F.);
#2950 = ORIENTED_EDGE('',*,*,#2951,.F.);
#2951 = EDGE_CURVE('',#2048,#2056,#2952,.T.);
#2952 = LINE('',#2953,#2954);
#2953 = CARTESIAN_POINT('',(3.68,2.,2.4));
#2954 = VECTOR('',#2955,1.);
#2955 = DIRECTION('',(0.,-1.,0.));
#2956 = PLANE('',#2957);
#2957 = AXIS2_PLACEMENT_3D('',#2958,#2959,#2960);
#2958 = CARTESIAN_POINT('',(3.68,2.,2.4));
#2959 = DIRECTION('',(1.,0.,0.));
#2960 = DIRECTION('',(0.,-1.,0.));
#2961 = ADVANCED_FACE('',(#2962),#2966,.T.);
#2962 = FACE_BOUND('',#2963,.T.);
#2963 = EDGE_LOOP('',(#2964,#2965));
#2964 = ORIENTED_EDGE('',*,*,#2055,.T.);
#2965 = ORIENTED_EDGE('',*,*,#2951,.F.);
#2966 = PLANE('',#2967);
#2967 = AXIS2_PLACEMENT_3D('',#2968,#2969,#2970);
#2968 = CARTESIAN_POINT('',(5.08770491145,-1.265782005125,2.4));
#2969 = DIRECTION('',(-4.370286341272E-18,-9.017547605327E-17,1.));
#2970 = DIRECTION('',(0.,1.,9.017547605327E-17));
#2971 = ADVANCED_FACE('',(#2972),#2984,.T.);
#2972 = FACE_BOUND('',#2973,.T.);
#2973 = EDGE_LOOP('',(#2974,#2975,#2976,#2983));
#2974 = ORIENTED_EDGE('',*,*,#2038,.T.);
#2975 = ORIENTED_EDGE('',*,*,#2935,.T.);
#2976 = ORIENTED_EDGE('',*,*,#2977,.F.);
#2977 = EDGE_CURVE('',#2817,#2936,#2978,.T.);
#2978 = CIRCLE('',#2979,1.9);
#2979 = AXIS2_PLACEMENT_3D('',#2980,#2981,#2982);
#2980 = CARTESIAN_POINT('',(5.08,-0.2,5.1));
#2981 = DIRECTION('',(0.,0.,1.));
#2982 = DIRECTION('',(1.,0.,-0.));
#2983 = ORIENTED_EDGE('',*,*,#2824,.T.);
#2984 = PLANE('',#2985);
#2985 = AXIS2_PLACEMENT_3D('',#2986,#2987,#2988);
#2986 = CARTESIAN_POINT('',(5.08,0.,5.1));
#2987 = DIRECTION('',(0.,0.,1.));
#2988 = DIRECTION('',(1.,0.,-0.));
#2989 = ADVANCED_FACE('',(#2990),#2996,.F.);
#2990 = FACE_BOUND('',#2991,.F.);
#2991 = EDGE_LOOP('',(#2992,#2993,#2994,#2995));
#2992 = ORIENTED_EDGE('',*,*,#2208,.T.);
#2993 = ORIENTED_EDGE('',*,*,#2280,.T.);
#2994 = ORIENTED_EDGE('',*,*,#2263,.T.);
#2995 = ORIENTED_EDGE('',*,*,#2239,.T.);
#2996 = PLANE('',#2997);
#2997 = AXIS2_PLACEMENT_3D('',#2998,#2999,#3000);
#2998 = CARTESIAN_POINT('',(1.460819769244E-17,1.460819769244E-17,-3.5)
  );
#2999 = DIRECTION('',(0.,0.,1.));
#3000 = DIRECTION('',(1.,0.,-0.));
#3001 = ADVANCED_FACE('',(#3002),#3008,.F.);
#3002 = FACE_BOUND('',#3003,.F.);
#3003 = EDGE_LOOP('',(#3004,#3005,#3006,#3007));
#3004 = ORIENTED_EDGE('',*,*,#2304,.T.);
#3005 = ORIENTED_EDGE('',*,*,#2376,.T.);
#3006 = ORIENTED_EDGE('',*,*,#2359,.T.);
#3007 = ORIENTED_EDGE('',*,*,#2335,.T.);
#3008 = PLANE('',#3009);
#3009 = AXIS2_PLACEMENT_3D('',#3010,#3011,#3012);
#3010 = CARTESIAN_POINT('',(5.08,1.460819769244E-17,-3.5));
#3011 = DIRECTION('',(0.,0.,1.));
#3012 = DIRECTION('',(1.,0.,-0.));
#3013 = ADVANCED_FACE('',(#3014),#3039,.T.);
#3014 = FACE_BOUND('',#3015,.T.);
#3015 = EDGE_LOOP('',(#3016,#3024,#3025,#3033));
#3016 = ORIENTED_EDGE('',*,*,#3017,.F.);
#3017 = EDGE_CURVE('',#2392,#3018,#3020,.T.);
#3018 = VERTEX_POINT('',#3019);
#3019 = CARTESIAN_POINT('',(3.68,-2.,2.4));
#3020 = LINE('',#3021,#3022);
#3021 = CARTESIAN_POINT('',(3.68,-104.6,2.4));
#3022 = VECTOR('',#3023,1.);
#3023 = DIRECTION('',(0.,1.,0.));
#3024 = ORIENTED_EDGE('',*,*,#2391,.T.);
#3025 = ORIENTED_EDGE('',*,*,#3026,.T.);
#3026 = EDGE_CURVE('',#2394,#3027,#3029,.T.);
#3027 = VERTEX_POINT('',#3028);
#3028 = CARTESIAN_POINT('',(6.48,-2.,2.4));
#3029 = LINE('',#3030,#3031);
#3030 = CARTESIAN_POINT('',(6.48,-104.6,2.4));
#3031 = VECTOR('',#3032,1.);
#3032 = DIRECTION('',(0.,1.,0.));
#3033 = ORIENTED_EDGE('',*,*,#3034,.F.);
#3034 = EDGE_CURVE('',#3018,#3027,#3035,.T.);
#3035 = LINE('',#3036,#3037);
#3036 = CARTESIAN_POINT('',(3.68,-2.,2.4));
#3037 = VECTOR('',#3038,1.);
#3038 = DIRECTION('',(1.,0.,0.));
#3039 = PLANE('',#3040);
#3040 = AXIS2_PLACEMENT_3D('',#3041,#3042,#3043);
#3041 = CARTESIAN_POINT('',(5.08770491145,-1.265782005125,2.4));
#3042 = DIRECTION('',(-4.370286341272E-18,-9.017547605327E-17,1.));
#3043 = DIRECTION('',(0.,1.,9.017547605327E-17));
#3044 = ADVANCED_FACE('',(#3045),#3056,.F.);
#3045 = FACE_BOUND('',#3046,.F.);
#3046 = EDGE_LOOP('',(#3047,#3048,#3049,#3050));
#3047 = ORIENTED_EDGE('',*,*,#2873,.F.);
#3048 = ORIENTED_EDGE('',*,*,#2420,.F.);
#3049 = ORIENTED_EDGE('',*,*,#3026,.T.);
#3050 = ORIENTED_EDGE('',*,*,#3051,.T.);
#3051 = EDGE_CURVE('',#3027,#2874,#3052,.T.);
#3052 = LINE('',#3053,#3054);
#3053 = CARTESIAN_POINT('',(6.48,-2.,2.4));
#3054 = VECTOR('',#3055,1.);
#3055 = DIRECTION('',(0.,0.,1.));
#3056 = PLANE('',#3057);
#3057 = AXIS2_PLACEMENT_3D('',#3058,#3059,#3060);
#3058 = CARTESIAN_POINT('',(6.48,-104.6,2.4));
#3059 = DIRECTION('',(1.,0.,0.));
#3060 = DIRECTION('',(0.,0.,1.));
#3061 = ADVANCED_FACE('',(#3062),#3073,.F.);
#3062 = FACE_BOUND('',#3063,.F.);
#3063 = EDGE_LOOP('',(#3064,#3065,#3066,#3067));
#3064 = ORIENTED_EDGE('',*,*,#3017,.F.);
#3065 = ORIENTED_EDGE('',*,*,#2443,.F.);
#3066 = ORIENTED_EDGE('',*,*,#2864,.T.);
#3067 = ORIENTED_EDGE('',*,*,#3068,.F.);
#3068 = EDGE_CURVE('',#3018,#2865,#3069,.T.);
#3069 = LINE('',#3070,#3071);
#3070 = CARTESIAN_POINT('',(3.68,-2.,2.4));
#3071 = VECTOR('',#3072,1.);
#3072 = DIRECTION('',(0.,0.,1.));
#3073 = PLANE('',#3074);
#3074 = AXIS2_PLACEMENT_3D('',#3075,#3076,#3077);
#3075 = CARTESIAN_POINT('',(3.68,-104.6,5.1));
#3076 = DIRECTION('',(-1.,-0.,-0.));
#3077 = DIRECTION('',(0.,0.,-1.));
#3078 = ADVANCED_FACE('',(#3079),#3104,.T.);
#3079 = FACE_BOUND('',#3080,.T.);
#3080 = EDGE_LOOP('',(#3081,#3089,#3090,#3098));
#3081 = ORIENTED_EDGE('',*,*,#3082,.F.);
#3082 = EDGE_CURVE('',#2484,#3083,#3085,.T.);
#3083 = VERTEX_POINT('',#3084);
#3084 = CARTESIAN_POINT('',(-1.4,-2.,2.4));
#3085 = LINE('',#3086,#3087);
#3086 = CARTESIAN_POINT('',(-1.4,-104.6,2.4));
#3087 = VECTOR('',#3088,1.);
#3088 = DIRECTION('',(0.,1.,0.));
#3089 = ORIENTED_EDGE('',*,*,#2483,.T.);
#3090 = ORIENTED_EDGE('',*,*,#3091,.T.);
#3091 = EDGE_CURVE('',#2486,#3092,#3094,.T.);
#3092 = VERTEX_POINT('',#3093);
#3093 = CARTESIAN_POINT('',(1.4,-2.,2.4));
#3094 = LINE('',#3095,#3096);
#3095 = CARTESIAN_POINT('',(1.4,-104.6,2.4));
#3096 = VECTOR('',#3097,1.);
#3097 = DIRECTION('',(0.,1.,0.));
#3098 = ORIENTED_EDGE('',*,*,#3099,.F.);
#3099 = EDGE_CURVE('',#3083,#3092,#3100,.T.);
#3100 = LINE('',#3101,#3102);
#3101 = CARTESIAN_POINT('',(-1.4,-2.,2.4));
#3102 = VECTOR('',#3103,1.);
#3103 = DIRECTION('',(1.,0.,0.));
#3104 = PLANE('',#3105);
#3105 = AXIS2_PLACEMENT_3D('',#3106,#3107,#3108);
#3106 = CARTESIAN_POINT('',(7.70491144959E-03,-1.265782005125,2.4));
#3107 = DIRECTION('',(-4.370286341272E-18,-9.017547605327E-17,1.));
#3108 = DIRECTION('',(0.,1.,9.017547605327E-17));
#3109 = ADVANCED_FACE('',(#3110),#3121,.F.);
#3110 = FACE_BOUND('',#3111,.F.);
#3111 = EDGE_LOOP('',(#3112,#3113,#3114,#3115));
#3112 = ORIENTED_EDGE('',*,*,#2670,.F.);
#3113 = ORIENTED_EDGE('',*,*,#2512,.F.);
#3114 = ORIENTED_EDGE('',*,*,#3091,.T.);
#3115 = ORIENTED_EDGE('',*,*,#3116,.T.);
#3116 = EDGE_CURVE('',#3092,#2671,#3117,.T.);
#3117 = LINE('',#3118,#3119);
#3118 = CARTESIAN_POINT('',(1.4,-2.,2.4));
#3119 = VECTOR('',#3120,1.);
#3120 = DIRECTION('',(0.,0.,1.));
#3121 = PLANE('',#3122);
#3122 = AXIS2_PLACEMENT_3D('',#3123,#3124,#3125);
#3123 = CARTESIAN_POINT('',(1.4,-104.6,2.4));
#3124 = DIRECTION('',(1.,0.,0.));
#3125 = DIRECTION('',(0.,0.,1.));
#3126 = ADVANCED_FACE('',(#3127),#3138,.F.);
#3127 = FACE_BOUND('',#3128,.F.);
#3128 = EDGE_LOOP('',(#3129,#3130,#3131,#3132));
#3129 = ORIENTED_EDGE('',*,*,#3082,.F.);
#3130 = ORIENTED_EDGE('',*,*,#2535,.F.);
#3131 = ORIENTED_EDGE('',*,*,#2661,.T.);
#3132 = ORIENTED_EDGE('',*,*,#3133,.F.);
#3133 = EDGE_CURVE('',#3083,#2662,#3134,.T.);
#3134 = LINE('',#3135,#3136);
#3135 = CARTESIAN_POINT('',(-1.4,-2.,2.4));
#3136 = VECTOR('',#3137,1.);
#3137 = DIRECTION('',(0.,0.,1.));
#3138 = PLANE('',#3139);
#3139 = AXIS2_PLACEMENT_3D('',#3140,#3141,#3142);
#3140 = CARTESIAN_POINT('',(-1.4,-104.6,5.1));
#3141 = DIRECTION('',(-1.,-0.,-0.));
#3142 = DIRECTION('',(0.,0.,-1.));
#3143 = ADVANCED_FACE('',(#3144),#3163,.F.);
#3144 = FACE_BOUND('',#3145,.F.);
#3145 = EDGE_LOOP('',(#3146,#3155,#3162));
#3146 = ORIENTED_EDGE('',*,*,#3147,.T.);
#3147 = EDGE_CURVE('',#2606,#3148,#3150,.T.);
#3148 = VERTEX_POINT('',#3149);
#3149 = CARTESIAN_POINT('',(1.9,-0.2,5.1));
#3150 = CIRCLE('',#3151,1.9);
#3151 = AXIS2_PLACEMENT_3D('',#3152,#3153,#3154);
#3152 = CARTESIAN_POINT('',(0.,-0.2,5.1));
#3153 = DIRECTION('',(0.,0.,1.));
#3154 = DIRECTION('',(1.,0.,-0.));
#3155 = ORIENTED_EDGE('',*,*,#3156,.T.);
#3156 = EDGE_CURVE('',#3148,#2614,#3157,.T.);
#3157 = CIRCLE('',#3158,1.9);
#3158 = AXIS2_PLACEMENT_3D('',#3159,#3160,#3161);
#3159 = CARTESIAN_POINT('',(0.,-0.2,5.1));
#3160 = DIRECTION('',(0.,0.,1.));
#3161 = DIRECTION('',(1.,0.,-0.));
#3162 = ORIENTED_EDGE('',*,*,#2613,.F.);
#3163 = PLANE('',#3164);
#3164 = AXIS2_PLACEMENT_3D('',#3165,#3166,#3167);
#3165 = CARTESIAN_POINT('',(-1.799263332289E-16,-0.2,5.1));
#3166 = DIRECTION('',(0.,0.,1.));
#3167 = DIRECTION('',(1.,0.,-0.));
#3168 = ADVANCED_FACE('',(#3169),#3274,.T.);
#3169 = FACE_BOUND('',#3170,.T.);
#3170 = EDGE_LOOP('',(#3171,#3182,#3190,#3199,#3207,#3216,#3224,#3233,
    #3241,#3248,#3254,#3255,#3256,#3263,#3264,#3271,#3272,#3273));
#3171 = ORIENTED_EDGE('',*,*,#3172,.F.);
#3172 = EDGE_CURVE('',#3173,#3175,#3177,.T.);
#3173 = VERTEX_POINT('',#3174);
#3174 = CARTESIAN_POINT('',(0.35,-2.067484939698,13.6));
#3175 = VERTEX_POINT('',#3176);
#3176 = CARTESIAN_POINT('',(1.9,-0.2,13.6));
#3177 = CIRCLE('',#3178,1.9);
#3178 = AXIS2_PLACEMENT_3D('',#3179,#3180,#3181);
#3179 = CARTESIAN_POINT('',(0.,-0.2,13.6));
#3180 = DIRECTION('',(0.,0.,1.));
#3181 = DIRECTION('',(1.,0.,-0.));
#3182 = ORIENTED_EDGE('',*,*,#3183,.T.);
#3183 = EDGE_CURVE('',#3173,#3184,#3186,.T.);
#3184 = VERTEX_POINT('',#3185);
#3185 = CARTESIAN_POINT('',(0.35,-2.067484939698,12.9));
#3186 = LINE('',#3187,#3188);
#3187 = CARTESIAN_POINT('',(0.35,-2.067484939698,5.1));
#3188 = VECTOR('',#3189,1.);
#3189 = DIRECTION('',(-0.,-0.,-1.));
#3190 = ORIENTED_EDGE('',*,*,#3191,.T.);
#3191 = EDGE_CURVE('',#3184,#3192,#3194,.T.);
#3192 = VERTEX_POINT('',#3193);
#3193 = CARTESIAN_POINT('',(-0.35,-2.067484939698,12.9));
#3194 = CIRCLE('',#3195,1.9);
#3195 = AXIS2_PLACEMENT_3D('',#3196,#3197,#3198);
#3196 = CARTESIAN_POINT('',(0.,-0.2,12.9));
#3197 = DIRECTION('',(0.,0.,-1.));
#3198 = DIRECTION('',(1.,0.,0.));
#3199 = ORIENTED_EDGE('',*,*,#3200,.F.);
#3200 = EDGE_CURVE('',#3201,#3192,#3203,.T.);
#3201 = VERTEX_POINT('',#3202);
#3202 = CARTESIAN_POINT('',(-0.35,-2.067484939698,13.6));
#3203 = LINE('',#3204,#3205);
#3204 = CARTESIAN_POINT('',(-0.35,-2.067484939698,5.1));
#3205 = VECTOR('',#3206,1.);
#3206 = DIRECTION('',(-0.,-0.,-1.));
#3207 = ORIENTED_EDGE('',*,*,#3208,.F.);
#3208 = EDGE_CURVE('',#3209,#3201,#3211,.T.);
#3209 = VERTEX_POINT('',#3210);
#3210 = CARTESIAN_POINT('',(-0.35,1.667484939698,13.6));
#3211 = CIRCLE('',#3212,1.9);
#3212 = AXIS2_PLACEMENT_3D('',#3213,#3214,#3215);
#3213 = CARTESIAN_POINT('',(0.,-0.2,13.6));
#3214 = DIRECTION('',(0.,0.,1.));
#3215 = DIRECTION('',(1.,0.,-0.));
#3216 = ORIENTED_EDGE('',*,*,#3217,.T.);
#3217 = EDGE_CURVE('',#3209,#3218,#3220,.T.);
#3218 = VERTEX_POINT('',#3219);
#3219 = CARTESIAN_POINT('',(-0.35,1.667484939698,12.9));
#3220 = LINE('',#3221,#3222);
#3221 = CARTESIAN_POINT('',(-0.35,1.667484939698,5.1));
#3222 = VECTOR('',#3223,1.);
#3223 = DIRECTION('',(-0.,-0.,-1.));
#3224 = ORIENTED_EDGE('',*,*,#3225,.T.);
#3225 = EDGE_CURVE('',#3218,#3226,#3228,.T.);
#3226 = VERTEX_POINT('',#3227);
#3227 = CARTESIAN_POINT('',(0.35,1.667484939698,12.9));
#3228 = CIRCLE('',#3229,1.9);
#3229 = AXIS2_PLACEMENT_3D('',#3230,#3231,#3232);
#3230 = CARTESIAN_POINT('',(0.,-0.2,12.9));
#3231 = DIRECTION('',(0.,0.,-1.));
#3232 = DIRECTION('',(1.,0.,0.));
#3233 = ORIENTED_EDGE('',*,*,#3234,.F.);
#3234 = EDGE_CURVE('',#3235,#3226,#3237,.T.);
#3235 = VERTEX_POINT('',#3236);
#3236 = CARTESIAN_POINT('',(0.35,1.667484939698,13.6));
#3237 = LINE('',#3238,#3239);
#3238 = CARTESIAN_POINT('',(0.35,1.667484939698,5.1));
#3239 = VECTOR('',#3240,1.);
#3240 = DIRECTION('',(-0.,-0.,-1.));
#3241 = ORIENTED_EDGE('',*,*,#3242,.F.);
#3242 = EDGE_CURVE('',#3175,#3235,#3243,.T.);
#3243 = CIRCLE('',#3244,1.9);
#3244 = AXIS2_PLACEMENT_3D('',#3245,#3246,#3247);
#3245 = CARTESIAN_POINT('',(0.,-0.2,13.6));
#3246 = DIRECTION('',(0.,0.,1.));
#3247 = DIRECTION('',(1.,0.,-0.));
#3248 = ORIENTED_EDGE('',*,*,#3249,.F.);
#3249 = EDGE_CURVE('',#3148,#3175,#3250,.T.);
#3250 = LINE('',#3251,#3252);
#3251 = CARTESIAN_POINT('',(1.9,-0.2,5.1));
#3252 = VECTOR('',#3253,1.);
#3253 = DIRECTION('',(0.,0.,1.));
#3254 = ORIENTED_EDGE('',*,*,#3156,.T.);
#3255 = ORIENTED_EDGE('',*,*,#2774,.T.);
#3256 = ORIENTED_EDGE('',*,*,#3257,.T.);
#3257 = EDGE_CURVE('',#2733,#2700,#3258,.T.);
#3258 = CIRCLE('',#3259,1.9);
#3259 = AXIS2_PLACEMENT_3D('',#3260,#3261,#3262);
#3260 = CARTESIAN_POINT('',(0.,-0.2,5.1));
#3261 = DIRECTION('',(0.,0.,1.));
#3262 = DIRECTION('',(1.,0.,-0.));
#3263 = ORIENTED_EDGE('',*,*,#2699,.T.);
#3264 = ORIENTED_EDGE('',*,*,#3265,.T.);
#3265 = EDGE_CURVE('',#2702,#2637,#3266,.T.);
#3266 = CIRCLE('',#3267,1.9);
#3267 = AXIS2_PLACEMENT_3D('',#3268,#3269,#3270);
#3268 = CARTESIAN_POINT('',(0.,-0.2,5.1));
#3269 = DIRECTION('',(0.,0.,1.));
#3270 = DIRECTION('',(1.,0.,-0.));
#3271 = ORIENTED_EDGE('',*,*,#2636,.T.);
#3272 = ORIENTED_EDGE('',*,*,#3147,.T.);
#3273 = ORIENTED_EDGE('',*,*,#3249,.T.);
#3274 = CYLINDRICAL_SURFACE('',#3275,1.9);
#3275 = AXIS2_PLACEMENT_3D('',#3276,#3277,#3278);
#3276 = CARTESIAN_POINT('',(0.,-0.2,5.1));
#3277 = DIRECTION('',(-0.,-0.,-1.));
#3278 = DIRECTION('',(1.,0.,0.));
#3279 = ADVANCED_FACE('',(#3280,#3295),#3329,.F.);
#3280 = FACE_BOUND('',#3281,.F.);
#3281 = EDGE_LOOP('',(#3282,#3283,#3284,#3285,#3291,#3292,#3293,#3294));
#3282 = ORIENTED_EDGE('',*,*,#3133,.T.);
#3283 = ORIENTED_EDGE('',*,*,#2685,.T.);
#3284 = ORIENTED_EDGE('',*,*,#2717,.T.);
#3285 = ORIENTED_EDGE('',*,*,#3286,.T.);
#3286 = EDGE_CURVE('',#2702,#2637,#3287,.T.);
#3287 = LINE('',#3288,#3289);
#3288 = CARTESIAN_POINT('',(-1.4,-2.,5.1));
#3289 = VECTOR('',#3290,1.);
#3290 = DIRECTION('',(1.,0.,0.));
#3291 = ORIENTED_EDGE('',*,*,#2645,.T.);
#3292 = ORIENTED_EDGE('',*,*,#2678,.T.);
#3293 = ORIENTED_EDGE('',*,*,#3116,.F.);
#3294 = ORIENTED_EDGE('',*,*,#3099,.F.);
#3295 = FACE_BOUND('',#3296,.F.);
#3296 = EDGE_LOOP('',(#3297,#3307,#3315,#3323));
#3297 = ORIENTED_EDGE('',*,*,#3298,.T.);
#3298 = EDGE_CURVE('',#3299,#3301,#3303,.T.);
#3299 = VERTEX_POINT('',#3300);
#3300 = CARTESIAN_POINT('',(-1.25,-2.,5.));
#3301 = VERTEX_POINT('',#3302);
#3302 = CARTESIAN_POINT('',(-1.25,-2.,2.5));
#3303 = LINE('',#3304,#3305);
#3304 = CARTESIAN_POINT('',(-1.25,-2.,5.));
#3305 = VECTOR('',#3306,1.);
#3306 = DIRECTION('',(0.,0.,-1.));
#3307 = ORIENTED_EDGE('',*,*,#3308,.T.);
#3308 = EDGE_CURVE('',#3301,#3309,#3311,.T.);
#3309 = VERTEX_POINT('',#3310);
#3310 = CARTESIAN_POINT('',(1.25,-2.,2.5));
#3311 = LINE('',#3312,#3313);
#3312 = CARTESIAN_POINT('',(-1.25,-2.,2.5));
#3313 = VECTOR('',#3314,1.);
#3314 = DIRECTION('',(1.,0.,0.));
#3315 = ORIENTED_EDGE('',*,*,#3316,.T.);
#3316 = EDGE_CURVE('',#3309,#3317,#3319,.T.);
#3317 = VERTEX_POINT('',#3318);
#3318 = CARTESIAN_POINT('',(1.25,-2.,5.));
#3319 = LINE('',#3320,#3321);
#3320 = CARTESIAN_POINT('',(1.25,-2.,2.5));
#3321 = VECTOR('',#3322,1.);
#3322 = DIRECTION('',(0.,0.,1.));
#3323 = ORIENTED_EDGE('',*,*,#3324,.T.);
#3324 = EDGE_CURVE('',#3317,#3299,#3325,.T.);
#3325 = LINE('',#3326,#3327);
#3326 = CARTESIAN_POINT('',(1.25,-2.,5.));
#3327 = VECTOR('',#3328,1.);
#3328 = DIRECTION('',(-1.,0.,0.));
#3329 = PLANE('',#3330);
#3330 = AXIS2_PLACEMENT_3D('',#3331,#3332,#3333);
#3331 = CARTESIAN_POINT('',(-1.4,-2.,2.4));
#3332 = DIRECTION('',(0.,1.,0.));
#3333 = DIRECTION('',(1.,0.,0.));
#3334 = ADVANCED_FACE('',(#3335),#3339,.F.);
#3335 = FACE_BOUND('',#3336,.F.);
#3336 = EDGE_LOOP('',(#3337,#3338));
#3337 = ORIENTED_EDGE('',*,*,#2740,.F.);
#3338 = ORIENTED_EDGE('',*,*,#3257,.T.);
#3339 = PLANE('',#3340);
#3340 = AXIS2_PLACEMENT_3D('',#3341,#3342,#3343);
#3341 = CARTESIAN_POINT('',(-1.799263332289E-16,-0.2,5.1));
#3342 = DIRECTION('',(0.,0.,1.));
#3343 = DIRECTION('',(1.,0.,-0.));
#3344 = ADVANCED_FACE('',(#3345),#3364,.F.);
#3345 = FACE_BOUND('',#3346,.F.);
#3346 = EDGE_LOOP('',(#3347,#3356,#3363));
#3347 = ORIENTED_EDGE('',*,*,#3348,.T.);
#3348 = EDGE_CURVE('',#2809,#3349,#3351,.T.);
#3349 = VERTEX_POINT('',#3350);
#3350 = CARTESIAN_POINT('',(6.98,-0.2,5.1));
#3351 = CIRCLE('',#3352,1.9);
#3352 = AXIS2_PLACEMENT_3D('',#3353,#3354,#3355);
#3353 = CARTESIAN_POINT('',(5.08,-0.2,5.1));
#3354 = DIRECTION('',(0.,0.,1.));
#3355 = DIRECTION('',(1.,0.,-0.));
#3356 = ORIENTED_EDGE('',*,*,#3357,.T.);
#3357 = EDGE_CURVE('',#3349,#2817,#3358,.T.);
#3358 = CIRCLE('',#3359,1.9);
#3359 = AXIS2_PLACEMENT_3D('',#3360,#3361,#3362);
#3360 = CARTESIAN_POINT('',(5.08,-0.2,5.1));
#3361 = DIRECTION('',(0.,0.,1.));
#3362 = DIRECTION('',(1.,0.,-0.));
#3363 = ORIENTED_EDGE('',*,*,#2816,.F.);
#3364 = PLANE('',#3365);
#3365 = AXIS2_PLACEMENT_3D('',#3366,#3367,#3368);
#3366 = CARTESIAN_POINT('',(5.08,-0.2,5.1));
#3367 = DIRECTION('',(0.,0.,1.));
#3368 = DIRECTION('',(1.,0.,-0.));
#3369 = ADVANCED_FACE('',(#3370),#3475,.T.);
#3370 = FACE_BOUND('',#3371,.T.);
#3371 = EDGE_LOOP('',(#3372,#3383,#3391,#3400,#3408,#3417,#3425,#3434,
    #3442,#3449,#3455,#3456,#3457,#3464,#3465,#3472,#3473,#3474));
#3372 = ORIENTED_EDGE('',*,*,#3373,.F.);
#3373 = EDGE_CURVE('',#3374,#3376,#3378,.T.);
#3374 = VERTEX_POINT('',#3375);
#3375 = CARTESIAN_POINT('',(5.43,-2.067484939698,13.6));
#3376 = VERTEX_POINT('',#3377);
#3377 = CARTESIAN_POINT('',(6.98,-0.2,13.6));
#3378 = CIRCLE('',#3379,1.9);
#3379 = AXIS2_PLACEMENT_3D('',#3380,#3381,#3382);
#3380 = CARTESIAN_POINT('',(5.08,-0.2,13.6));
#3381 = DIRECTION('',(0.,0.,1.));
#3382 = DIRECTION('',(1.,0.,-0.));
#3383 = ORIENTED_EDGE('',*,*,#3384,.T.);
#3384 = EDGE_CURVE('',#3374,#3385,#3387,.T.);
#3385 = VERTEX_POINT('',#3386);
#3386 = CARTESIAN_POINT('',(5.43,-2.067484939698,12.9));
#3387 = LINE('',#3388,#3389);
#3388 = CARTESIAN_POINT('',(5.43,-2.067484939698,5.1));
#3389 = VECTOR('',#3390,1.);
#3390 = DIRECTION('',(-0.,-0.,-1.));
#3391 = ORIENTED_EDGE('',*,*,#3392,.T.);
#3392 = EDGE_CURVE('',#3385,#3393,#3395,.T.);
#3393 = VERTEX_POINT('',#3394);
#3394 = CARTESIAN_POINT('',(4.73,-2.067484939698,12.9));
#3395 = CIRCLE('',#3396,1.9);
#3396 = AXIS2_PLACEMENT_3D('',#3397,#3398,#3399);
#3397 = CARTESIAN_POINT('',(5.08,-0.2,12.9));
#3398 = DIRECTION('',(0.,0.,-1.));
#3399 = DIRECTION('',(1.,0.,0.));
#3400 = ORIENTED_EDGE('',*,*,#3401,.F.);
#3401 = EDGE_CURVE('',#3402,#3393,#3404,.T.);
#3402 = VERTEX_POINT('',#3403);
#3403 = CARTESIAN_POINT('',(4.73,-2.067484939698,13.6));
#3404 = LINE('',#3405,#3406);
#3405 = CARTESIAN_POINT('',(4.73,-2.067484939698,5.1));
#3406 = VECTOR('',#3407,1.);
#3407 = DIRECTION('',(-0.,-0.,-1.));
#3408 = ORIENTED_EDGE('',*,*,#3409,.F.);
#3409 = EDGE_CURVE('',#3410,#3402,#3412,.T.);
#3410 = VERTEX_POINT('',#3411);
#3411 = CARTESIAN_POINT('',(4.73,1.667484939698,13.6));
#3412 = CIRCLE('',#3413,1.9);
#3413 = AXIS2_PLACEMENT_3D('',#3414,#3415,#3416);
#3414 = CARTESIAN_POINT('',(5.08,-0.2,13.6));
#3415 = DIRECTION('',(0.,0.,1.));
#3416 = DIRECTION('',(1.,0.,-0.));
#3417 = ORIENTED_EDGE('',*,*,#3418,.T.);
#3418 = EDGE_CURVE('',#3410,#3419,#3421,.T.);
#3419 = VERTEX_POINT('',#3420);
#3420 = CARTESIAN_POINT('',(4.73,1.667484939698,12.9));
#3421 = LINE('',#3422,#3423);
#3422 = CARTESIAN_POINT('',(4.73,1.667484939698,5.1));
#3423 = VECTOR('',#3424,1.);
#3424 = DIRECTION('',(-0.,-0.,-1.));
#3425 = ORIENTED_EDGE('',*,*,#3426,.T.);
#3426 = EDGE_CURVE('',#3419,#3427,#3429,.T.);
#3427 = VERTEX_POINT('',#3428);
#3428 = CARTESIAN_POINT('',(5.43,1.667484939698,12.9));
#3429 = CIRCLE('',#3430,1.9);
#3430 = AXIS2_PLACEMENT_3D('',#3431,#3432,#3433);
#3431 = CARTESIAN_POINT('',(5.08,-0.2,12.9));
#3432 = DIRECTION('',(0.,0.,-1.));
#3433 = DIRECTION('',(1.,0.,0.));
#3434 = ORIENTED_EDGE('',*,*,#3435,.F.);
#3435 = EDGE_CURVE('',#3436,#3427,#3438,.T.);
#3436 = VERTEX_POINT('',#3437);
#3437 = CARTESIAN_POINT('',(5.43,1.667484939698,13.6));
#3438 = LINE('',#3439,#3440);
#3439 = CARTESIAN_POINT('',(5.43,1.667484939698,5.1));
#3440 = VECTOR('',#3441,1.);
#3441 = DIRECTION('',(-0.,-0.,-1.));
#3442 = ORIENTED_EDGE('',*,*,#3443,.F.);
#3443 = EDGE_CURVE('',#3376,#3436,#3444,.T.);
#3444 = CIRCLE('',#3445,1.9);
#3445 = AXIS2_PLACEMENT_3D('',#3446,#3447,#3448);
#3446 = CARTESIAN_POINT('',(5.08,-0.2,13.6));
#3447 = DIRECTION('',(0.,0.,1.));
#3448 = DIRECTION('',(1.,0.,-0.));
#3449 = ORIENTED_EDGE('',*,*,#3450,.F.);
#3450 = EDGE_CURVE('',#3349,#3376,#3451,.T.);
#3451 = LINE('',#3452,#3453);
#3452 = CARTESIAN_POINT('',(6.98,-0.2,5.1));
#3453 = VECTOR('',#3454,1.);
#3454 = DIRECTION('',(0.,0.,1.));
#3455 = ORIENTED_EDGE('',*,*,#3357,.T.);
#3456 = ORIENTED_EDGE('',*,*,#2977,.T.);
#3457 = ORIENTED_EDGE('',*,*,#3458,.T.);
#3458 = EDGE_CURVE('',#2936,#2903,#3459,.T.);
#3459 = CIRCLE('',#3460,1.9);
#3460 = AXIS2_PLACEMENT_3D('',#3461,#3462,#3463);
#3461 = CARTESIAN_POINT('',(5.08,-0.2,5.1));
#3462 = DIRECTION('',(0.,0.,1.));
#3463 = DIRECTION('',(1.,0.,-0.));
#3464 = ORIENTED_EDGE('',*,*,#2902,.T.);
#3465 = ORIENTED_EDGE('',*,*,#3466,.T.);
#3466 = EDGE_CURVE('',#2905,#2840,#3467,.T.);
#3467 = CIRCLE('',#3468,1.9);
#3468 = AXIS2_PLACEMENT_3D('',#3469,#3470,#3471);
#3469 = CARTESIAN_POINT('',(5.08,-0.2,5.1));
#3470 = DIRECTION('',(0.,0.,1.));
#3471 = DIRECTION('',(1.,0.,-0.));
#3472 = ORIENTED_EDGE('',*,*,#2839,.T.);
#3473 = ORIENTED_EDGE('',*,*,#3348,.T.);
#3474 = ORIENTED_EDGE('',*,*,#3450,.T.);
#3475 = CYLINDRICAL_SURFACE('',#3476,1.9);
#3476 = AXIS2_PLACEMENT_3D('',#3477,#3478,#3479);
#3477 = CARTESIAN_POINT('',(5.08,-0.2,5.1));
#3478 = DIRECTION('',(-0.,-0.,-1.));
#3479 = DIRECTION('',(1.,0.,0.));
#3480 = ADVANCED_FACE('',(#3481,#3496),#3530,.F.);
#3481 = FACE_BOUND('',#3482,.F.);
#3482 = EDGE_LOOP('',(#3483,#3484,#3485,#3486,#3492,#3493,#3494,#3495));
#3483 = ORIENTED_EDGE('',*,*,#3068,.T.);
#3484 = ORIENTED_EDGE('',*,*,#2888,.T.);
#3485 = ORIENTED_EDGE('',*,*,#2920,.T.);
#3486 = ORIENTED_EDGE('',*,*,#3487,.T.);
#3487 = EDGE_CURVE('',#2905,#2840,#3488,.T.);
#3488 = LINE('',#3489,#3490);
#3489 = CARTESIAN_POINT('',(3.68,-2.,5.1));
#3490 = VECTOR('',#3491,1.);
#3491 = DIRECTION('',(1.,0.,0.));
#3492 = ORIENTED_EDGE('',*,*,#2848,.T.);
#3493 = ORIENTED_EDGE('',*,*,#2881,.T.);
#3494 = ORIENTED_EDGE('',*,*,#3051,.F.);
#3495 = ORIENTED_EDGE('',*,*,#3034,.F.);
#3496 = FACE_BOUND('',#3497,.F.);
#3497 = EDGE_LOOP('',(#3498,#3508,#3516,#3524));
#3498 = ORIENTED_EDGE('',*,*,#3499,.T.);
#3499 = EDGE_CURVE('',#3500,#3502,#3504,.T.);
#3500 = VERTEX_POINT('',#3501);
#3501 = CARTESIAN_POINT('',(3.83,-2.,5.));
#3502 = VERTEX_POINT('',#3503);
#3503 = CARTESIAN_POINT('',(3.83,-2.,2.5));
#3504 = LINE('',#3505,#3506);
#3505 = CARTESIAN_POINT('',(3.83,-2.,5.));
#3506 = VECTOR('',#3507,1.);
#3507 = DIRECTION('',(0.,0.,-1.));
#3508 = ORIENTED_EDGE('',*,*,#3509,.T.);
#3509 = EDGE_CURVE('',#3502,#3510,#3512,.T.);
#3510 = VERTEX_POINT('',#3511);
#3511 = CARTESIAN_POINT('',(6.33,-2.,2.5));
#3512 = LINE('',#3513,#3514);
#3513 = CARTESIAN_POINT('',(3.83,-2.,2.5));
#3514 = VECTOR('',#3515,1.);
#3515 = DIRECTION('',(1.,0.,0.));
#3516 = ORIENTED_EDGE('',*,*,#3517,.T.);
#3517 = EDGE_CURVE('',#3510,#3518,#3520,.T.);
#3518 = VERTEX_POINT('',#3519);
#3519 = CARTESIAN_POINT('',(6.33,-2.,5.));
#3520 = LINE('',#3521,#3522);
#3521 = CARTESIAN_POINT('',(6.33,-2.,2.5));
#3522 = VECTOR('',#3523,1.);
#3523 = DIRECTION('',(0.,0.,1.));
#3524 = ORIENTED_EDGE('',*,*,#3525,.T.);
#3525 = EDGE_CURVE('',#3518,#3500,#3526,.T.);
#3526 = LINE('',#3527,#3528);
#3527 = CARTESIAN_POINT('',(6.33,-2.,5.));
#3528 = VECTOR('',#3529,1.);
#3529 = DIRECTION('',(-1.,0.,0.));
#3530 = PLANE('',#3531);
#3531 = AXIS2_PLACEMENT_3D('',#3532,#3533,#3534);
#3532 = CARTESIAN_POINT('',(3.68,-2.,2.4));
#3533 = DIRECTION('',(0.,1.,0.));
#3534 = DIRECTION('',(1.,0.,0.));
#3535 = ADVANCED_FACE('',(#3536),#3540,.F.);
#3536 = FACE_BOUND('',#3537,.F.);
#3537 = EDGE_LOOP('',(#3538,#3539));
#3538 = ORIENTED_EDGE('',*,*,#2943,.F.);
#3539 = ORIENTED_EDGE('',*,*,#3458,.T.);
#3540 = PLANE('',#3541);
#3541 = AXIS2_PLACEMENT_3D('',#3542,#3543,#3544);
#3542 = CARTESIAN_POINT('',(5.08,-0.2,5.1));
#3543 = DIRECTION('',(0.,0.,1.));
#3544 = DIRECTION('',(1.,0.,-0.));
#3545 = ADVANCED_FACE('',(#3546),#3556,.T.);
#3546 = FACE_BOUND('',#3547,.T.);
#3547 = EDGE_LOOP('',(#3548,#3549,#3550));
#3548 = ORIENTED_EDGE('',*,*,#3172,.T.);
#3549 = ORIENTED_EDGE('',*,*,#3242,.T.);
#3550 = ORIENTED_EDGE('',*,*,#3551,.F.);
#3551 = EDGE_CURVE('',#3173,#3235,#3552,.T.);
#3552 = LINE('',#3553,#3554);
#3553 = CARTESIAN_POINT('',(0.35,-2.2,13.6));
#3554 = VECTOR('',#3555,1.);
#3555 = DIRECTION('',(0.,1.,0.));
#3556 = PLANE('',#3557);
#3557 = AXIS2_PLACEMENT_3D('',#3558,#3559,#3560);
#3558 = CARTESIAN_POINT('',(-1.799263332289E-16,-0.2,13.6));
#3559 = DIRECTION('',(0.,0.,1.));
#3560 = DIRECTION('',(1.,0.,-0.));
#3561 = ADVANCED_FACE('',(#3562),#3573,.F.);
#3562 = FACE_BOUND('',#3563,.F.);
#3563 = EDGE_LOOP('',(#3564,#3565,#3566,#3572));
#3564 = ORIENTED_EDGE('',*,*,#3551,.F.);
#3565 = ORIENTED_EDGE('',*,*,#3183,.T.);
#3566 = ORIENTED_EDGE('',*,*,#3567,.T.);
#3567 = EDGE_CURVE('',#3184,#3226,#3568,.T.);
#3568 = LINE('',#3569,#3570);
#3569 = CARTESIAN_POINT('',(0.35,-2.2,12.9));
#3570 = VECTOR('',#3571,1.);
#3571 = DIRECTION('',(0.,1.,0.));
#3572 = ORIENTED_EDGE('',*,*,#3234,.F.);
#3573 = PLANE('',#3574);
#3574 = AXIS2_PLACEMENT_3D('',#3575,#3576,#3577);
#3575 = CARTESIAN_POINT('',(0.35,-2.2,13.6));
#3576 = DIRECTION('',(1.,0.,0.));
#3577 = DIRECTION('',(-0.,1.,0.));
#3578 = ADVANCED_FACE('',(#3579),#3590,.T.);
#3579 = FACE_BOUND('',#3580,.T.);
#3580 = EDGE_LOOP('',(#3581,#3587,#3588,#3589));
#3581 = ORIENTED_EDGE('',*,*,#3582,.T.);
#3582 = EDGE_CURVE('',#3218,#3192,#3583,.T.);
#3583 = LINE('',#3584,#3585);
#3584 = CARTESIAN_POINT('',(-0.35,1.8,12.9));
#3585 = VECTOR('',#3586,1.);
#3586 = DIRECTION('',(0.,-1.,0.));
#3587 = ORIENTED_EDGE('',*,*,#3191,.F.);
#3588 = ORIENTED_EDGE('',*,*,#3567,.T.);
#3589 = ORIENTED_EDGE('',*,*,#3225,.F.);
#3590 = PLANE('',#3591);
#3591 = AXIS2_PLACEMENT_3D('',#3592,#3593,#3594);
#3592 = CARTESIAN_POINT('',(0.,-0.2,12.9));
#3593 = DIRECTION('',(0.,-2.098034322396E-32,1.));
#3594 = DIRECTION('',(0.,1.,2.098034322396E-32));
#3595 = ADVANCED_FACE('',(#3596),#3607,.F.);
#3596 = FACE_BOUND('',#3597,.F.);
#3597 = EDGE_LOOP('',(#3598,#3604,#3605,#3606));
#3598 = ORIENTED_EDGE('',*,*,#3599,.F.);
#3599 = EDGE_CURVE('',#3209,#3201,#3600,.T.);
#3600 = LINE('',#3601,#3602);
#3601 = CARTESIAN_POINT('',(-0.35,1.8,13.6));
#3602 = VECTOR('',#3603,1.);
#3603 = DIRECTION('',(0.,-1.,0.));
#3604 = ORIENTED_EDGE('',*,*,#3217,.T.);
#3605 = ORIENTED_EDGE('',*,*,#3582,.T.);
#3606 = ORIENTED_EDGE('',*,*,#3200,.F.);
#3607 = PLANE('',#3608);
#3608 = AXIS2_PLACEMENT_3D('',#3609,#3610,#3611);
#3609 = CARTESIAN_POINT('',(-0.35,1.8,13.6));
#3610 = DIRECTION('',(-1.,0.,0.));
#3611 = DIRECTION('',(0.,-1.,0.));
#3612 = ADVANCED_FACE('',(#3613),#3617,.T.);
#3613 = FACE_BOUND('',#3614,.T.);
#3614 = EDGE_LOOP('',(#3615,#3616));
#3615 = ORIENTED_EDGE('',*,*,#3599,.F.);
#3616 = ORIENTED_EDGE('',*,*,#3208,.T.);
#3617 = PLANE('',#3618);
#3618 = AXIS2_PLACEMENT_3D('',#3619,#3620,#3621);
#3619 = CARTESIAN_POINT('',(-1.799263332289E-16,-0.2,13.6));
#3620 = DIRECTION('',(0.,0.,1.));
#3621 = DIRECTION('',(1.,0.,-0.));
#3622 = ADVANCED_FACE('',(#3623),#3627,.F.);
#3623 = FACE_BOUND('',#3624,.F.);
#3624 = EDGE_LOOP('',(#3625,#3626));
#3625 = ORIENTED_EDGE('',*,*,#3265,.T.);
#3626 = ORIENTED_EDGE('',*,*,#3286,.F.);
#3627 = PLANE('',#3628);
#3628 = AXIS2_PLACEMENT_3D('',#3629,#3630,#3631);
#3629 = CARTESIAN_POINT('',(-1.799263332289E-16,-0.2,5.1));
#3630 = DIRECTION('',(0.,0.,1.));
#3631 = DIRECTION('',(1.,0.,-0.));
#3632 = ADVANCED_FACE('',(#3633),#3658,.T.);
#3633 = FACE_BOUND('',#3634,.T.);
#3634 = EDGE_LOOP('',(#3635,#3643,#3644,#3652));
#3635 = ORIENTED_EDGE('',*,*,#3636,.T.);
#3636 = EDGE_CURVE('',#3637,#3299,#3639,.T.);
#3637 = VERTEX_POINT('',#3638);
#3638 = CARTESIAN_POINT('',(-1.25,2.,5.));
#3639 = LINE('',#3640,#3641);
#3640 = CARTESIAN_POINT('',(-1.25,2.,5.));
#3641 = VECTOR('',#3642,1.);
#3642 = DIRECTION('',(0.,-1.,0.));
#3643 = ORIENTED_EDGE('',*,*,#3298,.T.);
#3644 = ORIENTED_EDGE('',*,*,#3645,.F.);
#3645 = EDGE_CURVE('',#3646,#3301,#3648,.T.);
#3646 = VERTEX_POINT('',#3647);
#3647 = CARTESIAN_POINT('',(-1.25,2.,2.5));
#3648 = LINE('',#3649,#3650);
#3649 = CARTESIAN_POINT('',(-1.25,2.,2.5));
#3650 = VECTOR('',#3651,1.);
#3651 = DIRECTION('',(0.,-1.,0.));
#3652 = ORIENTED_EDGE('',*,*,#3653,.F.);
#3653 = EDGE_CURVE('',#3637,#3646,#3654,.T.);
#3654 = LINE('',#3655,#3656);
#3655 = CARTESIAN_POINT('',(-1.25,2.,5.));
#3656 = VECTOR('',#3657,1.);
#3657 = DIRECTION('',(0.,0.,-1.));
#3658 = PLANE('',#3659);
#3659 = AXIS2_PLACEMENT_3D('',#3660,#3661,#3662);
#3660 = CARTESIAN_POINT('',(-1.25,2.,5.));
#3661 = DIRECTION('',(1.,0.,0.));
#3662 = DIRECTION('',(0.,0.,-1.));
#3663 = ADVANCED_FACE('',(#3664),#3682,.T.);
#3664 = FACE_BOUND('',#3665,.T.);
#3665 = EDGE_LOOP('',(#3666,#3674,#3675,#3676));
#3666 = ORIENTED_EDGE('',*,*,#3667,.T.);
#3667 = EDGE_CURVE('',#3668,#3317,#3670,.T.);
#3668 = VERTEX_POINT('',#3669);
#3669 = CARTESIAN_POINT('',(1.25,2.,5.));
#3670 = LINE('',#3671,#3672);
#3671 = CARTESIAN_POINT('',(1.25,2.,5.));
#3672 = VECTOR('',#3673,1.);
#3673 = DIRECTION('',(0.,-1.,0.));
#3674 = ORIENTED_EDGE('',*,*,#3324,.T.);
#3675 = ORIENTED_EDGE('',*,*,#3636,.F.);
#3676 = ORIENTED_EDGE('',*,*,#3677,.F.);
#3677 = EDGE_CURVE('',#3668,#3637,#3678,.T.);
#3678 = LINE('',#3679,#3680);
#3679 = CARTESIAN_POINT('',(1.25,2.,5.));
#3680 = VECTOR('',#3681,1.);
#3681 = DIRECTION('',(-1.,0.,0.));
#3682 = PLANE('',#3683);
#3683 = AXIS2_PLACEMENT_3D('',#3684,#3685,#3686);
#3684 = CARTESIAN_POINT('',(1.25,2.,5.));
#3685 = DIRECTION('',(-0.,-0.,-1.));
#3686 = DIRECTION('',(-1.,0.,0.));
#3687 = ADVANCED_FACE('',(#3688),#3706,.T.);
#3688 = FACE_BOUND('',#3689,.T.);
#3689 = EDGE_LOOP('',(#3690,#3698,#3699,#3700));
#3690 = ORIENTED_EDGE('',*,*,#3691,.T.);
#3691 = EDGE_CURVE('',#3692,#3309,#3694,.T.);
#3692 = VERTEX_POINT('',#3693);
#3693 = CARTESIAN_POINT('',(1.25,2.,2.5));
#3694 = LINE('',#3695,#3696);
#3695 = CARTESIAN_POINT('',(1.25,2.,2.5));
#3696 = VECTOR('',#3697,1.);
#3697 = DIRECTION('',(0.,-1.,0.));
#3698 = ORIENTED_EDGE('',*,*,#3316,.T.);
#3699 = ORIENTED_EDGE('',*,*,#3667,.F.);
#3700 = ORIENTED_EDGE('',*,*,#3701,.F.);
#3701 = EDGE_CURVE('',#3692,#3668,#3702,.T.);
#3702 = LINE('',#3703,#3704);
#3703 = CARTESIAN_POINT('',(1.25,2.,2.5));
#3704 = VECTOR('',#3705,1.);
#3705 = DIRECTION('',(0.,0.,1.));
#3706 = PLANE('',#3707);
#3707 = AXIS2_PLACEMENT_3D('',#3708,#3709,#3710);
#3708 = CARTESIAN_POINT('',(1.25,2.,2.5));
#3709 = DIRECTION('',(-1.,0.,0.));
#3710 = DIRECTION('',(0.,0.,1.));
#3711 = ADVANCED_FACE('',(#3712),#3723,.T.);
#3712 = FACE_BOUND('',#3713,.T.);
#3713 = EDGE_LOOP('',(#3714,#3715,#3716,#3717));
#3714 = ORIENTED_EDGE('',*,*,#3645,.T.);
#3715 = ORIENTED_EDGE('',*,*,#3308,.T.);
#3716 = ORIENTED_EDGE('',*,*,#3691,.F.);
#3717 = ORIENTED_EDGE('',*,*,#3718,.F.);
#3718 = EDGE_CURVE('',#3646,#3692,#3719,.T.);
#3719 = LINE('',#3720,#3721);
#3720 = CARTESIAN_POINT('',(-1.25,2.,2.5));
#3721 = VECTOR('',#3722,1.);
#3722 = DIRECTION('',(1.,0.,0.));
#3723 = PLANE('',#3724);
#3724 = AXIS2_PLACEMENT_3D('',#3725,#3726,#3727);
#3725 = CARTESIAN_POINT('',(-1.25,2.,2.5));
#3726 = DIRECTION('',(0.,0.,1.));
#3727 = DIRECTION('',(1.,0.,-0.));
#3728 = ADVANCED_FACE('',(#3729),#3739,.T.);
#3729 = FACE_BOUND('',#3730,.T.);
#3730 = EDGE_LOOP('',(#3731,#3732,#3733));
#3731 = ORIENTED_EDGE('',*,*,#3373,.T.);
#3732 = ORIENTED_EDGE('',*,*,#3443,.T.);
#3733 = ORIENTED_EDGE('',*,*,#3734,.F.);
#3734 = EDGE_CURVE('',#3374,#3436,#3735,.T.);
#3735 = LINE('',#3736,#3737);
#3736 = CARTESIAN_POINT('',(5.43,-2.2,13.6));
#3737 = VECTOR('',#3738,1.);
#3738 = DIRECTION('',(0.,1.,0.));
#3739 = PLANE('',#3740);
#3740 = AXIS2_PLACEMENT_3D('',#3741,#3742,#3743);
#3741 = CARTESIAN_POINT('',(5.08,-0.2,13.6));
#3742 = DIRECTION('',(0.,0.,1.));
#3743 = DIRECTION('',(1.,0.,-0.));
#3744 = ADVANCED_FACE('',(#3745),#3756,.F.);
#3745 = FACE_BOUND('',#3746,.F.);
#3746 = EDGE_LOOP('',(#3747,#3748,#3749,#3755));
#3747 = ORIENTED_EDGE('',*,*,#3734,.F.);
#3748 = ORIENTED_EDGE('',*,*,#3384,.T.);
#3749 = ORIENTED_EDGE('',*,*,#3750,.T.);
#3750 = EDGE_CURVE('',#3385,#3427,#3751,.T.);
#3751 = LINE('',#3752,#3753);
#3752 = CARTESIAN_POINT('',(5.43,-2.2,12.9));
#3753 = VECTOR('',#3754,1.);
#3754 = DIRECTION('',(0.,1.,0.));
#3755 = ORIENTED_EDGE('',*,*,#3435,.F.);
#3756 = PLANE('',#3757);
#3757 = AXIS2_PLACEMENT_3D('',#3758,#3759,#3760);
#3758 = CARTESIAN_POINT('',(5.43,-2.2,13.6));
#3759 = DIRECTION('',(1.,0.,0.));
#3760 = DIRECTION('',(-0.,1.,0.));
#3761 = ADVANCED_FACE('',(#3762),#3773,.T.);
#3762 = FACE_BOUND('',#3763,.T.);
#3763 = EDGE_LOOP('',(#3764,#3770,#3771,#3772));
#3764 = ORIENTED_EDGE('',*,*,#3765,.T.);
#3765 = EDGE_CURVE('',#3419,#3393,#3766,.T.);
#3766 = LINE('',#3767,#3768);
#3767 = CARTESIAN_POINT('',(4.73,1.8,12.9));
#3768 = VECTOR('',#3769,1.);
#3769 = DIRECTION('',(0.,-1.,0.));
#3770 = ORIENTED_EDGE('',*,*,#3392,.F.);
#3771 = ORIENTED_EDGE('',*,*,#3750,.T.);
#3772 = ORIENTED_EDGE('',*,*,#3426,.F.);
#3773 = PLANE('',#3774);
#3774 = AXIS2_PLACEMENT_3D('',#3775,#3776,#3777);
#3775 = CARTESIAN_POINT('',(5.08,-0.2,12.9));
#3776 = DIRECTION('',(0.,-2.098034322396E-32,1.));
#3777 = DIRECTION('',(0.,1.,2.098034322396E-32));
#3778 = ADVANCED_FACE('',(#3779),#3790,.F.);
#3779 = FACE_BOUND('',#3780,.F.);
#3780 = EDGE_LOOP('',(#3781,#3787,#3788,#3789));
#3781 = ORIENTED_EDGE('',*,*,#3782,.F.);
#3782 = EDGE_CURVE('',#3410,#3402,#3783,.T.);
#3783 = LINE('',#3784,#3785);
#3784 = CARTESIAN_POINT('',(4.73,1.8,13.6));
#3785 = VECTOR('',#3786,1.);
#3786 = DIRECTION('',(0.,-1.,0.));
#3787 = ORIENTED_EDGE('',*,*,#3418,.T.);
#3788 = ORIENTED_EDGE('',*,*,#3765,.T.);
#3789 = ORIENTED_EDGE('',*,*,#3401,.F.);
#3790 = PLANE('',#3791);
#3791 = AXIS2_PLACEMENT_3D('',#3792,#3793,#3794);
#3792 = CARTESIAN_POINT('',(4.73,1.8,13.6));
#3793 = DIRECTION('',(-1.,0.,0.));
#3794 = DIRECTION('',(0.,-1.,0.));
#3795 = ADVANCED_FACE('',(#3796),#3800,.T.);
#3796 = FACE_BOUND('',#3797,.T.);
#3797 = EDGE_LOOP('',(#3798,#3799));
#3798 = ORIENTED_EDGE('',*,*,#3782,.F.);
#3799 = ORIENTED_EDGE('',*,*,#3409,.T.);
#3800 = PLANE('',#3801);
#3801 = AXIS2_PLACEMENT_3D('',#3802,#3803,#3804);
#3802 = CARTESIAN_POINT('',(5.08,-0.2,13.6));
#3803 = DIRECTION('',(0.,0.,1.));
#3804 = DIRECTION('',(1.,0.,-0.));
#3805 = ADVANCED_FACE('',(#3806),#3810,.F.);
#3806 = FACE_BOUND('',#3807,.F.);
#3807 = EDGE_LOOP('',(#3808,#3809));
#3808 = ORIENTED_EDGE('',*,*,#3466,.T.);
#3809 = ORIENTED_EDGE('',*,*,#3487,.F.);
#3810 = PLANE('',#3811);
#3811 = AXIS2_PLACEMENT_3D('',#3812,#3813,#3814);
#3812 = CARTESIAN_POINT('',(5.08,-0.2,5.1));
#3813 = DIRECTION('',(0.,0.,1.));
#3814 = DIRECTION('',(1.,0.,-0.));
#3815 = ADVANCED_FACE('',(#3816),#3841,.T.);
#3816 = FACE_BOUND('',#3817,.T.);
#3817 = EDGE_LOOP('',(#3818,#3826,#3827,#3835));
#3818 = ORIENTED_EDGE('',*,*,#3819,.T.);
#3819 = EDGE_CURVE('',#3820,#3500,#3822,.T.);
#3820 = VERTEX_POINT('',#3821);
#3821 = CARTESIAN_POINT('',(3.83,2.,5.));
#3822 = LINE('',#3823,#3824);
#3823 = CARTESIAN_POINT('',(3.83,2.,5.));
#3824 = VECTOR('',#3825,1.);
#3825 = DIRECTION('',(0.,-1.,0.));
#3826 = ORIENTED_EDGE('',*,*,#3499,.T.);
#3827 = ORIENTED_EDGE('',*,*,#3828,.F.);
#3828 = EDGE_CURVE('',#3829,#3502,#3831,.T.);
#3829 = VERTEX_POINT('',#3830);
#3830 = CARTESIAN_POINT('',(3.83,2.,2.5));
#3831 = LINE('',#3832,#3833);
#3832 = CARTESIAN_POINT('',(3.83,2.,2.5));
#3833 = VECTOR('',#3834,1.);
#3834 = DIRECTION('',(0.,-1.,0.));
#3835 = ORIENTED_EDGE('',*,*,#3836,.F.);
#3836 = EDGE_CURVE('',#3820,#3829,#3837,.T.);
#3837 = LINE('',#3838,#3839);
#3838 = CARTESIAN_POINT('',(3.83,2.,5.));
#3839 = VECTOR('',#3840,1.);
#3840 = DIRECTION('',(0.,0.,-1.));
#3841 = PLANE('',#3842);
#3842 = AXIS2_PLACEMENT_3D('',#3843,#3844,#3845);
#3843 = CARTESIAN_POINT('',(3.83,2.,5.));
#3844 = DIRECTION('',(1.,0.,0.));
#3845 = DIRECTION('',(0.,0.,-1.));
#3846 = ADVANCED_FACE('',(#3847),#3865,.T.);
#3847 = FACE_BOUND('',#3848,.T.);
#3848 = EDGE_LOOP('',(#3849,#3857,#3858,#3859));
#3849 = ORIENTED_EDGE('',*,*,#3850,.T.);
#3850 = EDGE_CURVE('',#3851,#3518,#3853,.T.);
#3851 = VERTEX_POINT('',#3852);
#3852 = CARTESIAN_POINT('',(6.33,2.,5.));
#3853 = LINE('',#3854,#3855);
#3854 = CARTESIAN_POINT('',(6.33,2.,5.));
#3855 = VECTOR('',#3856,1.);
#3856 = DIRECTION('',(0.,-1.,0.));
#3857 = ORIENTED_EDGE('',*,*,#3525,.T.);
#3858 = ORIENTED_EDGE('',*,*,#3819,.F.);
#3859 = ORIENTED_EDGE('',*,*,#3860,.F.);
#3860 = EDGE_CURVE('',#3851,#3820,#3861,.T.);
#3861 = LINE('',#3862,#3863);
#3862 = CARTESIAN_POINT('',(6.33,2.,5.));
#3863 = VECTOR('',#3864,1.);
#3864 = DIRECTION('',(-1.,0.,0.));
#3865 = PLANE('',#3866);
#3866 = AXIS2_PLACEMENT_3D('',#3867,#3868,#3869);
#3867 = CARTESIAN_POINT('',(6.33,2.,5.));
#3868 = DIRECTION('',(-0.,-0.,-1.));
#3869 = DIRECTION('',(-1.,0.,0.));
#3870 = ADVANCED_FACE('',(#3871),#3889,.T.);
#3871 = FACE_BOUND('',#3872,.T.);
#3872 = EDGE_LOOP('',(#3873,#3881,#3882,#3883));
#3873 = ORIENTED_EDGE('',*,*,#3874,.T.);
#3874 = EDGE_CURVE('',#3875,#3510,#3877,.T.);
#3875 = VERTEX_POINT('',#3876);
#3876 = CARTESIAN_POINT('',(6.33,2.,2.5));
#3877 = LINE('',#3878,#3879);
#3878 = CARTESIAN_POINT('',(6.33,2.,2.5));
#3879 = VECTOR('',#3880,1.);
#3880 = DIRECTION('',(0.,-1.,0.));
#3881 = ORIENTED_EDGE('',*,*,#3517,.T.);
#3882 = ORIENTED_EDGE('',*,*,#3850,.F.);
#3883 = ORIENTED_EDGE('',*,*,#3884,.F.);
#3884 = EDGE_CURVE('',#3875,#3851,#3885,.T.);
#3885 = LINE('',#3886,#3887);
#3886 = CARTESIAN_POINT('',(6.33,2.,2.5));
#3887 = VECTOR('',#3888,1.);
#3888 = DIRECTION('',(0.,0.,1.));
#3889 = PLANE('',#3890);
#3890 = AXIS2_PLACEMENT_3D('',#3891,#3892,#3893);
#3891 = CARTESIAN_POINT('',(6.33,2.,2.5));
#3892 = DIRECTION('',(-1.,0.,0.));
#3893 = DIRECTION('',(0.,0.,1.));
#3894 = ADVANCED_FACE('',(#3895),#3906,.T.);
#3895 = FACE_BOUND('',#3896,.T.);
#3896 = EDGE_LOOP('',(#3897,#3898,#3899,#3900));
#3897 = ORIENTED_EDGE('',*,*,#3828,.T.);
#3898 = ORIENTED_EDGE('',*,*,#3509,.T.);
#3899 = ORIENTED_EDGE('',*,*,#3874,.F.);
#3900 = ORIENTED_EDGE('',*,*,#3901,.F.);
#3901 = EDGE_CURVE('',#3829,#3875,#3902,.T.);
#3902 = LINE('',#3903,#3904);
#3903 = CARTESIAN_POINT('',(3.83,2.,2.5));
#3904 = VECTOR('',#3905,1.);
#3905 = DIRECTION('',(1.,0.,0.));
#3906 = PLANE('',#3907);
#3907 = AXIS2_PLACEMENT_3D('',#3908,#3909,#3910);
#3908 = CARTESIAN_POINT('',(3.83,2.,2.5));
#3909 = DIRECTION('',(0.,0.,1.));
#3910 = DIRECTION('',(1.,0.,-0.));
#3911 = ADVANCED_FACE('',(#3912),#3918,.T.);
#3912 = FACE_BOUND('',#3913,.T.);
#3913 = EDGE_LOOP('',(#3914,#3915,#3916,#3917));
#3914 = ORIENTED_EDGE('',*,*,#3677,.T.);
#3915 = ORIENTED_EDGE('',*,*,#3653,.T.);
#3916 = ORIENTED_EDGE('',*,*,#3718,.T.);
#3917 = ORIENTED_EDGE('',*,*,#3701,.T.);
#3918 = PLANE('',#3919);
#3919 = AXIS2_PLACEMENT_3D('',#3920,#3921,#3922);
#3920 = CARTESIAN_POINT('',(4.440892098501E-16,2.,3.75));
#3921 = DIRECTION('',(-2.868585109895E-30,-1.,-5.288584893962E-30));
#3922 = DIRECTION('',(0.,5.288584893962E-30,-1.));
#3923 = ADVANCED_FACE('',(#3924),#3930,.T.);
#3924 = FACE_BOUND('',#3925,.T.);
#3925 = EDGE_LOOP('',(#3926,#3927,#3928,#3929));
#3926 = ORIENTED_EDGE('',*,*,#3860,.T.);
#3927 = ORIENTED_EDGE('',*,*,#3836,.T.);
#3928 = ORIENTED_EDGE('',*,*,#3901,.T.);
#3929 = ORIENTED_EDGE('',*,*,#3884,.T.);
#3930 = PLANE('',#3931);
#3931 = AXIS2_PLACEMENT_3D('',#3932,#3933,#3934);
#3932 = CARTESIAN_POINT('',(5.08,2.,3.75));
#3933 = DIRECTION('',(-1.27037340581E-29,-1.,-5.729300301792E-30));
#3934 = DIRECTION('',(-1.,1.27037340581E-29,0.));
#3935 = ( GEOMETRIC_REPRESENTATION_CONTEXT(3) 
GLOBAL_UNCERTAINTY_ASSIGNED_CONTEXT((#3939)) 
GLOBAL_UNIT_ASSIGNED_CONTEXT((#3936,#3937,#3938)) REPRESENTATION_CONTEXT
('Context #1','3D Context with UNIT and UNCERTAINTY') );
#3936 = ( LENGTH_UNIT() NAMED_UNIT(*) SI_UNIT(.MILLI.,.METRE.) );
#3937 = ( NAMED_UNIT(*) PLANE_ANGLE_UNIT() SI_UNIT($,.RADIAN.) );
#3938 = ( NAMED_UNIT(*) SI_UNIT($,.STERADIAN.) SOLID_ANGLE_UNIT() );
#3939 = UNCERTAINTY_MEASURE_WITH_UNIT(LENGTH_MEASURE(1.E-07),#3936,
  'distance_accuracy_value','confusion accuracy');
#3940 = CONTEXT_DEPENDENT_SHAPE_REPRESENTATION(#3941,#3943);
#3941 = ( REPRESENTATION_RELATIONSHIP('','',#1313,#10) 
REPRESENTATION_RELATIONSHIP_WITH_TRANSFORMATION(#3942) 
SHAPE_REPRESENTATION_RELATIONSHIP() );
#3942 = ITEM_DEFINED_TRANSFORMATION('','',#11,#27);
#3943 = PRODUCT_DEFINITION_SHAPE('Placement','Placement of an item',
  #3944);
#3944 = NEXT_ASSEMBLY_USAGE_OCCURRENCE('4','J1','',#5,#1308,$);
#3945 = PRODUCT_RELATED_PRODUCT_CATEGORY('part',$,(#1310));
#3946 = SHAPE_DEFINITION_REPRESENTATION(#3947,#3953);
#3947 = PRODUCT_DEFINITION_SHAPE('','',#3948);
#3948 = PRODUCT_DEFINITION('design','',#3949,#3952);
#3949 = PRODUCT_DEFINITION_FORMATION('','',#3950);
#3950 = PRODUCT('CP_Elec_6.3x5.8','CP_Elec_6.3x5.8','',(#3951));
#3951 = PRODUCT_CONTEXT('',#2,'mechanical');
#3952 = PRODUCT_DEFINITION_CONTEXT('part definition',#2,'design');
#3953 = ADVANCED_BREP_SHAPE_REPRESENTATION('',(#11,#3954),#5319);
#3954 = MANIFOLD_SOLID_BREP('',#3955);
#3955 = CLOSED_SHELL('',(#3956,#3999,#4025,#4098,#4177,#4217,#4296,#4321
    ,#4346,#4402,#4458,#4483,#4508,#4573,#4646,#4732,#4749,#4780,#4792,
    #4809,#4821,#4839,#4851,#4869,#4881,#4912,#4964,#4996,#5021,#5046,
    #5078,#5103,#5128,#5145,#5162,#5210,#5251,#5269,#5281,#5293,#5309));
#3956 = ADVANCED_FACE('',(#3957),#3994,.T.);
#3957 = FACE_BOUND('',#3958,.T.);
#3958 = EDGE_LOOP('',(#3959,#3978,#3986,#3993));
#3959 = ORIENTED_EDGE('',*,*,#3960,.T.);
#3960 = EDGE_CURVE('',#3961,#3961,#3963,.T.);
#3961 = VERTEX_POINT('',#3962);
#3962 = CARTESIAN_POINT('',(-3.15,3.857637417314E-16,1.588987583314));
#3963 = ( BOUNDED_CURVE() B_SPLINE_CURVE(13,(#3964,#3965,#3966,#3967,
    #3968,#3969,#3970,#3971,#3972,#3973,#3974,#3975,#3976,#3977),
.UNSPECIFIED.,.T.,.F.) B_SPLINE_CURVE_WITH_KNOTS((1,13,13,1),(
    -19.79203371761,3.914259941243E-16,19.792033717616,39.584067435232),
.UNSPECIFIED.) CURVE() GEOMETRIC_REPRESENTATION_ITEM() 
RATIONAL_B_SPLINE_CURVE((1.,1.,1.000000000001,0.999999999998,
    1.000000000004,0.999999999994,1.000000000007,0.999999999994,
    1.000000000005,0.999999999997,1.000000000001,1.,1.,1.)) 
REPRESENTATION_ITEM('') );
#3964 = CARTESIAN_POINT('',(-3.15,3.857637417314E-16,1.588987583314));
#3965 = CARTESIAN_POINT('',(-3.150000000001,1.500440617323,
    1.588987583314));
#3966 = CARTESIAN_POINT('',(-2.374522784296,3.035482525996,
    1.588987583314));
#3967 = CARTESIAN_POINT('',(-0.778699260132,4.133102804314,
    1.588987583314));
#3968 = CARTESIAN_POINT('',(1.417356467599,4.301676360906,1.588987583314
    ));
#3969 = CARTESIAN_POINT('',(3.314487228417,3.131786890308,1.588987583314
    ));
#3970 = CARTESIAN_POINT('',(4.705833357232,1.424009627082,1.588987583314
    ));
#3971 = CARTESIAN_POINT('',(4.705833357254,-1.4240096271,1.588987583314)
  );
#3972 = CARTESIAN_POINT('',(3.314487228414,-3.131786890276,
    1.588987583314));
#3973 = CARTESIAN_POINT('',(1.417356467589,-4.301676360935,
    1.588987583314));
#3974 = CARTESIAN_POINT('',(-0.778699260121,-4.1331028043,1.588987583314
    ));
#3975 = CARTESIAN_POINT('',(-2.374522784302,-3.035482525999,
    1.588987583314));
#3976 = CARTESIAN_POINT('',(-3.149999999999,-1.500440617323,
    1.588987583314));
#3977 = CARTESIAN_POINT('',(-3.15,3.857637417314E-16,1.588987583314));
#3978 = ORIENTED_EDGE('',*,*,#3979,.F.);
#3979 = EDGE_CURVE('',#3980,#3961,#3982,.T.);
#3980 = VERTEX_POINT('',#3981);
#3981 = CARTESIAN_POINT('',(-3.15,3.857637417314E-16,1.07));
#3982 = LINE('',#3983,#3984);
#3983 = CARTESIAN_POINT('',(-3.15,3.857637417314E-16,0.65));
#3984 = VECTOR('',#3985,1.);
#3985 = DIRECTION('',(0.,0.,1.));
#3986 = ORIENTED_EDGE('',*,*,#3987,.F.);
#3987 = EDGE_CURVE('',#3980,#3980,#3988,.T.);
#3988 = CIRCLE('',#3989,3.15);
#3989 = AXIS2_PLACEMENT_3D('',#3990,#3991,#3992);
#3990 = CARTESIAN_POINT('',(0.,0.,1.07));
#3991 = DIRECTION('',(0.,0.,-1.));
#3992 = DIRECTION('',(-1.,1.224646799147E-16,0.));
#3993 = ORIENTED_EDGE('',*,*,#3979,.T.);
#3994 = CYLINDRICAL_SURFACE('',#3995,3.15);
#3995 = AXIS2_PLACEMENT_3D('',#3996,#3997,#3998);
#3996 = CARTESIAN_POINT('',(0.,0.,0.65));
#3997 = DIRECTION('',(0.,0.,1.));
#3998 = DIRECTION('',(-1.,1.224646799147E-16,0.));
#3999 = ADVANCED_FACE('',(#4000),#4020,.T.);
#4000 = FACE_BOUND('',#4001,.T.);
#4001 = EDGE_LOOP('',(#4002,#4003,#4012,#4019));
#4002 = ORIENTED_EDGE('',*,*,#3987,.T.);
#4003 = ORIENTED_EDGE('',*,*,#4004,.T.);
#4004 = EDGE_CURVE('',#3980,#4005,#4007,.T.);
#4005 = VERTEX_POINT('',#4006);
#4006 = CARTESIAN_POINT('',(-2.73,3.343285761672E-16,0.65));
#4007 = CIRCLE('',#4008,0.42);
#4008 = AXIS2_PLACEMENT_3D('',#4009,#4010,#4011);
#4009 = CARTESIAN_POINT('',(-2.73,3.343285761672E-16,1.07));
#4010 = DIRECTION('',(-1.224646799147E-16,-1.,-0.));
#4011 = DIRECTION('',(-1.,1.224646799147E-16,0.));
#4012 = ORIENTED_EDGE('',*,*,#4013,.F.);
#4013 = EDGE_CURVE('',#4005,#4005,#4014,.T.);
#4014 = CIRCLE('',#4015,2.73);
#4015 = AXIS2_PLACEMENT_3D('',#4016,#4017,#4018);
#4016 = CARTESIAN_POINT('',(0.,0.,0.65));
#4017 = DIRECTION('',(0.,0.,-1.));
#4018 = DIRECTION('',(-1.,1.224646799147E-16,0.));
#4019 = ORIENTED_EDGE('',*,*,#4004,.F.);
#4020 = TOROIDAL_SURFACE('',#4021,2.73,0.42);
#4021 = AXIS2_PLACEMENT_3D('',#4022,#4023,#4024);
#4022 = CARTESIAN_POINT('',(0.,0.,1.07));
#4023 = DIRECTION('',(0.,0.,-1.));
#4024 = DIRECTION('',(-1.,1.224646799147E-16,0.));
#4025 = ADVANCED_FACE('',(#4026),#4055,.T.);
#4026 = FACE_BOUND('',#4027,.T.);
#4027 = EDGE_LOOP('',(#4028,#4036,#4053,#4054));
#4028 = ORIENTED_EDGE('',*,*,#4029,.T.);
#4029 = EDGE_CURVE('',#3961,#4030,#4032,.T.);
#4030 = VERTEX_POINT('',#4031);
#4031 = CARTESIAN_POINT('',(-3.123636363636,3.825351274428E-16,
    1.617867499982));
#4032 = ( BOUNDED_CURVE() B_SPLINE_CURVE(2,(#4033,#4034,#4035),
.UNSPECIFIED.,.F.,.F.) B_SPLINE_CURVE_WITH_KNOTS((3,3),(0.,
19.792033717616),.PIECEWISE_BEZIER_KNOTS.) CURVE() 
GEOMETRIC_REPRESENTATION_ITEM() RATIONAL_B_SPLINE_CURVE((1.,
0.738548945876,1.)) REPRESENTATION_ITEM('') );
#4033 = CARTESIAN_POINT('',(-3.15,3.857637417314E-16,1.588987583314));
#4034 = CARTESIAN_POINT('',(-3.15,1.01590204438E-15,1.61546084026));
#4035 = CARTESIAN_POINT('',(-3.123636363636,3.825351274428E-16,
    1.617867499982));
#4036 = ORIENTED_EDGE('',*,*,#4037,.T.);
#4037 = EDGE_CURVE('',#4030,#4030,#4038,.T.);
#4038 = ( BOUNDED_CURVE() B_SPLINE_CURVE(13,(#4039,#4040,#4041,#4042,
    #4043,#4044,#4045,#4046,#4047,#4048,#4049,#4050,#4051,#4052),
.UNSPECIFIED.,.T.,.F.) B_SPLINE_CURVE_WITH_KNOTS((1,13,13,1),(
    -19.79203371761,3.914259941243E-16,19.792033717616,39.584067435232),
.UNSPECIFIED.) CURVE() GEOMETRIC_REPRESENTATION_ITEM() 
RATIONAL_B_SPLINE_CURVE((1.,1.,1.000000000001,0.999999999998,
    1.000000000004,0.999999999994,1.000000000007,0.999999999994,
    1.000000000005,0.999999999997,1.000000000001,1.,1.,1.)) 
REPRESENTATION_ITEM('') );
#4039 = CARTESIAN_POINT('',(-3.123636363636,3.825351274428E-16,
    1.617867499982));
#4040 = CARTESIAN_POINT('',(-3.123636363637,1.487882817062,
    1.617867499982));
#4041 = CARTESIAN_POINT('',(-2.354649433432,3.010077333139,
    1.617867499982));
#4042 = CARTESIAN_POINT('',(-0.772182008027,4.098511179108,
    1.617867499982));
#4043 = CARTESIAN_POINT('',(1.405494032515,4.265673874776,1.617867499982
    ));
#4044 = CARTESIAN_POINT('',(3.286746931269,3.105575686886,1.617867499982
    ));
#4045 = CARTESIAN_POINT('',(4.666448316144,1.412091509005,1.617867499982
    ));
#4046 = CARTESIAN_POINT('',(4.666448316173,-1.412091509023,
    1.617867499982));
#4047 = CARTESIAN_POINT('',(3.28674693126,-3.105575686853,1.617867499982
    ));
#4048 = CARTESIAN_POINT('',(1.40549403251,-4.265673874805,1.617867499982
    ));
#4049 = CARTESIAN_POINT('',(-0.772182008017,-4.098511179094,
    1.617867499982));
#4050 = CARTESIAN_POINT('',(-2.354649433438,-3.010077333143,
    1.617867499982));
#4051 = CARTESIAN_POINT('',(-3.123636363636,-1.487882817062,
    1.617867499982));
#4052 = CARTESIAN_POINT('',(-3.123636363636,3.825351274428E-16,
    1.617867499982));
#4053 = ORIENTED_EDGE('',*,*,#4029,.F.);
#4054 = ORIENTED_EDGE('',*,*,#3960,.F.);
#4055 = ( BOUNDED_SURFACE() B_SPLINE_SURFACE(2,13,(
    (#4056,#4057,#4058,#4059,#4060,#4061,#4062,#4063,#4064,#4065,#4066
      ,#4067,#4068,#4069)
    ,(#4070,#4071,#4072,#4073,#4074,#4075,#4076,#4077,#4078,#4079,#4080
      ,#4081,#4082,#4083)
    ,(#4084,#4085,#4086,#4087,#4088,#4089,#4090,#4091,#4092,#4093,#4094
      ,#4095,#4096,#4097
)),.UNSPECIFIED.,.F.,.T.,.F.) B_SPLINE_SURFACE_WITH_KNOTS((3,3),(1,13,13
    ,1),(0.,19.792033717616),(-19.79203371761,3.914259941243E-16,
    19.792033717616,39.584067435232),.UNSPECIFIED.) 
GEOMETRIC_REPRESENTATION_ITEM() RATIONAL_B_SPLINE_SURFACE((
    (1.,1.,1.000000000001,0.999999999998,1.000000000004,0.999999999994
      ,1.000000000007,0.999999999994,1.000000000005,0.999999999997
      ,1.000000000001,1.,1.,1.)
    ,(0.738548945876,0.738548945876,0.738548945877,0.738548945874
      ,0.738548945879,0.738548945871,0.738548945882,0.73854894587
      ,0.73854894588,0.738548945873,0.738548945877,0.738548945876
      ,0.738548945876,0.738548945876)
    ,(1.,1.,1.000000000001,0.999999999998,1.000000000004,0.999999999994
      ,1.000000000007,0.999999999994,1.000000000005,0.999999999997
,1.000000000001,1.,1.,1.))) REPRESENTATION_ITEM('') SURFACE() );
#4056 = CARTESIAN_POINT('',(-3.15,3.857637417314E-16,1.588987583314));
#4057 = CARTESIAN_POINT('',(-3.150000000001,1.500440617323,
    1.588987583314));
#4058 = CARTESIAN_POINT('',(-2.374522784296,3.035482525996,
    1.588987583314));
#4059 = CARTESIAN_POINT('',(-0.778699260132,4.133102804314,
    1.588987583314));
#4060 = CARTESIAN_POINT('',(1.417356467599,4.301676360906,1.588987583314
    ));
#4061 = CARTESIAN_POINT('',(3.314487228417,3.131786890308,1.588987583314
    ));
#4062 = CARTESIAN_POINT('',(4.705833357232,1.424009627082,1.588987583314
    ));
#4063 = CARTESIAN_POINT('',(4.705833357254,-1.4240096271,1.588987583314)
  );
#4064 = CARTESIAN_POINT('',(3.314487228414,-3.131786890276,
    1.588987583314));
#4065 = CARTESIAN_POINT('',(1.417356467589,-4.301676360935,
    1.588987583314));
#4066 = CARTESIAN_POINT('',(-0.778699260121,-4.1331028043,1.588987583314
    ));
#4067 = CARTESIAN_POINT('',(-2.374522784302,-3.035482525999,
    1.588987583314));
#4068 = CARTESIAN_POINT('',(-3.149999999999,-1.500440617323,
    1.588987583314));
#4069 = CARTESIAN_POINT('',(-3.15,3.857637417314E-16,1.588987583314));
#4070 = CARTESIAN_POINT('',(-3.15,1.01590204438E-15,1.61546084026));
#4071 = CARTESIAN_POINT('',(-3.150000000001,1.500440617323,1.61546084026
    ));
#4072 = CARTESIAN_POINT('',(-2.374522784295,3.035482525997,1.61546084026
    ));
#4073 = CARTESIAN_POINT('',(-0.778699260134,4.133102804311,1.61546084026
    ));
#4074 = CARTESIAN_POINT('',(1.417356467602,4.30167636091,1.61546084026)
  );
#4075 = CARTESIAN_POINT('',(3.314487228415,3.131786890302,1.61546084026)
  );
#4076 = CARTESIAN_POINT('',(4.705833357232,1.424009627093,1.615460840259
    ));
#4077 = CARTESIAN_POINT('',(4.705833357255,-1.424009627117,1.61546084026
    ));
#4078 = CARTESIAN_POINT('',(3.314487228415,-3.131786890259,1.61546084026
    ));
#4079 = CARTESIAN_POINT('',(1.417356467587,-4.301676360947,1.61546084026
    ));
#4080 = CARTESIAN_POINT('',(-0.778699260118,-4.133102804293,
    1.61546084026));
#4081 = CARTESIAN_POINT('',(-2.374522784303,-3.035482526002,
    1.61546084026));
#4082 = CARTESIAN_POINT('',(-3.149999999999,-1.500440617322,
    1.61546084026));
#4083 = CARTESIAN_POINT('',(-3.15,1.01590204438E-15,1.61546084026));
#4084 = CARTESIAN_POINT('',(-3.123636363636,3.825351274428E-16,
    1.617867499982));
#4085 = CARTESIAN_POINT('',(-3.123636363637,1.487882817062,
    1.617867499982));
#4086 = CARTESIAN_POINT('',(-2.354649433432,3.010077333139,
    1.617867499982));
#4087 = CARTESIAN_POINT('',(-0.772182008027,4.098511179108,
    1.617867499982));
#4088 = CARTESIAN_POINT('',(1.405494032515,4.265673874776,1.617867499982
    ));
#4089 = CARTESIAN_POINT('',(3.286746931269,3.105575686886,1.617867499982
    ));
#4090 = CARTESIAN_POINT('',(4.666448316144,1.412091509005,1.617867499982
    ));
#4091 = CARTESIAN_POINT('',(4.666448316173,-1.412091509023,
    1.617867499982));
#4092 = CARTESIAN_POINT('',(3.28674693126,-3.105575686853,1.617867499982
    ));
#4093 = CARTESIAN_POINT('',(1.40549403251,-4.265673874805,1.617867499982
    ));
#4094 = CARTESIAN_POINT('',(-0.772182008017,-4.098511179094,
    1.617867499982));
#4095 = CARTESIAN_POINT('',(-2.354649433438,-3.010077333143,
    1.617867499982));
#4096 = CARTESIAN_POINT('',(-3.123636363636,-1.487882817062,
    1.617867499982));
#4097 = CARTESIAN_POINT('',(-3.123636363636,3.825351274428E-16,
    1.617867499982));
#4098 = ADVANCED_FACE('',(#4099,#4169),#4172,.T.);
#4099 = FACE_BOUND('',#4100,.T.);
#4100 = EDGE_LOOP('',(#4101,#4111,#4120,#4128,#4137,#4145,#4154,#4162));
#4101 = ORIENTED_EDGE('',*,*,#4102,.T.);
#4102 = EDGE_CURVE('',#4103,#4105,#4107,.T.);
#4103 = VERTEX_POINT('',#4104);
#4104 = CARTESIAN_POINT('',(-3.3,0.576628129734,0.65));
#4105 = VERTEX_POINT('',#4106);
#4106 = CARTESIAN_POINT('',(-3.3,-0.576628129734,0.65));
#4107 = LINE('',#4108,#4109);
#4108 = CARTESIAN_POINT('',(-3.3,1.15,0.65));
#4109 = VECTOR('',#4110,1.);
#4110 = DIRECTION('',(-1.224646799147E-16,-1.,0.));
#4111 = ORIENTED_EDGE('',*,*,#4112,.T.);
#4112 = EDGE_CURVE('',#4105,#4113,#4115,.T.);
#4113 = VERTEX_POINT('',#4114);
#4114 = CARTESIAN_POINT('',(-0.576628129734,-3.3,0.65));
#4115 = CIRCLE('',#4116,3.35);
#4116 = AXIS2_PLACEMENT_3D('',#4117,#4118,#4119);
#4117 = CARTESIAN_POINT('',(0.,0.,0.65));
#4118 = DIRECTION('',(0.,0.,1.));
#4119 = DIRECTION('',(-1.,1.224646799147E-16,0.));
#4120 = ORIENTED_EDGE('',*,*,#4121,.T.);
#4121 = EDGE_CURVE('',#4113,#4122,#4124,.T.);
#4122 = VERTEX_POINT('',#4123);
#4123 = CARTESIAN_POINT('',(0.576628129734,-3.3,0.65));
#4124 = LINE('',#4125,#4126);
#4125 = CARTESIAN_POINT('',(-1.15,-3.3,0.65));
#4126 = VECTOR('',#4127,1.);
#4127 = DIRECTION('',(1.,-1.224646799147E-16,0.));
#4128 = ORIENTED_EDGE('',*,*,#4129,.T.);
#4129 = EDGE_CURVE('',#4122,#4130,#4132,.T.);
#4130 = VERTEX_POINT('',#4131);
#4131 = CARTESIAN_POINT('',(3.3,-0.576628129734,0.65));
#4132 = CIRCLE('',#4133,3.35);
#4133 = AXIS2_PLACEMENT_3D('',#4134,#4135,#4136);
#4134 = CARTESIAN_POINT('',(0.,0.,0.65));
#4135 = DIRECTION('',(0.,0.,1.));
#4136 = DIRECTION('',(-1.,1.224646799147E-16,0.));
#4137 = ORIENTED_EDGE('',*,*,#4138,.T.);
#4138 = EDGE_CURVE('',#4130,#4139,#4141,.T.);
#4139 = VERTEX_POINT('',#4140);
#4140 = CARTESIAN_POINT('',(3.3,0.576628129734,0.65));
#4141 = LINE('',#4142,#4143);
#4142 = CARTESIAN_POINT('',(3.3,-1.65,0.65));
#4143 = VECTOR('',#4144,1.);
#4144 = DIRECTION('',(1.224646799147E-16,1.,0.));
#4145 = ORIENTED_EDGE('',*,*,#4146,.T.);
#4146 = EDGE_CURVE('',#4139,#4147,#4149,.T.);
#4147 = VERTEX_POINT('',#4148);
#4148 = CARTESIAN_POINT('',(0.576628129734,3.3,0.65));
#4149 = CIRCLE('',#4150,3.35);
#4150 = AXIS2_PLACEMENT_3D('',#4151,#4152,#4153);
#4151 = CARTESIAN_POINT('',(0.,0.,0.65));
#4152 = DIRECTION('',(0.,0.,1.));
#4153 = DIRECTION('',(-1.,1.224646799147E-16,0.));
#4154 = ORIENTED_EDGE('',*,*,#4155,.T.);
#4155 = EDGE_CURVE('',#4147,#4156,#4158,.T.);
#4156 = VERTEX_POINT('',#4157);
#4157 = CARTESIAN_POINT('',(-0.576628129734,3.3,0.65));
#4158 = LINE('',#4159,#4160);
#4159 = CARTESIAN_POINT('',(1.65,3.3,0.65));
#4160 = VECTOR('',#4161,1.);
#4161 = DIRECTION('',(-1.,1.224646799147E-16,0.));
#4162 = ORIENTED_EDGE('',*,*,#4163,.T.);
#4163 = EDGE_CURVE('',#4156,#4103,#4164,.T.);
#4164 = CIRCLE('',#4165,3.35);
#4165 = AXIS2_PLACEMENT_3D('',#4166,#4167,#4168);
#4166 = CARTESIAN_POINT('',(0.,0.,0.65));
#4167 = DIRECTION('',(0.,0.,1.));
#4168 = DIRECTION('',(-1.,1.224646799147E-16,0.));
#4169 = FACE_BOUND('',#4170,.T.);
#4170 = EDGE_LOOP('',(#4171));
#4171 = ORIENTED_EDGE('',*,*,#4013,.T.);
#4172 = PLANE('',#4173);
#4173 = AXIS2_PLACEMENT_3D('',#4174,#4175,#4176);
#4174 = CARTESIAN_POINT('',(2.040955421701E-16,-6.734331626528E-17,0.65)
  );
#4175 = DIRECTION('',(0.,0.,1.));
#4176 = DIRECTION('',(-1.,1.224646799147E-16,0.));
#4177 = ADVANCED_FACE('',(#4178),#4208,.F.);
#4178 = FACE_BOUND('',#4179,.F.);
#4179 = EDGE_LOOP('',(#4180,#4189,#4190,#4191));
#4180 = ORIENTED_EDGE('',*,*,#4181,.F.);
#4181 = EDGE_CURVE('',#4030,#4182,#4184,.T.);
#4182 = VERTEX_POINT('',#4183);
#4183 = CARTESIAN_POINT('',(-3.123636363636,3.825351274428E-16,
    2.195465833351));
#4184 = CIRCLE('',#4185,0.29);
#4185 = AXIS2_PLACEMENT_3D('',#4186,#4187,#4188);
#4186 = CARTESIAN_POINT('',(-3.15,3.857637417314E-16,1.906666666667));
#4187 = DIRECTION('',(-1.224646799147E-16,-1.,-0.));
#4188 = DIRECTION('',(0.,0.,-1.));
#4189 = ORIENTED_EDGE('',*,*,#4037,.T.);
#4190 = ORIENTED_EDGE('',*,*,#4181,.T.);
#4191 = ORIENTED_EDGE('',*,*,#4192,.F.);
#4192 = EDGE_CURVE('',#4182,#4182,#4193,.T.);
#4193 = ( BOUNDED_CURVE() B_SPLINE_CURVE(13,(#4194,#4195,#4196,#4197,
    #4198,#4199,#4200,#4201,#4202,#4203,#4204,#4205,#4206,#4207),
.UNSPECIFIED.,.T.,.F.) B_SPLINE_CURVE_WITH_KNOTS((1,13,13,1),(
    -19.79203371761,3.914259941243E-16,19.792033717616,39.584067435232),
.UNSPECIFIED.) CURVE() GEOMETRIC_REPRESENTATION_ITEM() 
RATIONAL_B_SPLINE_CURVE((1.,1.,1.000000000001,0.999999999998,
    1.000000000004,0.999999999994,1.000000000007,0.999999999994,
    1.000000000005,0.999999999997,1.000000000001,1.,1.,1.)) 
REPRESENTATION_ITEM('') );
#4194 = CARTESIAN_POINT('',(-3.123636363636,3.825351274428E-16,
    2.195465833351));
#4195 = CARTESIAN_POINT('',(-3.123636363637,1.487882817062,
    2.195465833351));
#4196 = CARTESIAN_POINT('',(-2.354649433433,3.010077333139,
    2.195465833351));
#4197 = CARTESIAN_POINT('',(-0.772182008026,4.098511179107,
    2.195465833351));
#4198 = CARTESIAN_POINT('',(1.405494032514,4.265673874777,2.195465833351
    ));
#4199 = CARTESIAN_POINT('',(3.286746931272,3.105575686884,2.195465833351
    ));
#4200 = CARTESIAN_POINT('',(4.666448316142,1.412091509007,2.195465833351
    ));
#4201 = CARTESIAN_POINT('',(4.666448316175,-1.412091509024,
    2.195465833351));
#4202 = CARTESIAN_POINT('',(3.286746931258,-3.105575686853,
    2.195465833351));
#4203 = CARTESIAN_POINT('',(1.405494032511,-4.265673874805,
    2.195465833351));
#4204 = CARTESIAN_POINT('',(-0.772182008017,-4.098511179094,
    2.195465833351));
#4205 = CARTESIAN_POINT('',(-2.354649433438,-3.010077333143,
    2.195465833351));
#4206 = CARTESIAN_POINT('',(-3.123636363636,-1.487882817062,
    2.195465833351));
#4207 = CARTESIAN_POINT('',(-3.123636363636,3.825351274428E-16,
    2.195465833351));
#4208 = SURFACE_OF_REVOLUTION('',#4209,#4214);
#4209 = CIRCLE('',#4210,0.29);
#4210 = AXIS2_PLACEMENT_3D('',#4211,#4212,#4213);
#4211 = CARTESIAN_POINT('',(-3.15,3.857637417314E-16,1.906666666667));
#4212 = DIRECTION('',(-1.224646799147E-16,-1.,-0.));
#4213 = DIRECTION('',(0.,0.,-1.));
#4214 = AXIS1_PLACEMENT('',#4215,#4216);
#4215 = CARTESIAN_POINT('',(0.,0.,0.65));
#4216 = DIRECTION('',(-0.,0.,-1.));
#4217 = ADVANCED_FACE('',(#4218),#4291,.F.);
#4218 = FACE_BOUND('',#4219,.F.);
#4219 = EDGE_LOOP('',(#4220,#4230,#4238,#4246,#4252,#4253,#4261,#4269,
    #4277,#4285));
#4220 = ORIENTED_EDGE('',*,*,#4221,.F.);
#4221 = EDGE_CURVE('',#4222,#4224,#4226,.T.);
#4222 = VERTEX_POINT('',#4223);
#4223 = CARTESIAN_POINT('',(-3.3,2.3,0.15));
#4224 = VERTEX_POINT('',#4225);
#4225 = CARTESIAN_POINT('',(-3.3,0.325,0.15));
#4226 = LINE('',#4227,#4228);
#4227 = CARTESIAN_POINT('',(-3.3,2.3,0.15));
#4228 = VECTOR('',#4229,1.);
#4229 = DIRECTION('',(-1.224646799147E-16,-1.,0.));
#4230 = ORIENTED_EDGE('',*,*,#4231,.T.);
#4231 = EDGE_CURVE('',#4222,#4232,#4234,.T.);
#4232 = VERTEX_POINT('',#4233);
#4233 = CARTESIAN_POINT('',(-3.3,2.3,0.85));
#4234 = LINE('',#4235,#4236);
#4235 = CARTESIAN_POINT('',(-3.3,2.3,0.15));
#4236 = VECTOR('',#4237,1.);
#4237 = DIRECTION('',(0.,0.,1.));
#4238 = ORIENTED_EDGE('',*,*,#4239,.T.);
#4239 = EDGE_CURVE('',#4232,#4240,#4242,.T.);
#4240 = VERTEX_POINT('',#4241);
#4241 = CARTESIAN_POINT('',(-3.3,0.576628129734,0.85));
#4242 = LINE('',#4243,#4244);
#4243 = CARTESIAN_POINT('',(-3.3,3.3,0.85));
#4244 = VECTOR('',#4245,1.);
#4245 = DIRECTION('',(-1.224646799147E-16,-1.,0.));
#4246 = ORIENTED_EDGE('',*,*,#4247,.T.);
#4247 = EDGE_CURVE('',#4240,#4103,#4248,.T.);
#4248 = LINE('',#4249,#4250);
#4249 = CARTESIAN_POINT('',(-3.3,0.576628129734,0.65));
#4250 = VECTOR('',#4251,1.);
#4251 = DIRECTION('',(0.,0.,-1.));
#4252 = ORIENTED_EDGE('',*,*,#4102,.T.);
#4253 = ORIENTED_EDGE('',*,*,#4254,.F.);
#4254 = EDGE_CURVE('',#4255,#4105,#4257,.T.);
#4255 = VERTEX_POINT('',#4256);
#4256 = CARTESIAN_POINT('',(-3.3,-0.576628129734,0.85));
#4257 = LINE('',#4258,#4259);
#4258 = CARTESIAN_POINT('',(-3.3,-0.576628129734,0.65));
#4259 = VECTOR('',#4260,1.);
#4260 = DIRECTION('',(0.,0.,-1.));
#4261 = ORIENTED_EDGE('',*,*,#4262,.T.);
#4262 = EDGE_CURVE('',#4255,#4263,#4265,.T.);
#4263 = VERTEX_POINT('',#4264);
#4264 = CARTESIAN_POINT('',(-3.3,-2.3,0.85));
#4265 = LINE('',#4266,#4267);
#4266 = CARTESIAN_POINT('',(-3.3,3.3,0.85));
#4267 = VECTOR('',#4268,1.);
#4268 = DIRECTION('',(-1.224646799147E-16,-1.,0.));
#4269 = ORIENTED_EDGE('',*,*,#4270,.F.);
#4270 = EDGE_CURVE('',#4271,#4263,#4273,.T.);
#4271 = VERTEX_POINT('',#4272);
#4272 = CARTESIAN_POINT('',(-3.3,-2.3,0.15));
#4273 = LINE('',#4274,#4275);
#4274 = CARTESIAN_POINT('',(-3.3,-2.3,0.15));
#4275 = VECTOR('',#4276,1.);
#4276 = DIRECTION('',(0.,0.,1.));
#4277 = ORIENTED_EDGE('',*,*,#4278,.F.);
#4278 = EDGE_CURVE('',#4279,#4271,#4281,.T.);
#4279 = VERTEX_POINT('',#4280);
#4280 = CARTESIAN_POINT('',(-3.3,-0.325,0.15));
#4281 = LINE('',#4282,#4283);
#4282 = CARTESIAN_POINT('',(-3.3,2.3,0.15));
#4283 = VECTOR('',#4284,1.);
#4284 = DIRECTION('',(-1.224646799147E-16,-1.,0.));
#4285 = ORIENTED_EDGE('',*,*,#4286,.F.);
#4286 = EDGE_CURVE('',#4224,#4279,#4287,.T.);
#4287 = LINE('',#4288,#4289);
#4288 = CARTESIAN_POINT('',(-3.3,2.3,0.15));
#4289 = VECTOR('',#4290,1.);
#4290 = DIRECTION('',(-1.224646799147E-16,-1.,0.));
#4291 = PLANE('',#4292);
#4292 = AXIS2_PLACEMENT_3D('',#4293,#4294,#4295);
#4293 = CARTESIAN_POINT('',(-3.3,2.3,0.15));
#4294 = DIRECTION('',(1.,-1.224646799147E-16,0.));
#4295 = DIRECTION('',(-1.224646799147E-16,-1.,0.));
#4296 = ADVANCED_FACE('',(#4297),#4316,.F.);
#4297 = FACE_BOUND('',#4298,.F.);
#4298 = EDGE_LOOP('',(#4299,#4307,#4308,#4309));
#4299 = ORIENTED_EDGE('',*,*,#4300,.T.);
#4300 = EDGE_CURVE('',#4301,#4156,#4303,.T.);
#4301 = VERTEX_POINT('',#4302);
#4302 = CARTESIAN_POINT('',(-0.576628129734,3.3,0.85));
#4303 = LINE('',#4304,#4305);
#4304 = CARTESIAN_POINT('',(-0.576628129734,3.3,0.65));
#4305 = VECTOR('',#4306,1.);
#4306 = DIRECTION('',(0.,0.,-1.));
#4307 = ORIENTED_EDGE('',*,*,#4163,.T.);
#4308 = ORIENTED_EDGE('',*,*,#4247,.F.);
#4309 = ORIENTED_EDGE('',*,*,#4310,.T.);
#4310 = EDGE_CURVE('',#4240,#4301,#4311,.T.);
#4311 = CIRCLE('',#4312,3.35);
#4312 = AXIS2_PLACEMENT_3D('',#4313,#4314,#4315);
#4313 = CARTESIAN_POINT('',(0.,0.,0.85));
#4314 = DIRECTION('',(0.,0.,-1.));
#4315 = DIRECTION('',(-1.,1.224646799147E-16,0.));
#4316 = CYLINDRICAL_SURFACE('',#4317,3.35);
#4317 = AXIS2_PLACEMENT_3D('',#4318,#4319,#4320);
#4318 = CARTESIAN_POINT('',(0.,0.,0.65));
#4319 = DIRECTION('',(0.,0.,-1.));
#4320 = DIRECTION('',(-1.,1.224646799147E-16,0.));
#4321 = ADVANCED_FACE('',(#4322),#4341,.F.);
#4322 = FACE_BOUND('',#4323,.F.);
#4323 = EDGE_LOOP('',(#4324,#4332,#4339,#4340));
#4324 = ORIENTED_EDGE('',*,*,#4325,.F.);
#4325 = EDGE_CURVE('',#4326,#4113,#4328,.T.);
#4326 = VERTEX_POINT('',#4327);
#4327 = CARTESIAN_POINT('',(-0.576628129734,-3.3,0.85));
#4328 = LINE('',#4329,#4330);
#4329 = CARTESIAN_POINT('',(-0.576628129734,-3.3,0.65));
#4330 = VECTOR('',#4331,1.);
#4331 = DIRECTION('',(0.,0.,-1.));
#4332 = ORIENTED_EDGE('',*,*,#4333,.T.);
#4333 = EDGE_CURVE('',#4326,#4255,#4334,.T.);
#4334 = CIRCLE('',#4335,3.35);
#4335 = AXIS2_PLACEMENT_3D('',#4336,#4337,#4338);
#4336 = CARTESIAN_POINT('',(0.,0.,0.85));
#4337 = DIRECTION('',(0.,0.,-1.));
#4338 = DIRECTION('',(-1.,1.224646799147E-16,0.));
#4339 = ORIENTED_EDGE('',*,*,#4254,.T.);
#4340 = ORIENTED_EDGE('',*,*,#4112,.T.);
#4341 = CYLINDRICAL_SURFACE('',#4342,3.35);
#4342 = AXIS2_PLACEMENT_3D('',#4343,#4344,#4345);
#4343 = CARTESIAN_POINT('',(0.,0.,0.65));
#4344 = DIRECTION('',(0.,0.,-1.));
#4345 = DIRECTION('',(-1.,1.224646799147E-16,0.));
#4346 = ADVANCED_FACE('',(#4347),#4397,.F.);
#4347 = FACE_BOUND('',#4348,.F.);
#4348 = EDGE_LOOP('',(#4349,#4359,#4367,#4375,#4381,#4382,#4383,#4391));
#4349 = ORIENTED_EDGE('',*,*,#4350,.F.);
#4350 = EDGE_CURVE('',#4351,#4353,#4355,.T.);
#4351 = VERTEX_POINT('',#4352);
#4352 = CARTESIAN_POINT('',(2.9,3.3,0.15));
#4353 = VERTEX_POINT('',#4354);
#4354 = CARTESIAN_POINT('',(-2.3,3.3,0.15));
#4355 = LINE('',#4356,#4357);
#4356 = CARTESIAN_POINT('',(3.3,3.3,0.15));
#4357 = VECTOR('',#4358,1.);
#4358 = DIRECTION('',(-1.,1.224646799147E-16,0.));
#4359 = ORIENTED_EDGE('',*,*,#4360,.T.);
#4360 = EDGE_CURVE('',#4351,#4361,#4363,.T.);
#4361 = VERTEX_POINT('',#4362);
#4362 = CARTESIAN_POINT('',(2.9,3.3,1.15));
#4363 = LINE('',#4364,#4365);
#4364 = CARTESIAN_POINT('',(2.9,3.3,0.15));
#4365 = VECTOR('',#4366,1.);
#4366 = DIRECTION('',(0.,0.,1.));
#4367 = ORIENTED_EDGE('',*,*,#4368,.T.);
#4368 = EDGE_CURVE('',#4361,#4369,#4371,.T.);
#4369 = VERTEX_POINT('',#4370);
#4370 = CARTESIAN_POINT('',(0.576628129734,3.3,1.15));
#4371 = LINE('',#4372,#4373);
#4372 = CARTESIAN_POINT('',(3.3,3.3,1.15));
#4373 = VECTOR('',#4374,1.);
#4374 = DIRECTION('',(-1.,1.224646799147E-16,0.));
#4375 = ORIENTED_EDGE('',*,*,#4376,.T.);
#4376 = EDGE_CURVE('',#4369,#4147,#4377,.T.);
#4377 = LINE('',#4378,#4379);
#4378 = CARTESIAN_POINT('',(0.576628129734,3.3,0.65));
#4379 = VECTOR('',#4380,1.);
#4380 = DIRECTION('',(0.,0.,-1.));
#4381 = ORIENTED_EDGE('',*,*,#4155,.T.);
#4382 = ORIENTED_EDGE('',*,*,#4300,.F.);
#4383 = ORIENTED_EDGE('',*,*,#4384,.T.);
#4384 = EDGE_CURVE('',#4301,#4385,#4387,.T.);
#4385 = VERTEX_POINT('',#4386);
#4386 = CARTESIAN_POINT('',(-2.3,3.3,0.85));
#4387 = LINE('',#4388,#4389);
#4388 = CARTESIAN_POINT('',(4.041334437186E-16,3.3,0.85));
#4389 = VECTOR('',#4390,1.);
#4390 = DIRECTION('',(-1.,1.224646799147E-16,0.));
#4391 = ORIENTED_EDGE('',*,*,#4392,.F.);
#4392 = EDGE_CURVE('',#4353,#4385,#4393,.T.);
#4393 = LINE('',#4394,#4395);
#4394 = CARTESIAN_POINT('',(-2.3,3.3,0.15));
#4395 = VECTOR('',#4396,1.);
#4396 = DIRECTION('',(0.,0.,1.));
#4397 = PLANE('',#4398);
#4398 = AXIS2_PLACEMENT_3D('',#4399,#4400,#4401);
#4399 = CARTESIAN_POINT('',(3.3,3.3,0.15));
#4400 = DIRECTION('',(-1.224646799147E-16,-1.,0.));
#4401 = DIRECTION('',(-1.,1.224646799147E-16,0.));
#4402 = ADVANCED_FACE('',(#4403),#4453,.F.);
#4403 = FACE_BOUND('',#4404,.F.);
#4404 = EDGE_LOOP('',(#4405,#4415,#4423,#4431,#4437,#4438,#4439,#4447));
#4405 = ORIENTED_EDGE('',*,*,#4406,.F.);
#4406 = EDGE_CURVE('',#4407,#4409,#4411,.T.);
#4407 = VERTEX_POINT('',#4408);
#4408 = CARTESIAN_POINT('',(2.9,-3.3,0.15));
#4409 = VERTEX_POINT('',#4410);
#4410 = CARTESIAN_POINT('',(2.9,-3.3,1.15));
#4411 = LINE('',#4412,#4413);
#4412 = CARTESIAN_POINT('',(2.9,-3.3,0.15));
#4413 = VECTOR('',#4414,1.);
#4414 = DIRECTION('',(0.,0.,1.));
#4415 = ORIENTED_EDGE('',*,*,#4416,.F.);
#4416 = EDGE_CURVE('',#4417,#4407,#4419,.T.);
#4417 = VERTEX_POINT('',#4418);
#4418 = CARTESIAN_POINT('',(-2.3,-3.3,0.15));
#4419 = LINE('',#4420,#4421);
#4420 = CARTESIAN_POINT('',(-2.3,-3.3,0.15));
#4421 = VECTOR('',#4422,1.);
#4422 = DIRECTION('',(1.,-1.224646799147E-16,0.));
#4423 = ORIENTED_EDGE('',*,*,#4424,.T.);
#4424 = EDGE_CURVE('',#4417,#4425,#4427,.T.);
#4425 = VERTEX_POINT('',#4426);
#4426 = CARTESIAN_POINT('',(-2.3,-3.3,0.85));
#4427 = LINE('',#4428,#4429);
#4428 = CARTESIAN_POINT('',(-2.3,-3.3,0.15));
#4429 = VECTOR('',#4430,1.);
#4430 = DIRECTION('',(0.,0.,1.));
#4431 = ORIENTED_EDGE('',*,*,#4432,.F.);
#4432 = EDGE_CURVE('',#4326,#4425,#4433,.T.);
#4433 = LINE('',#4434,#4435);
#4434 = CARTESIAN_POINT('',(-4.041334437186E-16,-3.3,0.85));
#4435 = VECTOR('',#4436,1.);
#4436 = DIRECTION('',(-1.,1.224646799147E-16,0.));
#4437 = ORIENTED_EDGE('',*,*,#4325,.T.);
#4438 = ORIENTED_EDGE('',*,*,#4121,.T.);
#4439 = ORIENTED_EDGE('',*,*,#4440,.F.);
#4440 = EDGE_CURVE('',#4441,#4122,#4443,.T.);
#4441 = VERTEX_POINT('',#4442);
#4442 = CARTESIAN_POINT('',(0.576628129734,-3.3,1.15));
#4443 = LINE('',#4444,#4445);
#4444 = CARTESIAN_POINT('',(0.576628129734,-3.3,0.65));
#4445 = VECTOR('',#4446,1.);
#4446 = DIRECTION('',(0.,0.,-1.));
#4447 = ORIENTED_EDGE('',*,*,#4448,.T.);
#4448 = EDGE_CURVE('',#4441,#4409,#4449,.T.);
#4449 = LINE('',#4450,#4451);
#4450 = CARTESIAN_POINT('',(-2.3,-3.3,1.15));
#4451 = VECTOR('',#4452,1.);
#4452 = DIRECTION('',(1.,-1.224646799147E-16,0.));
#4453 = PLANE('',#4454);
#4454 = AXIS2_PLACEMENT_3D('',#4455,#4456,#4457);
#4455 = CARTESIAN_POINT('',(-2.3,-3.3,0.15));
#4456 = DIRECTION('',(1.224646799147E-16,1.,0.));
#4457 = DIRECTION('',(1.,-1.224646799147E-16,0.));
#4458 = ADVANCED_FACE('',(#4459),#4478,.F.);
#4459 = FACE_BOUND('',#4460,.F.);
#4460 = EDGE_LOOP('',(#4461,#4470,#4476,#4477));
#4461 = ORIENTED_EDGE('',*,*,#4462,.F.);
#4462 = EDGE_CURVE('',#4463,#4369,#4465,.T.);
#4463 = VERTEX_POINT('',#4464);
#4464 = CARTESIAN_POINT('',(3.3,0.576628129734,1.15));
#4465 = CIRCLE('',#4466,3.35);
#4466 = AXIS2_PLACEMENT_3D('',#4467,#4468,#4469);
#4467 = CARTESIAN_POINT('',(0.,0.,1.15));
#4468 = DIRECTION('',(0.,0.,1.));
#4469 = DIRECTION('',(-1.,1.224646799147E-16,0.));
#4470 = ORIENTED_EDGE('',*,*,#4471,.T.);
#4471 = EDGE_CURVE('',#4463,#4139,#4472,.T.);
#4472 = LINE('',#4473,#4474);
#4473 = CARTESIAN_POINT('',(3.3,0.576628129734,0.65));
#4474 = VECTOR('',#4475,1.);
#4475 = DIRECTION('',(0.,0.,-1.));
#4476 = ORIENTED_EDGE('',*,*,#4146,.T.);
#4477 = ORIENTED_EDGE('',*,*,#4376,.F.);
#4478 = CYLINDRICAL_SURFACE('',#4479,3.35);
#4479 = AXIS2_PLACEMENT_3D('',#4480,#4481,#4482);
#4480 = CARTESIAN_POINT('',(0.,0.,0.65));
#4481 = DIRECTION('',(0.,0.,-1.));
#4482 = DIRECTION('',(-1.,1.224646799147E-16,0.));
#4483 = ADVANCED_FACE('',(#4484),#4503,.F.);
#4484 = FACE_BOUND('',#4485,.F.);
#4485 = EDGE_LOOP('',(#4486,#4494,#4501,#4502));
#4486 = ORIENTED_EDGE('',*,*,#4487,.F.);
#4487 = EDGE_CURVE('',#4488,#4130,#4490,.T.);
#4488 = VERTEX_POINT('',#4489);
#4489 = CARTESIAN_POINT('',(3.3,-0.576628129734,1.15));
#4490 = LINE('',#4491,#4492);
#4491 = CARTESIAN_POINT('',(3.3,-0.576628129734,0.65));
#4492 = VECTOR('',#4493,1.);
#4493 = DIRECTION('',(0.,0.,-1.));
#4494 = ORIENTED_EDGE('',*,*,#4495,.F.);
#4495 = EDGE_CURVE('',#4441,#4488,#4496,.T.);
#4496 = CIRCLE('',#4497,3.35);
#4497 = AXIS2_PLACEMENT_3D('',#4498,#4499,#4500);
#4498 = CARTESIAN_POINT('',(0.,0.,1.15));
#4499 = DIRECTION('',(0.,0.,1.));
#4500 = DIRECTION('',(-1.,1.224646799147E-16,0.));
#4501 = ORIENTED_EDGE('',*,*,#4440,.T.);
#4502 = ORIENTED_EDGE('',*,*,#4129,.T.);
#4503 = CYLINDRICAL_SURFACE('',#4504,3.35);
#4504 = AXIS2_PLACEMENT_3D('',#4505,#4506,#4507);
#4505 = CARTESIAN_POINT('',(0.,0.,0.65));
#4506 = DIRECTION('',(0.,0.,-1.));
#4507 = DIRECTION('',(-1.,1.224646799147E-16,0.));
#4508 = ADVANCED_FACE('',(#4509),#4568,.F.);
#4509 = FACE_BOUND('',#4510,.F.);
#4510 = EDGE_LOOP('',(#4511,#4521,#4529,#4535,#4536,#4537,#4538,#4546,
    #4554,#4562));
#4511 = ORIENTED_EDGE('',*,*,#4512,.F.);
#4512 = EDGE_CURVE('',#4513,#4515,#4517,.T.);
#4513 = VERTEX_POINT('',#4514);
#4514 = CARTESIAN_POINT('',(3.3,-2.9,0.15));
#4515 = VERTEX_POINT('',#4516);
#4516 = CARTESIAN_POINT('',(3.3,-0.325,0.15));
#4517 = LINE('',#4518,#4519);
#4518 = CARTESIAN_POINT('',(3.3,-3.3,0.15));
#4519 = VECTOR('',#4520,1.);
#4520 = DIRECTION('',(1.224646799147E-16,1.,0.));
#4521 = ORIENTED_EDGE('',*,*,#4522,.T.);
#4522 = EDGE_CURVE('',#4513,#4523,#4525,.T.);
#4523 = VERTEX_POINT('',#4524);
#4524 = CARTESIAN_POINT('',(3.3,-2.9,1.15));
#4525 = LINE('',#4526,#4527);
#4526 = CARTESIAN_POINT('',(3.3,-2.9,0.15));
#4527 = VECTOR('',#4528,1.);
#4528 = DIRECTION('',(0.,0.,1.));
#4529 = ORIENTED_EDGE('',*,*,#4530,.T.);
#4530 = EDGE_CURVE('',#4523,#4488,#4531,.T.);
#4531 = LINE('',#4532,#4533);
#4532 = CARTESIAN_POINT('',(3.3,-3.3,1.15));
#4533 = VECTOR('',#4534,1.);
#4534 = DIRECTION('',(1.224646799147E-16,1.,0.));
#4535 = ORIENTED_EDGE('',*,*,#4487,.T.);
#4536 = ORIENTED_EDGE('',*,*,#4138,.T.);
#4537 = ORIENTED_EDGE('',*,*,#4471,.F.);
#4538 = ORIENTED_EDGE('',*,*,#4539,.T.);
#4539 = EDGE_CURVE('',#4463,#4540,#4542,.T.);
#4540 = VERTEX_POINT('',#4541);
#4541 = CARTESIAN_POINT('',(3.3,2.9,1.15));
#4542 = LINE('',#4543,#4544);
#4543 = CARTESIAN_POINT('',(3.3,-3.3,1.15));
#4544 = VECTOR('',#4545,1.);
#4545 = DIRECTION('',(1.224646799147E-16,1.,0.));
#4546 = ORIENTED_EDGE('',*,*,#4547,.F.);
#4547 = EDGE_CURVE('',#4548,#4540,#4550,.T.);
#4548 = VERTEX_POINT('',#4549);
#4549 = CARTESIAN_POINT('',(3.3,2.9,0.15));
#4550 = LINE('',#4551,#4552);
#4551 = CARTESIAN_POINT('',(3.3,2.9,0.15));
#4552 = VECTOR('',#4553,1.);
#4553 = DIRECTION('',(0.,0.,1.));
#4554 = ORIENTED_EDGE('',*,*,#4555,.F.);
#4555 = EDGE_CURVE('',#4556,#4548,#4558,.T.);
#4556 = VERTEX_POINT('',#4557);
#4557 = CARTESIAN_POINT('',(3.3,0.325,0.15));
#4558 = LINE('',#4559,#4560);
#4559 = CARTESIAN_POINT('',(3.3,-3.3,0.15));
#4560 = VECTOR('',#4561,1.);
#4561 = DIRECTION('',(1.224646799147E-16,1.,0.));
#4562 = ORIENTED_EDGE('',*,*,#4563,.F.);
#4563 = EDGE_CURVE('',#4515,#4556,#4564,.T.);
#4564 = LINE('',#4565,#4566);
#4565 = CARTESIAN_POINT('',(3.3,-3.3,0.15));
#4566 = VECTOR('',#4567,1.);
#4567 = DIRECTION('',(1.224646799147E-16,1.,0.));
#4568 = PLANE('',#4569);
#4569 = AXIS2_PLACEMENT_3D('',#4570,#4571,#4572);
#4570 = CARTESIAN_POINT('',(3.3,-3.3,0.15));
#4571 = DIRECTION('',(-1.,1.224646799147E-16,0.));
#4572 = DIRECTION('',(1.224646799147E-16,1.,0.));
#4573 = ADVANCED_FACE('',(#4574),#4603,.T.);
#4574 = FACE_BOUND('',#4575,.T.);
#4575 = EDGE_LOOP('',(#4576,#4584,#4601,#4602));
#4576 = ORIENTED_EDGE('',*,*,#4577,.T.);
#4577 = EDGE_CURVE('',#4182,#4578,#4580,.T.);
#4578 = VERTEX_POINT('',#4579);
#4579 = CARTESIAN_POINT('',(-3.15,3.857637417314E-16,2.22434575002));
#4580 = ( BOUNDED_CURVE() B_SPLINE_CURVE(2,(#4581,#4582,#4583),
.UNSPECIFIED.,.F.,.F.) B_SPLINE_CURVE_WITH_KNOTS((3,3),(0.,
19.792033717616),.PIECEWISE_BEZIER_KNOTS.) CURVE() 
GEOMETRIC_REPRESENTATION_ITEM() RATIONAL_B_SPLINE_CURVE((1.,
0.738548945876,1.)) REPRESENTATION_ITEM('') );
#4581 = CARTESIAN_POINT('',(-3.123636363636,3.825351274428E-16,
    2.195465833351));
#4582 = CARTESIAN_POINT('',(-3.15,1.752725840801E-15,2.197872493074));
#4583 = CARTESIAN_POINT('',(-3.15,3.857637417314E-16,2.22434575002));
#4584 = ORIENTED_EDGE('',*,*,#4585,.T.);
#4585 = EDGE_CURVE('',#4578,#4578,#4586,.T.);
#4586 = ( BOUNDED_CURVE() B_SPLINE_CURVE(13,(#4587,#4588,#4589,#4590,
    #4591,#4592,#4593,#4594,#4595,#4596,#4597,#4598,#4599,#4600),
.UNSPECIFIED.,.T.,.F.) B_SPLINE_CURVE_WITH_KNOTS((1,13,13,1),(
    -19.79203371761,3.914259941243E-16,19.792033717616,39.584067435232),
.UNSPECIFIED.) CURVE() GEOMETRIC_REPRESENTATION_ITEM() 
RATIONAL_B_SPLINE_CURVE((1.,1.,1.000000000001,0.999999999998,
    1.000000000004,0.999999999994,1.000000000007,0.999999999994,
    1.000000000005,0.999999999997,1.000000000001,1.,1.,1.)) 
REPRESENTATION_ITEM('') );
#4587 = CARTESIAN_POINT('',(-3.15,3.857637417314E-16,2.22434575002));
#4588 = CARTESIAN_POINT('',(-3.150000000001,1.500440617323,2.22434575002
    ));
#4589 = CARTESIAN_POINT('',(-2.374522784296,3.035482525996,2.22434575002
    ));
#4590 = CARTESIAN_POINT('',(-0.778699260132,4.133102804312,2.22434575002
    ));
#4591 = CARTESIAN_POINT('',(1.417356467599,4.301676360908,2.22434575002)
  );
#4592 = CARTESIAN_POINT('',(3.314487228417,3.131786890306,2.22434575002)
  );
#4593 = CARTESIAN_POINT('',(4.705833357232,1.424009627085,2.224345750019
    ));
#4594 = CARTESIAN_POINT('',(4.705833357255,-1.424009627103,2.22434575002
    ));
#4595 = CARTESIAN_POINT('',(3.314487228412,-3.131786890273,2.22434575002
    ));
#4596 = CARTESIAN_POINT('',(1.41735646759,-4.301676360936,2.22434575002)
  );
#4597 = CARTESIAN_POINT('',(-0.778699260121,-4.133102804299,
    2.22434575002));
#4598 = CARTESIAN_POINT('',(-2.374522784302,-3.035482526,2.22434575002)
  );
#4599 = CARTESIAN_POINT('',(-3.149999999999,-1.500440617323,
    2.22434575002));
#4600 = CARTESIAN_POINT('',(-3.15,3.857637417314E-16,2.22434575002));
#4601 = ORIENTED_EDGE('',*,*,#4577,.F.);
#4602 = ORIENTED_EDGE('',*,*,#4192,.F.);
#4603 = ( BOUNDED_SURFACE() B_SPLINE_SURFACE(2,13,(
    (#4604,#4605,#4606,#4607,#4608,#4609,#4610,#4611,#4612,#4613,#4614
      ,#4615,#4616,#4617)
    ,(#4618,#4619,#4620,#4621,#4622,#4623,#4624,#4625,#4626,#4627,#4628
      ,#4629,#4630,#4631)
    ,(#4632,#4633,#4634,#4635,#4636,#4637,#4638,#4639,#4640,#4641,#4642
      ,#4643,#4644,#4645
)),.UNSPECIFIED.,.F.,.T.,.F.) B_SPLINE_SURFACE_WITH_KNOTS((3,3),(1,13,13
    ,1),(0.,19.792033717616),(-19.79203371761,3.914259941243E-16,
    19.792033717616,39.584067435232),.UNSPECIFIED.) 
GEOMETRIC_REPRESENTATION_ITEM() RATIONAL_B_SPLINE_SURFACE((
    (1.,1.,1.000000000001,0.999999999998,1.000000000004,0.999999999994
      ,1.000000000007,0.999999999994,1.000000000005,0.999999999997
      ,1.000000000001,1.,1.,1.)
    ,(0.738548945876,0.738548945876,0.738548945876,0.738548945875
      ,0.738548945878,0.738548945872,0.73854894588,0.738548945872
      ,0.738548945879,0.738548945874,0.738548945877,0.738548945876
      ,0.738548945876,0.738548945876)
    ,(1.,1.,1.000000000001,0.999999999998,1.000000000004,0.999999999994
      ,1.000000000007,0.999999999994,1.000000000005,0.999999999997
,1.000000000001,1.,1.,1.))) REPRESENTATION_ITEM('') SURFACE() );
#4604 = CARTESIAN_POINT('',(-3.123636363636,3.825351274428E-16,
    2.195465833351));
#4605 = CARTESIAN_POINT('',(-3.123636363637,1.487882817062,
    2.195465833351));
#4606 = CARTESIAN_POINT('',(-2.354649433433,3.010077333139,
    2.195465833351));
#4607 = CARTESIAN_POINT('',(-0.772182008026,4.098511179107,
    2.195465833351));
#4608 = CARTESIAN_POINT('',(1.405494032514,4.265673874777,2.195465833351
    ));
#4609 = CARTESIAN_POINT('',(3.286746931272,3.105575686884,2.195465833351
    ));
#4610 = CARTESIAN_POINT('',(4.666448316142,1.412091509007,2.195465833351
    ));
#4611 = CARTESIAN_POINT('',(4.666448316175,-1.412091509024,
    2.195465833351));
#4612 = CARTESIAN_POINT('',(3.286746931258,-3.105575686853,
    2.195465833351));
#4613 = CARTESIAN_POINT('',(1.405494032511,-4.265673874805,
    2.195465833351));
#4614 = CARTESIAN_POINT('',(-0.772182008017,-4.098511179094,
    2.195465833351));
#4615 = CARTESIAN_POINT('',(-2.354649433438,-3.010077333143,
    2.195465833351));
#4616 = CARTESIAN_POINT('',(-3.123636363636,-1.487882817062,
    2.195465833351));
#4617 = CARTESIAN_POINT('',(-3.123636363636,3.825351274428E-16,
    2.195465833351));
#4618 = CARTESIAN_POINT('',(-3.15,1.752725840801E-15,2.197872493074));
#4619 = CARTESIAN_POINT('',(-3.150000000001,1.500440617323,
    2.197872493074));
#4620 = CARTESIAN_POINT('',(-2.374522784297,3.035482525996,
    2.197872493074));
#4621 = CARTESIAN_POINT('',(-0.778699260132,4.133102804312,
    2.197872493074));
#4622 = CARTESIAN_POINT('',(1.4173564676,4.301676360909,2.197872493073)
  );
#4623 = CARTESIAN_POINT('',(3.314487228414,3.131786890305,2.197872493074
    ));
#4624 = CARTESIAN_POINT('',(4.705833357238,1.424009627084,2.197872493073
    ));
#4625 = CARTESIAN_POINT('',(4.705833357249,-1.424009627099,
    2.197872493074));
#4626 = CARTESIAN_POINT('',(3.314487228416,-3.131786890278,
    2.197872493074));
#4627 = CARTESIAN_POINT('',(1.417356467589,-4.301676360933,
    2.197872493074));
#4628 = CARTESIAN_POINT('',(-0.778699260121,-4.133102804301,
    2.197872493074));
#4629 = CARTESIAN_POINT('',(-2.374522784302,-3.035482525999,
    2.197872493074));
#4630 = CARTESIAN_POINT('',(-3.15,-1.500440617323,2.197872493074));
#4631 = CARTESIAN_POINT('',(-3.15,1.752725840801E-15,2.197872493074));
#4632 = CARTESIAN_POINT('',(-3.15,3.857637417314E-16,2.22434575002));
#4633 = CARTESIAN_POINT('',(-3.150000000001,1.500440617323,2.22434575002
    ));
#4634 = CARTESIAN_POINT('',(-2.374522784296,3.035482525996,2.22434575002
    ));
#4635 = CARTESIAN_POINT('',(-0.778699260132,4.133102804312,2.22434575002
    ));
#4636 = CARTESIAN_POINT('',(1.417356467599,4.301676360908,2.22434575002)
  );
#4637 = CARTESIAN_POINT('',(3.314487228417,3.131786890306,2.22434575002)
  );
#4638 = CARTESIAN_POINT('',(4.705833357232,1.424009627085,2.224345750019
    ));
#4639 = CARTESIAN_POINT('',(4.705833357255,-1.424009627103,2.22434575002
    ));
#4640 = CARTESIAN_POINT('',(3.314487228412,-3.131786890273,2.22434575002
    ));
#4641 = CARTESIAN_POINT('',(1.41735646759,-4.301676360936,2.22434575002)
  );
#4642 = CARTESIAN_POINT('',(-0.778699260121,-4.133102804299,
    2.22434575002));
#4643 = CARTESIAN_POINT('',(-2.374522784302,-3.035482526,2.22434575002)
  );
#4644 = CARTESIAN_POINT('',(-3.149999999999,-1.500440617323,
    2.22434575002));
#4645 = CARTESIAN_POINT('',(-3.15,3.857637417314E-16,2.22434575002));
#4646 = ADVANCED_FACE('',(#4647),#4727,.F.);
#4647 = FACE_BOUND('',#4648,.F.);
#4648 = EDGE_LOOP('',(#4649,#4656,#4657,#4665,#4674,#4680,#4681,#4688,
    #4689,#4695,#4696,#4704,#4713,#4719,#4720,#4726));
#4649 = ORIENTED_EDGE('',*,*,#4650,.F.);
#4650 = EDGE_CURVE('',#4513,#4407,#4651,.T.);
#4651 = CIRCLE('',#4652,0.4);
#4652 = AXIS2_PLACEMENT_3D('',#4653,#4654,#4655);
#4653 = CARTESIAN_POINT('',(2.9,-2.9,0.15));
#4654 = DIRECTION('',(0.,0.,-1.));
#4655 = DIRECTION('',(1.224646799147E-16,1.,0.));
#4656 = ORIENTED_EDGE('',*,*,#4512,.T.);
#4657 = ORIENTED_EDGE('',*,*,#4658,.F.);
#4658 = EDGE_CURVE('',#4659,#4515,#4661,.T.);
#4659 = VERTEX_POINT('',#4660);
#4660 = CARTESIAN_POINT('',(1.225,-0.325,0.15));
#4661 = LINE('',#4662,#4663);
#4662 = CARTESIAN_POINT('',(1.225,-0.325,0.15));
#4663 = VECTOR('',#4664,1.);
#4664 = DIRECTION('',(1.,-2.656811920655E-16,0.));
#4665 = ORIENTED_EDGE('',*,*,#4666,.F.);
#4666 = EDGE_CURVE('',#4667,#4659,#4669,.T.);
#4667 = VERTEX_POINT('',#4668);
#4668 = CARTESIAN_POINT('',(1.225,0.325,0.15));
#4669 = CIRCLE('',#4670,0.325);
#4670 = AXIS2_PLACEMENT_3D('',#4671,#4672,#4673);
#4671 = CARTESIAN_POINT('',(1.225,-3.000384657911E-16,0.15));
#4672 = DIRECTION('',(0.,-0.,1.));
#4673 = DIRECTION('',(9.281435288296E-16,1.,0.));
#4674 = ORIENTED_EDGE('',*,*,#4675,.F.);
#4675 = EDGE_CURVE('',#4556,#4667,#4676,.T.);
#4676 = LINE('',#4677,#4678);
#4677 = CARTESIAN_POINT('',(3.9,0.325,0.15));
#4678 = VECTOR('',#4679,1.);
#4679 = DIRECTION('',(-1.,2.449293598295E-16,0.));
#4680 = ORIENTED_EDGE('',*,*,#4555,.T.);
#4681 = ORIENTED_EDGE('',*,*,#4682,.F.);
#4682 = EDGE_CURVE('',#4351,#4548,#4683,.T.);
#4683 = CIRCLE('',#4684,0.4);
#4684 = AXIS2_PLACEMENT_3D('',#4685,#4686,#4687);
#4685 = CARTESIAN_POINT('',(2.9,2.9,0.15));
#4686 = DIRECTION('',(0.,0.,-1.));
#4687 = DIRECTION('',(1.224646799147E-16,1.,0.));
#4688 = ORIENTED_EDGE('',*,*,#4350,.T.);
#4689 = ORIENTED_EDGE('',*,*,#4690,.T.);
#4690 = EDGE_CURVE('',#4353,#4222,#4691,.T.);
#4691 = LINE('',#4692,#4693);
#4692 = CARTESIAN_POINT('',(-2.3,3.3,0.15));
#4693 = VECTOR('',#4694,1.);
#4694 = DIRECTION('',(-0.707106781187,-0.707106781187,0.));
#4695 = ORIENTED_EDGE('',*,*,#4221,.T.);
#4696 = ORIENTED_EDGE('',*,*,#4697,.F.);
#4697 = EDGE_CURVE('',#4698,#4224,#4700,.T.);
#4698 = VERTEX_POINT('',#4699);
#4699 = CARTESIAN_POINT('',(-1.225,0.325,0.15));
#4700 = LINE('',#4701,#4702);
#4701 = CARTESIAN_POINT('',(-1.225,0.325,0.15));
#4702 = VECTOR('',#4703,1.);
#4703 = DIRECTION('',(-1.,1.432165121507E-16,0.));
#4704 = ORIENTED_EDGE('',*,*,#4705,.F.);
#4705 = EDGE_CURVE('',#4706,#4698,#4708,.T.);
#4706 = VERTEX_POINT('',#4707);
#4707 = CARTESIAN_POINT('',(-1.225,-0.325,0.15));
#4708 = CIRCLE('',#4709,0.325);
#4709 = AXIS2_PLACEMENT_3D('',#4710,#4711,#4712);
#4710 = CARTESIAN_POINT('',(-1.225,1.500192328956E-16,0.15));
#4711 = DIRECTION('',(0.,0.,1.));
#4712 = DIRECTION('',(-8.056788489148E-16,-1.,0.));
#4713 = ORIENTED_EDGE('',*,*,#4714,.F.);
#4714 = EDGE_CURVE('',#4279,#4706,#4715,.T.);
#4715 = LINE('',#4716,#4717);
#4716 = CARTESIAN_POINT('',(-3.9,-0.325,0.15));
#4717 = VECTOR('',#4718,1.);
#4718 = DIRECTION('',(1.,-1.224646799147E-16,0.));
#4719 = ORIENTED_EDGE('',*,*,#4278,.T.);
#4720 = ORIENTED_EDGE('',*,*,#4721,.T.);
#4721 = EDGE_CURVE('',#4271,#4417,#4722,.T.);
#4722 = LINE('',#4723,#4724);
#4723 = CARTESIAN_POINT('',(-3.3,-2.3,0.15));
#4724 = VECTOR('',#4725,1.);
#4725 = DIRECTION('',(0.707106781187,-0.707106781187,0.));
#4726 = ORIENTED_EDGE('',*,*,#4416,.T.);
#4727 = PLANE('',#4728);
#4728 = AXIS2_PLACEMENT_3D('',#4729,#4730,#4731);
#4729 = CARTESIAN_POINT('',(0.169665910187,-2.077808138351E-17,0.15));
#4730 = DIRECTION('',(0.,0.,1.));
#4731 = DIRECTION('',(-1.,1.224646799147E-16,0.));
#4732 = ADVANCED_FACE('',(#4733),#4744,.F.);
#4733 = FACE_BOUND('',#4734,.F.);
#4734 = EDGE_LOOP('',(#4735,#4736,#4737,#4743));
#4735 = ORIENTED_EDGE('',*,*,#4690,.F.);
#4736 = ORIENTED_EDGE('',*,*,#4392,.T.);
#4737 = ORIENTED_EDGE('',*,*,#4738,.T.);
#4738 = EDGE_CURVE('',#4385,#4232,#4739,.T.);
#4739 = LINE('',#4740,#4741);
#4740 = CARTESIAN_POINT('',(-1.725,3.875,0.85));
#4741 = VECTOR('',#4742,1.);
#4742 = DIRECTION('',(-0.707106781187,-0.707106781187,0.));
#4743 = ORIENTED_EDGE('',*,*,#4231,.F.);
#4744 = PLANE('',#4745);
#4745 = AXIS2_PLACEMENT_3D('',#4746,#4747,#4748);
#4746 = CARTESIAN_POINT('',(-2.3,3.3,0.15));
#4747 = DIRECTION('',(0.707106781187,-0.707106781187,0.));
#4748 = DIRECTION('',(-0.707106781187,-0.707106781187,0.));
#4749 = ADVANCED_FACE('',(#4750),#4775,.T.);
#4750 = FACE_BOUND('',#4751,.T.);
#4751 = EDGE_LOOP('',(#4752,#4760,#4768,#4774));
#4752 = ORIENTED_EDGE('',*,*,#4753,.T.);
#4753 = EDGE_CURVE('',#4224,#4754,#4756,.T.);
#4754 = VERTEX_POINT('',#4755);
#4755 = CARTESIAN_POINT('',(-3.9,0.325,0.15));
#4756 = LINE('',#4757,#4758);
#4757 = CARTESIAN_POINT('',(-1.225,0.325,0.15));
#4758 = VECTOR('',#4759,1.);
#4759 = DIRECTION('',(-1.,1.432165121507E-16,0.));
#4760 = ORIENTED_EDGE('',*,*,#4761,.T.);
#4761 = EDGE_CURVE('',#4754,#4762,#4764,.T.);
#4762 = VERTEX_POINT('',#4763);
#4763 = CARTESIAN_POINT('',(-3.9,-0.325,0.15));
#4764 = LINE('',#4765,#4766);
#4765 = CARTESIAN_POINT('',(-3.9,0.325,0.15));
#4766 = VECTOR('',#4767,1.);
#4767 = DIRECTION('',(-1.224646799147E-16,-1.,0.));
#4768 = ORIENTED_EDGE('',*,*,#4769,.T.);
#4769 = EDGE_CURVE('',#4762,#4279,#4770,.T.);
#4770 = LINE('',#4771,#4772);
#4771 = CARTESIAN_POINT('',(-3.9,-0.325,0.15));
#4772 = VECTOR('',#4773,1.);
#4773 = DIRECTION('',(1.,-1.224646799147E-16,0.));
#4774 = ORIENTED_EDGE('',*,*,#4286,.F.);
#4775 = PLANE('',#4776);
#4776 = AXIS2_PLACEMENT_3D('',#4777,#4778,#4779);
#4777 = CARTESIAN_POINT('',(-2.47395012666,2.870543344061E-16,0.15));
#4778 = DIRECTION('',(0.,0.,1.));
#4779 = DIRECTION('',(-1.,1.224646799147E-16,0.));
#4780 = ADVANCED_FACE('',(#4781),#4787,.T.);
#4781 = FACE_BOUND('',#4782,.T.);
#4782 = EDGE_LOOP('',(#4783,#4784,#4785,#4786));
#4783 = ORIENTED_EDGE('',*,*,#4310,.T.);
#4784 = ORIENTED_EDGE('',*,*,#4384,.T.);
#4785 = ORIENTED_EDGE('',*,*,#4738,.T.);
#4786 = ORIENTED_EDGE('',*,*,#4239,.T.);
#4787 = PLANE('',#4788);
#4788 = AXIS2_PLACEMENT_3D('',#4789,#4790,#4791);
#4789 = CARTESIAN_POINT('',(4.041334437186E-16,3.3,0.85));
#4790 = DIRECTION('',(0.,0.,1.));
#4791 = DIRECTION('',(-1.,1.224646799147E-16,0.));
#4792 = ADVANCED_FACE('',(#4793),#4804,.F.);
#4793 = FACE_BOUND('',#4794,.F.);
#4794 = EDGE_LOOP('',(#4795,#4796,#4797,#4803));
#4795 = ORIENTED_EDGE('',*,*,#4721,.F.);
#4796 = ORIENTED_EDGE('',*,*,#4270,.T.);
#4797 = ORIENTED_EDGE('',*,*,#4798,.T.);
#4798 = EDGE_CURVE('',#4263,#4425,#4799,.T.);
#4799 = LINE('',#4800,#4801);
#4800 = CARTESIAN_POINT('',(-3.875,-1.725,0.85));
#4801 = VECTOR('',#4802,1.);
#4802 = DIRECTION('',(0.707106781187,-0.707106781187,0.));
#4803 = ORIENTED_EDGE('',*,*,#4424,.F.);
#4804 = PLANE('',#4805);
#4805 = AXIS2_PLACEMENT_3D('',#4806,#4807,#4808);
#4806 = CARTESIAN_POINT('',(-3.3,-2.3,0.15));
#4807 = DIRECTION('',(0.707106781187,0.707106781187,0.));
#4808 = DIRECTION('',(0.707106781187,-0.707106781187,0.));
#4809 = ADVANCED_FACE('',(#4810),#4816,.T.);
#4810 = FACE_BOUND('',#4811,.T.);
#4811 = EDGE_LOOP('',(#4812,#4813,#4814,#4815));
#4812 = ORIENTED_EDGE('',*,*,#4432,.F.);
#4813 = ORIENTED_EDGE('',*,*,#4333,.T.);
#4814 = ORIENTED_EDGE('',*,*,#4262,.T.);
#4815 = ORIENTED_EDGE('',*,*,#4798,.T.);
#4816 = PLANE('',#4817);
#4817 = AXIS2_PLACEMENT_3D('',#4818,#4819,#4820);
#4818 = CARTESIAN_POINT('',(4.041334437186E-16,3.3,0.85));
#4819 = DIRECTION('',(0.,0.,1.));
#4820 = DIRECTION('',(-1.,1.224646799147E-16,0.));
#4821 = ADVANCED_FACE('',(#4822),#4834,.T.);
#4822 = FACE_BOUND('',#4823,.T.);
#4823 = EDGE_LOOP('',(#4824,#4825,#4826,#4833));
#4824 = ORIENTED_EDGE('',*,*,#4462,.F.);
#4825 = ORIENTED_EDGE('',*,*,#4539,.T.);
#4826 = ORIENTED_EDGE('',*,*,#4827,.F.);
#4827 = EDGE_CURVE('',#4361,#4540,#4828,.T.);
#4828 = CIRCLE('',#4829,0.4);
#4829 = AXIS2_PLACEMENT_3D('',#4830,#4831,#4832);
#4830 = CARTESIAN_POINT('',(2.9,2.9,1.15));
#4831 = DIRECTION('',(0.,0.,-1.));
#4832 = DIRECTION('',(1.224646799147E-16,1.,0.));
#4833 = ORIENTED_EDGE('',*,*,#4368,.T.);
#4834 = PLANE('',#4835);
#4835 = AXIS2_PLACEMENT_3D('',#4836,#4837,#4838);
#4836 = CARTESIAN_POINT('',(0.169665910187,-2.077808138351E-17,1.15));
#4837 = DIRECTION('',(0.,0.,1.));
#4838 = DIRECTION('',(-1.,1.224646799147E-16,0.));
#4839 = ADVANCED_FACE('',(#4840),#4846,.T.);
#4840 = FACE_BOUND('',#4841,.T.);
#4841 = EDGE_LOOP('',(#4842,#4843,#4844,#4845));
#4842 = ORIENTED_EDGE('',*,*,#4360,.T.);
#4843 = ORIENTED_EDGE('',*,*,#4827,.T.);
#4844 = ORIENTED_EDGE('',*,*,#4547,.F.);
#4845 = ORIENTED_EDGE('',*,*,#4682,.F.);
#4846 = CYLINDRICAL_SURFACE('',#4847,0.4);
#4847 = AXIS2_PLACEMENT_3D('',#4848,#4849,#4850);
#4848 = CARTESIAN_POINT('',(2.9,2.9,0.15));
#4849 = DIRECTION('',(0.,0.,1.));
#4850 = DIRECTION('',(1.224646799147E-16,1.,-0.));
#4851 = ADVANCED_FACE('',(#4852),#4864,.T.);
#4852 = FACE_BOUND('',#4853,.T.);
#4853 = EDGE_LOOP('',(#4854,#4855,#4862,#4863));
#4854 = ORIENTED_EDGE('',*,*,#4522,.T.);
#4855 = ORIENTED_EDGE('',*,*,#4856,.T.);
#4856 = EDGE_CURVE('',#4523,#4409,#4857,.T.);
#4857 = CIRCLE('',#4858,0.4);
#4858 = AXIS2_PLACEMENT_3D('',#4859,#4860,#4861);
#4859 = CARTESIAN_POINT('',(2.9,-2.9,1.15));
#4860 = DIRECTION('',(0.,0.,-1.));
#4861 = DIRECTION('',(1.224646799147E-16,1.,0.));
#4862 = ORIENTED_EDGE('',*,*,#4406,.F.);
#4863 = ORIENTED_EDGE('',*,*,#4650,.F.);
#4864 = CYLINDRICAL_SURFACE('',#4865,0.4);
#4865 = AXIS2_PLACEMENT_3D('',#4866,#4867,#4868);
#4866 = CARTESIAN_POINT('',(2.9,-2.9,0.15));
#4867 = DIRECTION('',(0.,0.,1.));
#4868 = DIRECTION('',(1.,-1.224646799147E-16,0.));
#4869 = ADVANCED_FACE('',(#4870),#4876,.T.);
#4870 = FACE_BOUND('',#4871,.T.);
#4871 = EDGE_LOOP('',(#4872,#4873,#4874,#4875));
#4872 = ORIENTED_EDGE('',*,*,#4856,.F.);
#4873 = ORIENTED_EDGE('',*,*,#4530,.T.);
#4874 = ORIENTED_EDGE('',*,*,#4495,.F.);
#4875 = ORIENTED_EDGE('',*,*,#4448,.T.);
#4876 = PLANE('',#4877);
#4877 = AXIS2_PLACEMENT_3D('',#4878,#4879,#4880);
#4878 = CARTESIAN_POINT('',(0.169665910187,-2.077808138351E-17,1.15));
#4879 = DIRECTION('',(0.,0.,1.));
#4880 = DIRECTION('',(-1.,1.224646799147E-16,0.));
#4881 = ADVANCED_FACE('',(#4882),#4907,.T.);
#4882 = FACE_BOUND('',#4883,.T.);
#4883 = EDGE_LOOP('',(#4884,#4892,#4900,#4906));
#4884 = ORIENTED_EDGE('',*,*,#4885,.T.);
#4885 = EDGE_CURVE('',#4515,#4886,#4888,.T.);
#4886 = VERTEX_POINT('',#4887);
#4887 = CARTESIAN_POINT('',(3.9,-0.325,0.15));
#4888 = LINE('',#4889,#4890);
#4889 = CARTESIAN_POINT('',(1.225,-0.325,0.15));
#4890 = VECTOR('',#4891,1.);
#4891 = DIRECTION('',(1.,-2.656811920655E-16,0.));
#4892 = ORIENTED_EDGE('',*,*,#4893,.T.);
#4893 = EDGE_CURVE('',#4886,#4894,#4896,.T.);
#4894 = VERTEX_POINT('',#4895);
#4895 = CARTESIAN_POINT('',(3.9,0.325,0.15));
#4896 = LINE('',#4897,#4898);
#4897 = CARTESIAN_POINT('',(3.9,-0.325,0.15));
#4898 = VECTOR('',#4899,1.);
#4899 = DIRECTION('',(2.449293598295E-16,1.,0.));
#4900 = ORIENTED_EDGE('',*,*,#4901,.T.);
#4901 = EDGE_CURVE('',#4894,#4556,#4902,.T.);
#4902 = LINE('',#4903,#4904);
#4903 = CARTESIAN_POINT('',(3.9,0.325,0.15));
#4904 = VECTOR('',#4905,1.);
#4905 = DIRECTION('',(-1.,2.449293598295E-16,0.));
#4906 = ORIENTED_EDGE('',*,*,#4563,.F.);
#4907 = PLANE('',#4908);
#4908 = AXIS2_PLACEMENT_3D('',#4909,#4910,#4911);
#4909 = CARTESIAN_POINT('',(2.47395012666,-5.900258447925E-16,0.15));
#4910 = DIRECTION('',(0.,0.,1.));
#4911 = DIRECTION('',(1.,-2.449293598295E-16,0.));
#4912 = ADVANCED_FACE('',(#4913),#4959,.T.);
#4913 = FACE_BOUND('',#4914,.T.);
#4914 = EDGE_LOOP('',(#4915,#4916,#4924,#4933,#4942,#4951,#4958));
#4915 = ORIENTED_EDGE('',*,*,#4585,.F.);
#4916 = ORIENTED_EDGE('',*,*,#4917,.T.);
#4917 = EDGE_CURVE('',#4578,#4918,#4920,.T.);
#4918 = VERTEX_POINT('',#4919);
#4919 = CARTESIAN_POINT('',(-3.15,3.857637417314E-16,5.38));
#4920 = LINE('',#4921,#4922);
#4921 = CARTESIAN_POINT('',(-3.15,3.857637417314E-16,2.196666666667));
#4922 = VECTOR('',#4923,1.);
#4923 = DIRECTION('',(0.,0.,1.));
#4924 = ORIENTED_EDGE('',*,*,#4925,.T.);
#4925 = EDGE_CURVE('',#4918,#4926,#4928,.T.);
#4926 = VERTEX_POINT('',#4927);
#4927 = CARTESIAN_POINT('',(0.945,3.004908484463,5.38));
#4928 = CIRCLE('',#4929,3.15);
#4929 = AXIS2_PLACEMENT_3D('',#4930,#4931,#4932);
#4930 = CARTESIAN_POINT('',(0.,0.,5.38));
#4931 = DIRECTION('',(0.,0.,-1.));
#4932 = DIRECTION('',(-1.,1.224646799147E-16,0.));
#4933 = ORIENTED_EDGE('',*,*,#4934,.T.);
#4934 = EDGE_CURVE('',#4926,#4935,#4937,.T.);
#4935 = VERTEX_POINT('',#4936);
#4936 = CARTESIAN_POINT('',(3.15,1.394737054348E-15,5.38));
#4937 = CIRCLE('',#4938,3.15);
#4938 = AXIS2_PLACEMENT_3D('',#4939,#4940,#4941);
#4939 = CARTESIAN_POINT('',(0.,0.,5.38));
#4940 = DIRECTION('',(0.,0.,-1.));
#4941 = DIRECTION('',(-1.,1.224646799147E-16,0.));
#4942 = ORIENTED_EDGE('',*,*,#4943,.T.);
#4943 = EDGE_CURVE('',#4935,#4944,#4946,.T.);
#4944 = VERTEX_POINT('',#4945);
#4945 = CARTESIAN_POINT('',(0.945,-3.004908484463,5.38));
#4946 = CIRCLE('',#4947,3.15);
#4947 = AXIS2_PLACEMENT_3D('',#4948,#4949,#4950);
#4948 = CARTESIAN_POINT('',(0.,0.,5.38));
#4949 = DIRECTION('',(0.,0.,-1.));
#4950 = DIRECTION('',(-1.,1.224646799147E-16,0.));
#4951 = ORIENTED_EDGE('',*,*,#4952,.T.);
#4952 = EDGE_CURVE('',#4944,#4918,#4953,.T.);
#4953 = CIRCLE('',#4954,3.15);
#4954 = AXIS2_PLACEMENT_3D('',#4955,#4956,#4957);
#4955 = CARTESIAN_POINT('',(0.,0.,5.38));
#4956 = DIRECTION('',(0.,0.,-1.));
#4957 = DIRECTION('',(-1.,1.224646799147E-16,0.));
#4958 = ORIENTED_EDGE('',*,*,#4917,.F.);
#4959 = CYLINDRICAL_SURFACE('',#4960,3.15);
#4960 = AXIS2_PLACEMENT_3D('',#4961,#4962,#4963);
#4961 = CARTESIAN_POINT('',(0.,0.,2.196666666667));
#4962 = DIRECTION('',(0.,0.,1.));
#4963 = DIRECTION('',(-1.,1.224646799147E-16,0.));
#4964 = ADVANCED_FACE('',(#4965),#4991,.F.);
#4965 = FACE_BOUND('',#4966,.F.);
#4966 = EDGE_LOOP('',(#4967,#4975,#4976,#4977,#4985));
#4967 = ORIENTED_EDGE('',*,*,#4968,.T.);
#4968 = EDGE_CURVE('',#4969,#4762,#4971,.T.);
#4969 = VERTEX_POINT('',#4970);
#4970 = CARTESIAN_POINT('',(-3.9,-0.325,0.));
#4971 = LINE('',#4972,#4973);
#4972 = CARTESIAN_POINT('',(-3.9,-0.325,0.));
#4973 = VECTOR('',#4974,1.);
#4974 = DIRECTION('',(0.,0.,1.));
#4975 = ORIENTED_EDGE('',*,*,#4769,.T.);
#4976 = ORIENTED_EDGE('',*,*,#4714,.T.);
#4977 = ORIENTED_EDGE('',*,*,#4978,.F.);
#4978 = EDGE_CURVE('',#4979,#4706,#4981,.T.);
#4979 = VERTEX_POINT('',#4980);
#4980 = CARTESIAN_POINT('',(-1.225,-0.325,0.));
#4981 = LINE('',#4982,#4983);
#4982 = CARTESIAN_POINT('',(-1.225,-0.325,0.));
#4983 = VECTOR('',#4984,1.);
#4984 = DIRECTION('',(0.,0.,1.));
#4985 = ORIENTED_EDGE('',*,*,#4986,.F.);
#4986 = EDGE_CURVE('',#4969,#4979,#4987,.T.);
#4987 = LINE('',#4988,#4989);
#4988 = CARTESIAN_POINT('',(-3.9,-0.325,0.));
#4989 = VECTOR('',#4990,1.);
#4990 = DIRECTION('',(1.,-1.224646799147E-16,0.));
#4991 = PLANE('',#4992);
#4992 = AXIS2_PLACEMENT_3D('',#4993,#4994,#4995);
#4993 = CARTESIAN_POINT('',(-3.9,-0.325,0.));
#4994 = DIRECTION('',(1.224646799147E-16,1.,0.));
#4995 = DIRECTION('',(1.,-1.224646799147E-16,0.));
#4996 = ADVANCED_FACE('',(#4997),#5016,.T.);
#4997 = FACE_BOUND('',#4998,.T.);
#4998 = EDGE_LOOP('',(#4999,#5008,#5014,#5015));
#4999 = ORIENTED_EDGE('',*,*,#5000,.T.);
#5000 = EDGE_CURVE('',#4979,#5001,#5003,.T.);
#5001 = VERTEX_POINT('',#5002);
#5002 = CARTESIAN_POINT('',(-1.225,0.325,0.));
#5003 = CIRCLE('',#5004,0.325);
#5004 = AXIS2_PLACEMENT_3D('',#5005,#5006,#5007);
#5005 = CARTESIAN_POINT('',(-1.225,1.500192328956E-16,0.));
#5006 = DIRECTION('',(0.,0.,1.));
#5007 = DIRECTION('',(-8.056788489148E-16,-1.,0.));
#5008 = ORIENTED_EDGE('',*,*,#5009,.T.);
#5009 = EDGE_CURVE('',#5001,#4698,#5010,.T.);
#5010 = LINE('',#5011,#5012);
#5011 = CARTESIAN_POINT('',(-1.225,0.325,0.));
#5012 = VECTOR('',#5013,1.);
#5013 = DIRECTION('',(0.,0.,1.));
#5014 = ORIENTED_EDGE('',*,*,#4705,.F.);
#5015 = ORIENTED_EDGE('',*,*,#4978,.F.);
#5016 = CYLINDRICAL_SURFACE('',#5017,0.325);
#5017 = AXIS2_PLACEMENT_3D('',#5018,#5019,#5020);
#5018 = CARTESIAN_POINT('',(-1.225,1.500192328956E-16,0.));
#5019 = DIRECTION('',(0.,0.,-1.));
#5020 = DIRECTION('',(-8.056788489148E-16,-1.,-0.));
#5021 = ADVANCED_FACE('',(#5022),#5041,.F.);
#5022 = FACE_BOUND('',#5023,.F.);
#5023 = EDGE_LOOP('',(#5024,#5025,#5026,#5027,#5035));
#5024 = ORIENTED_EDGE('',*,*,#5009,.T.);
#5025 = ORIENTED_EDGE('',*,*,#4697,.T.);
#5026 = ORIENTED_EDGE('',*,*,#4753,.T.);
#5027 = ORIENTED_EDGE('',*,*,#5028,.F.);
#5028 = EDGE_CURVE('',#5029,#4754,#5031,.T.);
#5029 = VERTEX_POINT('',#5030);
#5030 = CARTESIAN_POINT('',(-3.9,0.325,0.));
#5031 = LINE('',#5032,#5033);
#5032 = CARTESIAN_POINT('',(-3.9,0.325,0.));
#5033 = VECTOR('',#5034,1.);
#5034 = DIRECTION('',(0.,0.,1.));
#5035 = ORIENTED_EDGE('',*,*,#5036,.F.);
#5036 = EDGE_CURVE('',#5001,#5029,#5037,.T.);
#5037 = LINE('',#5038,#5039);
#5038 = CARTESIAN_POINT('',(-1.225,0.325,0.));
#5039 = VECTOR('',#5040,1.);
#5040 = DIRECTION('',(-1.,1.432165121507E-16,0.));
#5041 = PLANE('',#5042);
#5042 = AXIS2_PLACEMENT_3D('',#5043,#5044,#5045);
#5043 = CARTESIAN_POINT('',(-1.225,0.325,0.));
#5044 = DIRECTION('',(-1.432165121507E-16,-1.,0.));
#5045 = DIRECTION('',(-1.,1.432165121507E-16,0.));
#5046 = ADVANCED_FACE('',(#5047),#5073,.F.);
#5047 = FACE_BOUND('',#5048,.F.);
#5048 = EDGE_LOOP('',(#5049,#5057,#5058,#5059,#5067));
#5049 = ORIENTED_EDGE('',*,*,#5050,.T.);
#5050 = EDGE_CURVE('',#5051,#4894,#5053,.T.);
#5051 = VERTEX_POINT('',#5052);
#5052 = CARTESIAN_POINT('',(3.9,0.325,0.));
#5053 = LINE('',#5054,#5055);
#5054 = CARTESIAN_POINT('',(3.9,0.325,0.));
#5055 = VECTOR('',#5056,1.);
#5056 = DIRECTION('',(0.,0.,1.));
#5057 = ORIENTED_EDGE('',*,*,#4901,.T.);
#5058 = ORIENTED_EDGE('',*,*,#4675,.T.);
#5059 = ORIENTED_EDGE('',*,*,#5060,.F.);
#5060 = EDGE_CURVE('',#5061,#4667,#5063,.T.);
#5061 = VERTEX_POINT('',#5062);
#5062 = CARTESIAN_POINT('',(1.225,0.325,0.));
#5063 = LINE('',#5064,#5065);
#5064 = CARTESIAN_POINT('',(1.225,0.325,0.));
#5065 = VECTOR('',#5066,1.);
#5066 = DIRECTION('',(0.,0.,1.));
#5067 = ORIENTED_EDGE('',*,*,#5068,.F.);
#5068 = EDGE_CURVE('',#5051,#5061,#5069,.T.);
#5069 = LINE('',#5070,#5071);
#5070 = CARTESIAN_POINT('',(3.9,0.325,0.));
#5071 = VECTOR('',#5072,1.);
#5072 = DIRECTION('',(-1.,2.449293598295E-16,0.));
#5073 = PLANE('',#5074);
#5074 = AXIS2_PLACEMENT_3D('',#5075,#5076,#5077);
#5075 = CARTESIAN_POINT('',(3.9,0.325,0.));
#5076 = DIRECTION('',(-2.449293598295E-16,-1.,0.));
#5077 = DIRECTION('',(-1.,2.449293598295E-16,0.));
#5078 = ADVANCED_FACE('',(#5079),#5098,.T.);
#5079 = FACE_BOUND('',#5080,.T.);
#5080 = EDGE_LOOP('',(#5081,#5090,#5096,#5097));
#5081 = ORIENTED_EDGE('',*,*,#5082,.T.);
#5082 = EDGE_CURVE('',#5061,#5083,#5085,.T.);
#5083 = VERTEX_POINT('',#5084);
#5084 = CARTESIAN_POINT('',(1.225,-0.325,0.));
#5085 = CIRCLE('',#5086,0.325);
#5086 = AXIS2_PLACEMENT_3D('',#5087,#5088,#5089);
#5087 = CARTESIAN_POINT('',(1.225,-3.000384657911E-16,0.));
#5088 = DIRECTION('',(0.,-0.,1.));
#5089 = DIRECTION('',(9.281435288296E-16,1.,0.));
#5090 = ORIENTED_EDGE('',*,*,#5091,.T.);
#5091 = EDGE_CURVE('',#5083,#4659,#5092,.T.);
#5092 = LINE('',#5093,#5094);
#5093 = CARTESIAN_POINT('',(1.225,-0.325,0.));
#5094 = VECTOR('',#5095,1.);
#5095 = DIRECTION('',(0.,0.,1.));
#5096 = ORIENTED_EDGE('',*,*,#4666,.F.);
#5097 = ORIENTED_EDGE('',*,*,#5060,.F.);
#5098 = CYLINDRICAL_SURFACE('',#5099,0.325);
#5099 = AXIS2_PLACEMENT_3D('',#5100,#5101,#5102);
#5100 = CARTESIAN_POINT('',(1.225,-3.000384657911E-16,0.));
#5101 = DIRECTION('',(-0.,0.,-1.));
#5102 = DIRECTION('',(9.281435288296E-16,1.,0.));
#5103 = ADVANCED_FACE('',(#5104),#5123,.F.);
#5104 = FACE_BOUND('',#5105,.F.);
#5105 = EDGE_LOOP('',(#5106,#5107,#5108,#5109,#5117));
#5106 = ORIENTED_EDGE('',*,*,#5091,.T.);
#5107 = ORIENTED_EDGE('',*,*,#4658,.T.);
#5108 = ORIENTED_EDGE('',*,*,#4885,.T.);
#5109 = ORIENTED_EDGE('',*,*,#5110,.F.);
#5110 = EDGE_CURVE('',#5111,#4886,#5113,.T.);
#5111 = VERTEX_POINT('',#5112);
#5112 = CARTESIAN_POINT('',(3.9,-0.325,0.));
#5113 = LINE('',#5114,#5115);
#5114 = CARTESIAN_POINT('',(3.9,-0.325,0.));
#5115 = VECTOR('',#5116,1.);
#5116 = DIRECTION('',(0.,0.,1.));
#5117 = ORIENTED_EDGE('',*,*,#5118,.F.);
#5118 = EDGE_CURVE('',#5083,#5111,#5119,.T.);
#5119 = LINE('',#5120,#5121);
#5120 = CARTESIAN_POINT('',(1.225,-0.325,0.));
#5121 = VECTOR('',#5122,1.);
#5122 = DIRECTION('',(1.,-2.656811920655E-16,0.));
#5123 = PLANE('',#5124);
#5124 = AXIS2_PLACEMENT_3D('',#5125,#5126,#5127);
#5125 = CARTESIAN_POINT('',(1.225,-0.325,0.));
#5126 = DIRECTION('',(2.656811920655E-16,1.,0.));
#5127 = DIRECTION('',(1.,-2.656811920655E-16,0.));
#5128 = ADVANCED_FACE('',(#5129),#5140,.F.);
#5129 = FACE_BOUND('',#5130,.F.);
#5130 = EDGE_LOOP('',(#5131,#5132,#5133,#5134));
#5131 = ORIENTED_EDGE('',*,*,#5028,.T.);
#5132 = ORIENTED_EDGE('',*,*,#4761,.T.);
#5133 = ORIENTED_EDGE('',*,*,#4968,.F.);
#5134 = ORIENTED_EDGE('',*,*,#5135,.F.);
#5135 = EDGE_CURVE('',#5029,#4969,#5136,.T.);
#5136 = LINE('',#5137,#5138);
#5137 = CARTESIAN_POINT('',(-3.9,0.325,0.));
#5138 = VECTOR('',#5139,1.);
#5139 = DIRECTION('',(-1.224646799147E-16,-1.,0.));
#5140 = PLANE('',#5141);
#5141 = AXIS2_PLACEMENT_3D('',#5142,#5143,#5144);
#5142 = CARTESIAN_POINT('',(-3.9,0.325,0.));
#5143 = DIRECTION('',(1.,-1.224646799147E-16,0.));
#5144 = DIRECTION('',(-1.224646799147E-16,-1.,0.));
#5145 = ADVANCED_FACE('',(#5146),#5157,.F.);
#5146 = FACE_BOUND('',#5147,.F.);
#5147 = EDGE_LOOP('',(#5148,#5149,#5150,#5151));
#5148 = ORIENTED_EDGE('',*,*,#5110,.T.);
#5149 = ORIENTED_EDGE('',*,*,#4893,.T.);
#5150 = ORIENTED_EDGE('',*,*,#5050,.F.);
#5151 = ORIENTED_EDGE('',*,*,#5152,.F.);
#5152 = EDGE_CURVE('',#5111,#5051,#5153,.T.);
#5153 = LINE('',#5154,#5155);
#5154 = CARTESIAN_POINT('',(3.9,-0.325,0.));
#5155 = VECTOR('',#5156,1.);
#5156 = DIRECTION('',(2.449293598295E-16,1.,0.));
#5157 = PLANE('',#5158);
#5158 = AXIS2_PLACEMENT_3D('',#5159,#5160,#5161);
#5159 = CARTESIAN_POINT('',(3.9,-0.325,0.));
#5160 = DIRECTION('',(-1.,2.449293598295E-16,0.));
#5161 = DIRECTION('',(2.449293598295E-16,1.,0.));
#5162 = ADVANCED_FACE('',(#5163),#5205,.T.);
#5163 = FACE_BOUND('',#5164,.T.);
#5164 = EDGE_LOOP('',(#5165,#5176,#5197,#5198));
#5165 = ORIENTED_EDGE('',*,*,#5166,.T.);
#5166 = EDGE_CURVE('',#5167,#5169,#5171,.T.);
#5167 = VERTEX_POINT('',#5168);
#5168 = CARTESIAN_POINT('',(-2.73,3.343285761672E-16,5.8));
#5169 = VERTEX_POINT('',#5170);
#5170 = CARTESIAN_POINT('',(0.945,2.561225292707,5.8));
#5171 = CIRCLE('',#5172,2.73);
#5172 = AXIS2_PLACEMENT_3D('',#5173,#5174,#5175);
#5173 = CARTESIAN_POINT('',(0.,0.,5.8));
#5174 = DIRECTION('',(0.,0.,-1.));
#5175 = DIRECTION('',(-1.,1.224646799147E-16,0.));
#5176 = ORIENTED_EDGE('',*,*,#5177,.F.);
#5177 = EDGE_CURVE('',#4926,#5169,#5178,.T.);
#5178 = B_SPLINE_CURVE_WITH_KNOTS('',5,(#5179,#5180,#5181,#5182,#5183,
    #5184,#5185,#5186,#5187,#5188,#5189,#5190,#5191,#5192,#5193,#5194,
    #5195,#5196),.UNSPECIFIED.,.F.,.F.,(6,4,4,4,6),(0.,0.249577466955,
    0.497599275591,0.74730978514,1.),.UNSPECIFIED.);
#5179 = CARTESIAN_POINT('',(0.945,3.004908484463,5.38));
#5180 = CARTESIAN_POINT('',(0.945,3.00490848098,5.413228015972));
#5181 = CARTESIAN_POINT('',(0.945,3.001463821946,5.446456730622));
#5182 = CARTESIAN_POINT('',(0.945,2.994574119979,5.479237505919));
#5183 = CARTESIAN_POINT('',(0.945,2.984338296282,5.511126992482));
#5184 = CARTESIAN_POINT('',(0.945,2.957631160106,5.572127049006));
#5185 = CARTESIAN_POINT('',(0.945,2.941198599864,5.601254840031));
#5186 = CARTESIAN_POINT('',(0.945,2.921827872491,5.628710244247));
#5187 = CARTESIAN_POINT('',(0.945,2.899782785018,5.654145479611));
#5188 = CARTESIAN_POINT('',(0.945,2.850815155175,5.700572655349));
#5189 = CARTESIAN_POINT('',(0.945,2.823859719074,5.72153380299));
#5190 = CARTESIAN_POINT('',(0.945,2.794840653888,5.73987747649));
#5191 = CARTESIAN_POINT('',(0.945,2.764133571656,5.755390822856));
#5192 = CARTESIAN_POINT('',(0.945,2.699757531029,5.780632446489));
#5193 = CARTESIAN_POINT('',(0.945,2.666057065744,5.790289667083));
#5194 = CARTESIAN_POINT('',(0.945,2.631447275386,5.796766294835));
#5195 = CARTESIAN_POINT('',(0.945,2.596359892027,5.799999996714));
#5196 = CARTESIAN_POINT('',(0.945,2.561225292707,5.8));
#5197 = ORIENTED_EDGE('',*,*,#4925,.F.);
#5198 = ORIENTED_EDGE('',*,*,#5199,.T.);
#5199 = EDGE_CURVE('',#4918,#5167,#5200,.T.);
#5200 = CIRCLE('',#5201,0.42);
#5201 = AXIS2_PLACEMENT_3D('',#5202,#5203,#5204);
#5202 = CARTESIAN_POINT('',(-2.73,3.343285761672E-16,5.38));
#5203 = DIRECTION('',(1.224646799147E-16,1.,-0.));
#5204 = DIRECTION('',(-1.,1.224646799147E-16,0.));
#5205 = TOROIDAL_SURFACE('',#5206,2.73,0.42);
#5206 = AXIS2_PLACEMENT_3D('',#5207,#5208,#5209);
#5207 = CARTESIAN_POINT('',(0.,0.,5.38));
#5208 = DIRECTION('',(0.,0.,1.));
#5209 = DIRECTION('',(-1.,1.224646799147E-16,0.));
#5210 = ADVANCED_FACE('',(#5211),#5246,.T.);
#5211 = FACE_BOUND('',#5212,.T.);
#5212 = EDGE_LOOP('',(#5213,#5222,#5243,#5244,#5245));
#5213 = ORIENTED_EDGE('',*,*,#5214,.T.);
#5214 = EDGE_CURVE('',#5169,#5215,#5217,.T.);
#5215 = VERTEX_POINT('',#5216);
#5216 = CARTESIAN_POINT('',(0.945,-2.561225292707,5.8));
#5217 = CIRCLE('',#5218,2.73);
#5218 = AXIS2_PLACEMENT_3D('',#5219,#5220,#5221);
#5219 = CARTESIAN_POINT('',(0.,0.,5.8));
#5220 = DIRECTION('',(0.,0.,-1.));
#5221 = DIRECTION('',(-1.,1.224646799147E-16,0.));
#5222 = ORIENTED_EDGE('',*,*,#5223,.F.);
#5223 = EDGE_CURVE('',#4944,#5215,#5224,.T.);
#5224 = B_SPLINE_CURVE_WITH_KNOTS('',5,(#5225,#5226,#5227,#5228,#5229,
    #5230,#5231,#5232,#5233,#5234,#5235,#5236,#5237,#5238,#5239,#5240,
    #5241,#5242),.UNSPECIFIED.,.F.,.F.,(6,4,4,4,6),(0.,0.249577466959,
    0.497599275595,0.747309785144,1.),.UNSPECIFIED.);
#5225 = CARTESIAN_POINT('',(0.945,-3.004908484463,5.38));
#5226 = CARTESIAN_POINT('',(0.945,-3.00490848098,5.413228015972));
#5227 = CARTESIAN_POINT('',(0.945,-3.001463821946,5.446456730623));
#5228 = CARTESIAN_POINT('',(0.945,-2.994574119979,5.47923750592));
#5229 = CARTESIAN_POINT('',(0.945,-2.984338296281,5.511126992484));
#5230 = CARTESIAN_POINT('',(0.945,-2.957631160105,5.572127049008));
#5231 = CARTESIAN_POINT('',(0.945,-2.941198599863,5.601254840033));
#5232 = CARTESIAN_POINT('',(0.945,-2.921827872489,5.628710244249));
#5233 = CARTESIAN_POINT('',(0.945,-2.899782785017,5.654145479613));
#5234 = CARTESIAN_POINT('',(0.945,-2.850815155173,5.700572655351));
#5235 = CARTESIAN_POINT('',(0.945,-2.823859719072,5.721533802992));
#5236 = CARTESIAN_POINT('',(0.945,-2.794840653886,5.739877476491));
#5237 = CARTESIAN_POINT('',(0.945,-2.764133571654,5.755390822857));
#5238 = CARTESIAN_POINT('',(0.945,-2.699757531027,5.780632446489));
#5239 = CARTESIAN_POINT('',(0.945,-2.666057065743,5.790289667083));
#5240 = CARTESIAN_POINT('',(0.945,-2.631447275385,5.796766294835));
#5241 = CARTESIAN_POINT('',(0.945,-2.596359892027,5.799999996714));
#5242 = CARTESIAN_POINT('',(0.945,-2.561225292707,5.8));
#5243 = ORIENTED_EDGE('',*,*,#4943,.F.);
#5244 = ORIENTED_EDGE('',*,*,#4934,.F.);
#5245 = ORIENTED_EDGE('',*,*,#5177,.T.);
#5246 = TOROIDAL_SURFACE('',#5247,2.73,0.42);
#5247 = AXIS2_PLACEMENT_3D('',#5248,#5249,#5250);
#5248 = CARTESIAN_POINT('',(0.,0.,5.38));
#5249 = DIRECTION('',(0.,0.,1.));
#5250 = DIRECTION('',(-1.,1.224646799147E-16,0.));
#5251 = ADVANCED_FACE('',(#5252),#5264,.T.);
#5252 = FACE_BOUND('',#5253,.T.);
#5253 = EDGE_LOOP('',(#5254,#5255,#5262,#5263));
#5254 = ORIENTED_EDGE('',*,*,#5223,.T.);
#5255 = ORIENTED_EDGE('',*,*,#5256,.T.);
#5256 = EDGE_CURVE('',#5215,#5167,#5257,.T.);
#5257 = CIRCLE('',#5258,2.73);
#5258 = AXIS2_PLACEMENT_3D('',#5259,#5260,#5261);
#5259 = CARTESIAN_POINT('',(0.,0.,5.8));
#5260 = DIRECTION('',(0.,0.,-1.));
#5261 = DIRECTION('',(-1.,1.224646799147E-16,0.));
#5262 = ORIENTED_EDGE('',*,*,#5199,.F.);
#5263 = ORIENTED_EDGE('',*,*,#4952,.F.);
#5264 = TOROIDAL_SURFACE('',#5265,2.73,0.42);
#5265 = AXIS2_PLACEMENT_3D('',#5266,#5267,#5268);
#5266 = CARTESIAN_POINT('',(0.,0.,5.38));
#5267 = DIRECTION('',(0.,0.,1.));
#5268 = DIRECTION('',(-1.,1.224646799147E-16,0.));
#5269 = ADVANCED_FACE('',(#5270),#5276,.F.);
#5270 = FACE_BOUND('',#5271,.F.);
#5271 = EDGE_LOOP('',(#5272,#5273,#5274,#5275));
#5272 = ORIENTED_EDGE('',*,*,#5135,.T.);
#5273 = ORIENTED_EDGE('',*,*,#4986,.T.);
#5274 = ORIENTED_EDGE('',*,*,#5000,.T.);
#5275 = ORIENTED_EDGE('',*,*,#5036,.T.);
#5276 = PLANE('',#5277);
#5277 = AXIS2_PLACEMENT_3D('',#5278,#5279,#5280);
#5278 = CARTESIAN_POINT('',(-2.47395012666,2.870543344061E-16,0.));
#5279 = DIRECTION('',(0.,0.,1.));
#5280 = DIRECTION('',(-1.,1.224646799147E-16,0.));
#5281 = ADVANCED_FACE('',(#5282),#5288,.F.);
#5282 = FACE_BOUND('',#5283,.F.);
#5283 = EDGE_LOOP('',(#5284,#5285,#5286,#5287));
#5284 = ORIENTED_EDGE('',*,*,#5152,.T.);
#5285 = ORIENTED_EDGE('',*,*,#5068,.T.);
#5286 = ORIENTED_EDGE('',*,*,#5082,.T.);
#5287 = ORIENTED_EDGE('',*,*,#5118,.T.);
#5288 = PLANE('',#5289);
#5289 = AXIS2_PLACEMENT_3D('',#5290,#5291,#5292);
#5290 = CARTESIAN_POINT('',(2.47395012666,-5.900258447925E-16,0.));
#5291 = DIRECTION('',(0.,0.,1.));
#5292 = DIRECTION('',(1.,-2.449293598295E-16,0.));
#5293 = ADVANCED_FACE('',(#5294),#5304,.F.);
#5294 = FACE_BOUND('',#5295,.F.);
#5295 = EDGE_LOOP('',(#5296,#5297,#5298));
#5296 = ORIENTED_EDGE('',*,*,#5256,.T.);
#5297 = ORIENTED_EDGE('',*,*,#5166,.T.);
#5298 = ORIENTED_EDGE('',*,*,#5299,.T.);
#5299 = EDGE_CURVE('',#5169,#5215,#5300,.T.);
#5300 = LINE('',#5301,#5302);
#5301 = CARTESIAN_POINT('',(0.945,3.15,5.8));
#5302 = VECTOR('',#5303,1.);
#5303 = DIRECTION('',(-1.224646799147E-16,-1.,0.));
#5304 = PLANE('',#5305);
#5305 = AXIS2_PLACEMENT_3D('',#5306,#5307,#5308);
#5306 = CARTESIAN_POINT('',(0.,0.,5.8));
#5307 = DIRECTION('',(-0.,0.,-1.));
#5308 = DIRECTION('',(-1.,1.224646799147E-16,0.));
#5309 = ADVANCED_FACE('',(#5310),#5314,.T.);
#5310 = FACE_BOUND('',#5311,.T.);
#5311 = EDGE_LOOP('',(#5312,#5313));
#5312 = ORIENTED_EDGE('',*,*,#5214,.F.);
#5313 = ORIENTED_EDGE('',*,*,#5299,.T.);
#5314 = PLANE('',#5315);
#5315 = AXIS2_PLACEMENT_3D('',#5316,#5317,#5318);
#5316 = CARTESIAN_POINT('',(3.15,3.15,5.8));
#5317 = DIRECTION('',(0.,0.,1.));
#5318 = DIRECTION('',(-1.,1.224646799147E-16,0.));
#5319 = ( GEOMETRIC_REPRESENTATION_CONTEXT(3) 
GLOBAL_UNCERTAINTY_ASSIGNED_CONTEXT((#5323)) 
GLOBAL_UNIT_ASSIGNED_CONTEXT((#5320,#5321,#5322)) REPRESENTATION_CONTEXT
('Context #1','3D Context with UNIT and UNCERTAINTY') );
#5320 = ( LENGTH_UNIT() NAMED_UNIT(*) SI_UNIT(.MILLI.,.METRE.) );
#5321 = ( NAMED_UNIT(*) PLANE_ANGLE_UNIT() SI_UNIT($,.RADIAN.) );
#5322 = ( NAMED_UNIT(*) SI_UNIT($,.STERADIAN.) SOLID_ANGLE_UNIT() );
#5323 = UNCERTAINTY_MEASURE_WITH_UNIT(LENGTH_MEASURE(1.E-06),#5320,
  'distance_accuracy_value','confusion accuracy');
#5324 = CONTEXT_DEPENDENT_SHAPE_REPRESENTATION(#5325,#5327);
#5325 = ( REPRESENTATION_RELATIONSHIP('','',#3953,#10) 
REPRESENTATION_RELATIONSHIP_WITH_TRANSFORMATION(#5326) 
SHAPE_REPRESENTATION_RELATIONSHIP() );
#5326 = ITEM_DEFINED_TRANSFORMATION('','',#11,#31);
#5327 = PRODUCT_DEFINITION_SHAPE('Placement','Placement of an item',
  #5328);
#5328 = NEXT_ASSEMBLY_USAGE_OCCURRENCE('5','C2','',#5,#3948,$);
#5329 = PRODUCT_RELATED_PRODUCT_CATEGORY('part',$,(#3950));
#5330 = CONTEXT_DEPENDENT_SHAPE_REPRESENTATION(#5331,#5333);
#5331 = ( REPRESENTATION_RELATIONSHIP('','',#1313,#10) 
REPRESENTATION_RELATIONSHIP_WITH_TRANSFORMATION(#5332) 
SHAPE_REPRESENTATION_RELATIONSHIP() );
#5332 = ITEM_DEFINED_TRANSFORMATION('','',#11,#35);
#5333 = PRODUCT_DEFINITION_SHAPE('Placement','Placement of an item',
  #5334);
#5334 = NEXT_ASSEMBLY_USAGE_OCCURRENCE('6','J2','',#5,#1308,$);
#5335 = SHAPE_DEFINITION_REPRESENTATION(#5336,#5342);
#5336 = PRODUCT_DEFINITION_SHAPE('','',#5337);
#5337 = PRODUCT_DEFINITION('design','',#5338,#5341);
#5338 = PRODUCT_DEFINITION_FORMATION('','',#5339);
#5339 = PRODUCT('Potentiometer_Bourns_3296W_Vertical',
  'Potentiometer_Bourns_3296W_Vertical','',(#5340));
#5340 = PRODUCT_CONTEXT('',#2,'mechanical');
#5341 = PRODUCT_DEFINITION_CONTEXT('part definition',#2,'design');
#5342 = ADVANCED_BREP_SHAPE_REPRESENTATION('',(#11,#5343),#6271);
#5343 = MANIFOLD_SOLID_BREP('',#5344);
#5344 = CLOSED_SHELL('',(#5345,#5449,#5523,#5547,#5571,#5618,#5642,#5682
    ,#5739,#5779,#5803,#5850,#5874,#5891,#5917,#5929,#5941,#6034,#6051,
    #6063,#6088,#6113,#6138,#6155,#6167,#6182,#6199,#6217,#6234,#6244,
    #6253,#6262));
#5345 = ADVANCED_FACE('',(#5346),#5444,.F.);
#5346 = FACE_BOUND('',#5347,.F.);
#5347 = EDGE_LOOP('',(#5348,#5358,#5366,#5374,#5382,#5390,#5398,#5406,
    #5414,#5422,#5430,#5438));
#5348 = ORIENTED_EDGE('',*,*,#5349,.F.);
#5349 = EDGE_CURVE('',#5350,#5352,#5354,.T.);
#5350 = VERTEX_POINT('',#5351);
#5351 = CARTESIAN_POINT('',(-6.605,2.03,10.03));
#5352 = VERTEX_POINT('',#5353);
#5353 = CARTESIAN_POINT('',(1.525,2.03,10.03));
#5354 = LINE('',#5355,#5356);
#5355 = CARTESIAN_POINT('',(-7.305,2.03,10.03));
#5356 = VECTOR('',#5357,1.);
#5357 = DIRECTION('',(1.,0.,0.));
#5358 = ORIENTED_EDGE('',*,*,#5359,.F.);
#5359 = EDGE_CURVE('',#5360,#5350,#5362,.T.);
#5360 = VERTEX_POINT('',#5361);
#5361 = CARTESIAN_POINT('',(-6.605,2.03,9.03));
#5362 = LINE('',#5363,#5364);
#5363 = CARTESIAN_POINT('',(-6.605,2.03,10.03));
#5364 = VECTOR('',#5365,1.);
#5365 = DIRECTION('',(0.,0.,1.));
#5366 = ORIENTED_EDGE('',*,*,#5367,.F.);
#5367 = EDGE_CURVE('',#5368,#5360,#5370,.T.);
#5368 = VERTEX_POINT('',#5369);
#5369 = CARTESIAN_POINT('',(-7.305,2.03,9.03));
#5370 = LINE('',#5371,#5372);
#5371 = CARTESIAN_POINT('',(-7.305,2.03,9.03));
#5372 = VECTOR('',#5373,1.);
#5373 = DIRECTION('',(1.,0.,0.));
#5374 = ORIENTED_EDGE('',*,*,#5375,.T.);
#5375 = EDGE_CURVE('',#5368,#5376,#5378,.T.);
#5376 = VERTEX_POINT('',#5377);
#5377 = CARTESIAN_POINT('',(-7.305,2.03,1.));
#5378 = LINE('',#5379,#5380);
#5379 = CARTESIAN_POINT('',(-7.305,2.03,10.03));
#5380 = VECTOR('',#5381,1.);
#5381 = DIRECTION('',(0.,0.,-1.));
#5382 = ORIENTED_EDGE('',*,*,#5383,.T.);
#5383 = EDGE_CURVE('',#5376,#5384,#5386,.T.);
#5384 = VERTEX_POINT('',#5385);
#5385 = CARTESIAN_POINT('',(-6.605,2.03,1.));
#5386 = LINE('',#5387,#5388);
#5387 = CARTESIAN_POINT('',(-7.305,2.03,1.));
#5388 = VECTOR('',#5389,1.);
#5389 = DIRECTION('',(1.,0.,0.));
#5390 = ORIENTED_EDGE('',*,*,#5391,.F.);
#5391 = EDGE_CURVE('',#5392,#5384,#5394,.T.);
#5392 = VERTEX_POINT('',#5393);
#5393 = CARTESIAN_POINT('',(-6.605,2.03,0.38));
#5394 = LINE('',#5395,#5396);
#5395 = CARTESIAN_POINT('',(-6.605,2.03,5.515));
#5396 = VECTOR('',#5397,1.);
#5397 = DIRECTION('',(0.,0.,1.));
#5398 = ORIENTED_EDGE('',*,*,#5399,.T.);
#5399 = EDGE_CURVE('',#5392,#5400,#5402,.T.);
#5400 = VERTEX_POINT('',#5401);
#5401 = CARTESIAN_POINT('',(1.525,2.03,0.38));
#5402 = LINE('',#5403,#5404);
#5403 = CARTESIAN_POINT('',(-7.305,2.03,0.38));
#5404 = VECTOR('',#5405,1.);
#5405 = DIRECTION('',(1.,0.,0.));
#5406 = ORIENTED_EDGE('',*,*,#5407,.T.);
#5407 = EDGE_CURVE('',#5400,#5408,#5410,.T.);
#5408 = VERTEX_POINT('',#5409);
#5409 = CARTESIAN_POINT('',(1.525,2.03,1.));
#5410 = LINE('',#5411,#5412);
#5411 = CARTESIAN_POINT('',(1.525,2.03,5.515));
#5412 = VECTOR('',#5413,1.);
#5413 = DIRECTION('',(0.,0.,1.));
#5414 = ORIENTED_EDGE('',*,*,#5415,.T.);
#5415 = EDGE_CURVE('',#5408,#5416,#5418,.T.);
#5416 = VERTEX_POINT('',#5417);
#5417 = CARTESIAN_POINT('',(2.225,2.03,1.));
#5418 = LINE('',#5419,#5420);
#5419 = CARTESIAN_POINT('',(-2.89,2.03,1.));
#5420 = VECTOR('',#5421,1.);
#5421 = DIRECTION('',(1.,0.,0.));
#5422 = ORIENTED_EDGE('',*,*,#5423,.F.);
#5423 = EDGE_CURVE('',#5424,#5416,#5426,.T.);
#5424 = VERTEX_POINT('',#5425);
#5425 = CARTESIAN_POINT('',(2.225,2.03,9.03));
#5426 = LINE('',#5427,#5428);
#5427 = CARTESIAN_POINT('',(2.225,2.03,10.03));
#5428 = VECTOR('',#5429,1.);
#5429 = DIRECTION('',(0.,0.,-1.));
#5430 = ORIENTED_EDGE('',*,*,#5431,.F.);
#5431 = EDGE_CURVE('',#5432,#5424,#5434,.T.);
#5432 = VERTEX_POINT('',#5433);
#5433 = CARTESIAN_POINT('',(1.525,2.03,9.03));
#5434 = LINE('',#5435,#5436);
#5435 = CARTESIAN_POINT('',(-2.89,2.03,9.03));
#5436 = VECTOR('',#5437,1.);
#5437 = DIRECTION('',(1.,0.,0.));
#5438 = ORIENTED_EDGE('',*,*,#5439,.T.);
#5439 = EDGE_CURVE('',#5432,#5352,#5440,.T.);
#5440 = LINE('',#5441,#5442);
#5441 = CARTESIAN_POINT('',(1.525,2.03,10.03));
#5442 = VECTOR('',#5443,1.);
#5443 = DIRECTION('',(0.,0.,1.));
#5444 = PLANE('',#5445);
#5445 = AXIS2_PLACEMENT_3D('',#5446,#5447,#5448);
#5446 = CARTESIAN_POINT('',(-7.305,2.03,10.03));
#5447 = DIRECTION('',(0.,-1.,0.));
#5448 = DIRECTION('',(0.,0.,-1.));
#5449 = ADVANCED_FACE('',(#5450,#5507),#5518,.T.);
#5450 = FACE_BOUND('',#5451,.T.);
#5451 = EDGE_LOOP('',(#5452,#5462,#5470,#5478,#5484,#5485,#5493,#5501));
#5452 = ORIENTED_EDGE('',*,*,#5453,.T.);
#5453 = EDGE_CURVE('',#5454,#5456,#5458,.T.);
#5454 = VERTEX_POINT('',#5455);
#5455 = CARTESIAN_POINT('',(-7.305,-2.42,10.03));
#5456 = VERTEX_POINT('',#5457);
#5457 = CARTESIAN_POINT('',(2.225,-2.42,10.03));
#5458 = LINE('',#5459,#5460);
#5459 = CARTESIAN_POINT('',(-7.305,-2.42,10.03));
#5460 = VECTOR('',#5461,1.);
#5461 = DIRECTION('',(1.,0.,0.));
#5462 = ORIENTED_EDGE('',*,*,#5463,.F.);
#5463 = EDGE_CURVE('',#5464,#5456,#5466,.T.);
#5464 = VERTEX_POINT('',#5465);
#5465 = CARTESIAN_POINT('',(2.225,2.41,10.03));
#5466 = LINE('',#5467,#5468);
#5467 = CARTESIAN_POINT('',(2.225,2.03,10.03));
#5468 = VECTOR('',#5469,1.);
#5469 = DIRECTION('',(0.,-1.,0.));
#5470 = ORIENTED_EDGE('',*,*,#5471,.F.);
#5471 = EDGE_CURVE('',#5472,#5464,#5474,.T.);
#5472 = VERTEX_POINT('',#5473);
#5473 = CARTESIAN_POINT('',(1.525,2.41,10.03));
#5474 = LINE('',#5475,#5476);
#5475 = CARTESIAN_POINT('',(1.525,2.41,10.03));
#5476 = VECTOR('',#5477,1.);
#5477 = DIRECTION('',(1.,0.,0.));
#5478 = ORIENTED_EDGE('',*,*,#5479,.T.);
#5479 = EDGE_CURVE('',#5472,#5352,#5480,.T.);
#5480 = LINE('',#5481,#5482);
#5481 = CARTESIAN_POINT('',(1.525,2.41,10.03));
#5482 = VECTOR('',#5483,1.);
#5483 = DIRECTION('',(0.,-1.,0.));
#5484 = ORIENTED_EDGE('',*,*,#5349,.F.);
#5485 = ORIENTED_EDGE('',*,*,#5486,.F.);
#5486 = EDGE_CURVE('',#5487,#5350,#5489,.T.);
#5487 = VERTEX_POINT('',#5488);
#5488 = CARTESIAN_POINT('',(-6.605,2.41,10.03));
#5489 = LINE('',#5490,#5491);
#5490 = CARTESIAN_POINT('',(-6.605,2.41,10.03));
#5491 = VECTOR('',#5492,1.);
#5492 = DIRECTION('',(0.,-1.,0.));
#5493 = ORIENTED_EDGE('',*,*,#5494,.F.);
#5494 = EDGE_CURVE('',#5495,#5487,#5497,.T.);
#5495 = VERTEX_POINT('',#5496);
#5496 = CARTESIAN_POINT('',(-7.305,2.41,10.03));
#5497 = LINE('',#5498,#5499);
#5498 = CARTESIAN_POINT('',(-7.305,2.41,10.03));
#5499 = VECTOR('',#5500,1.);
#5500 = DIRECTION('',(1.,0.,0.));
#5501 = ORIENTED_EDGE('',*,*,#5502,.T.);
#5502 = EDGE_CURVE('',#5495,#5454,#5503,.T.);
#5503 = LINE('',#5504,#5505);
#5504 = CARTESIAN_POINT('',(-7.305,2.41,10.03));
#5505 = VECTOR('',#5506,1.);
#5506 = DIRECTION('',(0.,-1.,0.));
#5507 = FACE_BOUND('',#5508,.T.);
#5508 = EDGE_LOOP('',(#5509));
#5509 = ORIENTED_EDGE('',*,*,#5510,.F.);
#5510 = EDGE_CURVE('',#5511,#5511,#5513,.T.);
#5511 = VERTEX_POINT('',#5512);
#5512 = CARTESIAN_POINT('',(2.05,-1.14,10.03));
#5513 = CIRCLE('',#5514,1.095);
#5514 = AXIS2_PLACEMENT_3D('',#5515,#5516,#5517);
#5515 = CARTESIAN_POINT('',(0.955,-1.14,10.03));
#5516 = DIRECTION('',(0.,0.,1.));
#5517 = DIRECTION('',(1.,0.,-0.));
#5518 = PLANE('',#5519);
#5519 = AXIS2_PLACEMENT_3D('',#5520,#5521,#5522);
#5520 = CARTESIAN_POINT('',(-2.54,-5.24355495251E-02,10.03));
#5521 = DIRECTION('',(-0.,0.,1.));
#5522 = DIRECTION('',(0.,1.,0.));
#5523 = ADVANCED_FACE('',(#5524),#5542,.F.);
#5524 = FACE_BOUND('',#5525,.F.);
#5525 = EDGE_LOOP('',(#5526,#5534,#5540,#5541));
#5526 = ORIENTED_EDGE('',*,*,#5527,.F.);
#5527 = EDGE_CURVE('',#5528,#5432,#5530,.T.);
#5528 = VERTEX_POINT('',#5529);
#5529 = CARTESIAN_POINT('',(1.525,2.41,9.03));
#5530 = LINE('',#5531,#5532);
#5531 = CARTESIAN_POINT('',(1.525,2.41,9.03));
#5532 = VECTOR('',#5533,1.);
#5533 = DIRECTION('',(0.,-1.,0.));
#5534 = ORIENTED_EDGE('',*,*,#5535,.F.);
#5535 = EDGE_CURVE('',#5472,#5528,#5536,.T.);
#5536 = LINE('',#5537,#5538);
#5537 = CARTESIAN_POINT('',(1.525,2.41,10.03));
#5538 = VECTOR('',#5539,1.);
#5539 = DIRECTION('',(0.,0.,-1.));
#5540 = ORIENTED_EDGE('',*,*,#5479,.T.);
#5541 = ORIENTED_EDGE('',*,*,#5439,.F.);
#5542 = PLANE('',#5543);
#5543 = AXIS2_PLACEMENT_3D('',#5544,#5545,#5546);
#5544 = CARTESIAN_POINT('',(1.525,2.41,10.03));
#5545 = DIRECTION('',(1.,0.,0.));
#5546 = DIRECTION('',(0.,-1.,0.));
#5547 = ADVANCED_FACE('',(#5548),#5566,.T.);
#5548 = FACE_BOUND('',#5549,.T.);
#5549 = EDGE_LOOP('',(#5550,#5551,#5559,#5565));
#5550 = ORIENTED_EDGE('',*,*,#5527,.F.);
#5551 = ORIENTED_EDGE('',*,*,#5552,.T.);
#5552 = EDGE_CURVE('',#5528,#5553,#5555,.T.);
#5553 = VERTEX_POINT('',#5554);
#5554 = CARTESIAN_POINT('',(2.225,2.41,9.03));
#5555 = LINE('',#5556,#5557);
#5556 = CARTESIAN_POINT('',(1.525,2.41,9.03));
#5557 = VECTOR('',#5558,1.);
#5558 = DIRECTION('',(1.,0.,0.));
#5559 = ORIENTED_EDGE('',*,*,#5560,.T.);
#5560 = EDGE_CURVE('',#5553,#5424,#5561,.T.);
#5561 = LINE('',#5562,#5563);
#5562 = CARTESIAN_POINT('',(2.225,2.41,9.03));
#5563 = VECTOR('',#5564,1.);
#5564 = DIRECTION('',(0.,-1.,0.));
#5565 = ORIENTED_EDGE('',*,*,#5431,.F.);
#5566 = PLANE('',#5567);
#5567 = AXIS2_PLACEMENT_3D('',#5568,#5569,#5570);
#5568 = CARTESIAN_POINT('',(1.525,2.41,9.03));
#5569 = DIRECTION('',(0.,0.,-1.));
#5570 = DIRECTION('',(0.,-1.,0.));
#5571 = ADVANCED_FACE('',(#5572),#5613,.T.);
#5572 = FACE_BOUND('',#5573,.T.);
#5573 = EDGE_LOOP('',(#5574,#5575,#5576,#5582,#5583,#5591,#5599,#5607));
#5574 = ORIENTED_EDGE('',*,*,#5423,.F.);
#5575 = ORIENTED_EDGE('',*,*,#5560,.F.);
#5576 = ORIENTED_EDGE('',*,*,#5577,.F.);
#5577 = EDGE_CURVE('',#5464,#5553,#5578,.T.);
#5578 = LINE('',#5579,#5580);
#5579 = CARTESIAN_POINT('',(2.225,2.41,10.03));
#5580 = VECTOR('',#5581,1.);
#5581 = DIRECTION('',(0.,0.,-1.));
#5582 = ORIENTED_EDGE('',*,*,#5463,.T.);
#5583 = ORIENTED_EDGE('',*,*,#5584,.T.);
#5584 = EDGE_CURVE('',#5456,#5585,#5587,.T.);
#5585 = VERTEX_POINT('',#5586);
#5586 = CARTESIAN_POINT('',(2.225,-2.42,0.));
#5587 = LINE('',#5588,#5589);
#5588 = CARTESIAN_POINT('',(2.225,-2.42,1.));
#5589 = VECTOR('',#5590,1.);
#5590 = DIRECTION('',(0.,0.,-1.));
#5591 = ORIENTED_EDGE('',*,*,#5592,.F.);
#5592 = EDGE_CURVE('',#5593,#5585,#5595,.T.);
#5593 = VERTEX_POINT('',#5594);
#5594 = CARTESIAN_POINT('',(2.225,2.41,0.));
#5595 = LINE('',#5596,#5597);
#5596 = CARTESIAN_POINT('',(2.225,2.41,0.));
#5597 = VECTOR('',#5598,1.);
#5598 = DIRECTION('',(0.,-1.,0.));
#5599 = ORIENTED_EDGE('',*,*,#5600,.F.);
#5600 = EDGE_CURVE('',#5601,#5593,#5603,.T.);
#5601 = VERTEX_POINT('',#5602);
#5602 = CARTESIAN_POINT('',(2.225,2.41,1.));
#5603 = LINE('',#5604,#5605);
#5604 = CARTESIAN_POINT('',(2.225,2.41,1.));
#5605 = VECTOR('',#5606,1.);
#5606 = DIRECTION('',(0.,0.,-1.));
#5607 = ORIENTED_EDGE('',*,*,#5608,.T.);
#5608 = EDGE_CURVE('',#5601,#5416,#5609,.T.);
#5609 = LINE('',#5610,#5611);
#5610 = CARTESIAN_POINT('',(2.225,2.41,1.));
#5611 = VECTOR('',#5612,1.);
#5612 = DIRECTION('',(0.,-1.,0.));
#5613 = PLANE('',#5614);
#5614 = AXIS2_PLACEMENT_3D('',#5615,#5616,#5617);
#5615 = CARTESIAN_POINT('',(2.225,-4.963254593176E-02,5.015));
#5616 = DIRECTION('',(1.,0.,0.));
#5617 = DIRECTION('',(0.,-1.,0.));
#5618 = ADVANCED_FACE('',(#5619),#5637,.F.);
#5619 = FACE_BOUND('',#5620,.F.);
#5620 = EDGE_LOOP('',(#5621,#5629,#5635,#5636));
#5621 = ORIENTED_EDGE('',*,*,#5622,.F.);
#5622 = EDGE_CURVE('',#5623,#5408,#5625,.T.);
#5623 = VERTEX_POINT('',#5624);
#5624 = CARTESIAN_POINT('',(1.525,2.41,1.));
#5625 = LINE('',#5626,#5627);
#5626 = CARTESIAN_POINT('',(1.525,2.41,1.));
#5627 = VECTOR('',#5628,1.);
#5628 = DIRECTION('',(0.,-1.,0.));
#5629 = ORIENTED_EDGE('',*,*,#5630,.T.);
#5630 = EDGE_CURVE('',#5623,#5601,#5631,.T.);
#5631 = LINE('',#5632,#5633);
#5632 = CARTESIAN_POINT('',(1.525,2.41,1.));
#5633 = VECTOR('',#5634,1.);
#5634 = DIRECTION('',(1.,0.,0.));
#5635 = ORIENTED_EDGE('',*,*,#5608,.T.);
#5636 = ORIENTED_EDGE('',*,*,#5415,.F.);
#5637 = PLANE('',#5638);
#5638 = AXIS2_PLACEMENT_3D('',#5639,#5640,#5641);
#5639 = CARTESIAN_POINT('',(1.525,2.41,1.));
#5640 = DIRECTION('',(0.,0.,-1.));
#5641 = DIRECTION('',(0.,-1.,0.));
#5642 = ADVANCED_FACE('',(#5643),#5677,.F.);
#5643 = FACE_BOUND('',#5644,.F.);
#5644 = EDGE_LOOP('',(#5645,#5655,#5661,#5662,#5663,#5671));
#5645 = ORIENTED_EDGE('',*,*,#5646,.F.);
#5646 = EDGE_CURVE('',#5647,#5649,#5651,.T.);
#5647 = VERTEX_POINT('',#5648);
#5648 = CARTESIAN_POINT('',(1.525,2.41,0.));
#5649 = VERTEX_POINT('',#5650);
#5650 = CARTESIAN_POINT('',(1.525,-2.42,0.));
#5651 = LINE('',#5652,#5653);
#5652 = CARTESIAN_POINT('',(1.525,2.41,0.));
#5653 = VECTOR('',#5654,1.);
#5654 = DIRECTION('',(0.,-1.,0.));
#5655 = ORIENTED_EDGE('',*,*,#5656,.F.);
#5656 = EDGE_CURVE('',#5623,#5647,#5657,.T.);
#5657 = LINE('',#5658,#5659);
#5658 = CARTESIAN_POINT('',(1.525,2.41,1.));
#5659 = VECTOR('',#5660,1.);
#5660 = DIRECTION('',(0.,0.,-1.));
#5661 = ORIENTED_EDGE('',*,*,#5622,.T.);
#5662 = ORIENTED_EDGE('',*,*,#5407,.F.);
#5663 = ORIENTED_EDGE('',*,*,#5664,.T.);
#5664 = EDGE_CURVE('',#5400,#5665,#5667,.T.);
#5665 = VERTEX_POINT('',#5666);
#5666 = CARTESIAN_POINT('',(1.525,-2.42,0.38));
#5667 = LINE('',#5668,#5669);
#5668 = CARTESIAN_POINT('',(1.525,2.22,0.38));
#5669 = VECTOR('',#5670,1.);
#5670 = DIRECTION('',(0.,-1.,0.));
#5671 = ORIENTED_EDGE('',*,*,#5672,.T.);
#5672 = EDGE_CURVE('',#5665,#5649,#5673,.T.);
#5673 = LINE('',#5674,#5675);
#5674 = CARTESIAN_POINT('',(1.525,-2.42,1.));
#5675 = VECTOR('',#5676,1.);
#5676 = DIRECTION('',(0.,0.,-1.));
#5677 = PLANE('',#5678);
#5678 = AXIS2_PLACEMENT_3D('',#5679,#5680,#5681);
#5679 = CARTESIAN_POINT('',(1.525,2.41,1.));
#5680 = DIRECTION('',(1.,0.,0.));
#5681 = DIRECTION('',(0.,-1.,0.));
#5682 = ADVANCED_FACE('',(#5683,#5701,#5712,#5723),#5734,.T.);
#5683 = FACE_BOUND('',#5684,.T.);
#5684 = EDGE_LOOP('',(#5685,#5693,#5699,#5700));
#5685 = ORIENTED_EDGE('',*,*,#5686,.F.);
#5686 = EDGE_CURVE('',#5687,#5665,#5689,.T.);
#5687 = VERTEX_POINT('',#5688);
#5688 = CARTESIAN_POINT('',(-6.605,-2.42,0.38));
#5689 = LINE('',#5690,#5691);
#5690 = CARTESIAN_POINT('',(-7.305,-2.42,0.38));
#5691 = VECTOR('',#5692,1.);
#5692 = DIRECTION('',(1.,0.,0.));
#5693 = ORIENTED_EDGE('',*,*,#5694,.F.);
#5694 = EDGE_CURVE('',#5392,#5687,#5695,.T.);
#5695 = LINE('',#5696,#5697);
#5696 = CARTESIAN_POINT('',(-6.605,2.22,0.38));
#5697 = VECTOR('',#5698,1.);
#5698 = DIRECTION('',(0.,-1.,0.));
#5699 = ORIENTED_EDGE('',*,*,#5399,.T.);
#5700 = ORIENTED_EDGE('',*,*,#5664,.T.);
#5701 = FACE_BOUND('',#5702,.T.);
#5702 = EDGE_LOOP('',(#5703));
#5703 = ORIENTED_EDGE('',*,*,#5704,.T.);
#5704 = EDGE_CURVE('',#5705,#5705,#5707,.T.);
#5705 = VERTEX_POINT('',#5706);
#5706 = CARTESIAN_POINT('',(-2.285,0.,0.38));
#5707 = CIRCLE('',#5708,0.255);
#5708 = AXIS2_PLACEMENT_3D('',#5709,#5710,#5711);
#5709 = CARTESIAN_POINT('',(-2.54,0.,0.38));
#5710 = DIRECTION('',(0.,0.,1.));
#5711 = DIRECTION('',(1.,0.,-0.));
#5712 = FACE_BOUND('',#5713,.T.);
#5713 = EDGE_LOOP('',(#5714));
#5714 = ORIENTED_EDGE('',*,*,#5715,.T.);
#5715 = EDGE_CURVE('',#5716,#5716,#5718,.T.);
#5716 = VERTEX_POINT('',#5717);
#5717 = CARTESIAN_POINT('',(0.255,0.,0.38));
#5718 = CIRCLE('',#5719,0.255);
#5719 = AXIS2_PLACEMENT_3D('',#5720,#5721,#5722);
#5720 = CARTESIAN_POINT('',(0.,0.,0.38));
#5721 = DIRECTION('',(0.,0.,1.));
#5722 = DIRECTION('',(1.,0.,-0.));
#5723 = FACE_BOUND('',#5724,.T.);
#5724 = EDGE_LOOP('',(#5725));
#5725 = ORIENTED_EDGE('',*,*,#5726,.T.);
#5726 = EDGE_CURVE('',#5727,#5727,#5729,.T.);
#5727 = VERTEX_POINT('',#5728);
#5728 = CARTESIAN_POINT('',(-4.825,0.,0.38));
#5729 = CIRCLE('',#5730,0.255);
#5730 = AXIS2_PLACEMENT_3D('',#5731,#5732,#5733);
#5731 = CARTESIAN_POINT('',(-5.08,0.,0.38));
#5732 = DIRECTION('',(0.,0.,1.));
#5733 = DIRECTION('',(1.,0.,-0.));
#5734 = PLANE('',#5735);
#5735 = AXIS2_PLACEMENT_3D('',#5736,#5737,#5738);
#5736 = CARTESIAN_POINT('',(-7.305,2.03,0.38));
#5737 = DIRECTION('',(0.,0.,-1.));
#5738 = DIRECTION('',(0.,-1.,0.));
#5739 = ADVANCED_FACE('',(#5740),#5774,.T.);
#5740 = FACE_BOUND('',#5741,.T.);
#5741 = EDGE_LOOP('',(#5742,#5752,#5760,#5766,#5767,#5768));
#5742 = ORIENTED_EDGE('',*,*,#5743,.F.);
#5743 = EDGE_CURVE('',#5744,#5746,#5748,.T.);
#5744 = VERTEX_POINT('',#5745);
#5745 = CARTESIAN_POINT('',(-6.605,2.41,0.));
#5746 = VERTEX_POINT('',#5747);
#5747 = CARTESIAN_POINT('',(-6.605,-2.42,0.));
#5748 = LINE('',#5749,#5750);
#5749 = CARTESIAN_POINT('',(-6.605,2.41,0.));
#5750 = VECTOR('',#5751,1.);
#5751 = DIRECTION('',(0.,-1.,0.));
#5752 = ORIENTED_EDGE('',*,*,#5753,.F.);
#5753 = EDGE_CURVE('',#5754,#5744,#5756,.T.);
#5754 = VERTEX_POINT('',#5755);
#5755 = CARTESIAN_POINT('',(-6.605,2.41,1.));
#5756 = LINE('',#5757,#5758);
#5757 = CARTESIAN_POINT('',(-6.605,2.41,1.));
#5758 = VECTOR('',#5759,1.);
#5759 = DIRECTION('',(0.,0.,-1.));
#5760 = ORIENTED_EDGE('',*,*,#5761,.T.);
#5761 = EDGE_CURVE('',#5754,#5384,#5762,.T.);
#5762 = LINE('',#5763,#5764);
#5763 = CARTESIAN_POINT('',(-6.605,2.41,1.));
#5764 = VECTOR('',#5765,1.);
#5765 = DIRECTION('',(0.,-1.,0.));
#5766 = ORIENTED_EDGE('',*,*,#5391,.F.);
#5767 = ORIENTED_EDGE('',*,*,#5694,.T.);
#5768 = ORIENTED_EDGE('',*,*,#5769,.T.);
#5769 = EDGE_CURVE('',#5687,#5746,#5770,.T.);
#5770 = LINE('',#5771,#5772);
#5771 = CARTESIAN_POINT('',(-6.605,-2.42,1.));
#5772 = VECTOR('',#5773,1.);
#5773 = DIRECTION('',(0.,0.,-1.));
#5774 = PLANE('',#5775);
#5775 = AXIS2_PLACEMENT_3D('',#5776,#5777,#5778);
#5776 = CARTESIAN_POINT('',(-6.605,2.41,1.));
#5777 = DIRECTION('',(1.,0.,0.));
#5778 = DIRECTION('',(0.,-1.,0.));
#5779 = ADVANCED_FACE('',(#5780),#5798,.F.);
#5780 = FACE_BOUND('',#5781,.F.);
#5781 = EDGE_LOOP('',(#5782,#5790,#5796,#5797));
#5782 = ORIENTED_EDGE('',*,*,#5783,.F.);
#5783 = EDGE_CURVE('',#5784,#5376,#5786,.T.);
#5784 = VERTEX_POINT('',#5785);
#5785 = CARTESIAN_POINT('',(-7.305,2.41,1.));
#5786 = LINE('',#5787,#5788);
#5787 = CARTESIAN_POINT('',(-7.305,2.41,1.));
#5788 = VECTOR('',#5789,1.);
#5789 = DIRECTION('',(0.,-1.,0.));
#5790 = ORIENTED_EDGE('',*,*,#5791,.T.);
#5791 = EDGE_CURVE('',#5784,#5754,#5792,.T.);
#5792 = LINE('',#5793,#5794);
#5793 = CARTESIAN_POINT('',(-7.305,2.41,1.));
#5794 = VECTOR('',#5795,1.);
#5795 = DIRECTION('',(1.,0.,0.));
#5796 = ORIENTED_EDGE('',*,*,#5761,.T.);
#5797 = ORIENTED_EDGE('',*,*,#5383,.F.);
#5798 = PLANE('',#5799);
#5799 = AXIS2_PLACEMENT_3D('',#5800,#5801,#5802);
#5800 = CARTESIAN_POINT('',(-7.305,2.41,1.));
#5801 = DIRECTION('',(0.,0.,-1.));
#5802 = DIRECTION('',(0.,-1.,0.));
#5803 = ADVANCED_FACE('',(#5804),#5845,.T.);
#5804 = FACE_BOUND('',#5805,.T.);
#5805 = EDGE_LOOP('',(#5806,#5807,#5815,#5821,#5822,#5823,#5831,#5839));
#5806 = ORIENTED_EDGE('',*,*,#5502,.F.);
#5807 = ORIENTED_EDGE('',*,*,#5808,.T.);
#5808 = EDGE_CURVE('',#5495,#5809,#5811,.T.);
#5809 = VERTEX_POINT('',#5810);
#5810 = CARTESIAN_POINT('',(-7.305,2.41,9.03));
#5811 = LINE('',#5812,#5813);
#5812 = CARTESIAN_POINT('',(-7.305,2.41,10.03));
#5813 = VECTOR('',#5814,1.);
#5814 = DIRECTION('',(0.,0.,-1.));
#5815 = ORIENTED_EDGE('',*,*,#5816,.T.);
#5816 = EDGE_CURVE('',#5809,#5368,#5817,.T.);
#5817 = LINE('',#5818,#5819);
#5818 = CARTESIAN_POINT('',(-7.305,2.41,9.03));
#5819 = VECTOR('',#5820,1.);
#5820 = DIRECTION('',(0.,-1.,0.));
#5821 = ORIENTED_EDGE('',*,*,#5375,.T.);
#5822 = ORIENTED_EDGE('',*,*,#5783,.F.);
#5823 = ORIENTED_EDGE('',*,*,#5824,.T.);
#5824 = EDGE_CURVE('',#5784,#5825,#5827,.T.);
#5825 = VERTEX_POINT('',#5826);
#5826 = CARTESIAN_POINT('',(-7.305,2.41,0.));
#5827 = LINE('',#5828,#5829);
#5828 = CARTESIAN_POINT('',(-7.305,2.41,1.));
#5829 = VECTOR('',#5830,1.);
#5830 = DIRECTION('',(0.,0.,-1.));
#5831 = ORIENTED_EDGE('',*,*,#5832,.T.);
#5832 = EDGE_CURVE('',#5825,#5833,#5835,.T.);
#5833 = VERTEX_POINT('',#5834);
#5834 = CARTESIAN_POINT('',(-7.305,-2.42,0.));
#5835 = LINE('',#5836,#5837);
#5836 = CARTESIAN_POINT('',(-7.305,2.41,0.));
#5837 = VECTOR('',#5838,1.);
#5838 = DIRECTION('',(0.,-1.,0.));
#5839 = ORIENTED_EDGE('',*,*,#5840,.F.);
#5840 = EDGE_CURVE('',#5454,#5833,#5841,.T.);
#5841 = LINE('',#5842,#5843);
#5842 = CARTESIAN_POINT('',(-7.305,-2.42,1.));
#5843 = VECTOR('',#5844,1.);
#5844 = DIRECTION('',(0.,0.,-1.));
#5845 = PLANE('',#5846);
#5846 = AXIS2_PLACEMENT_3D('',#5847,#5848,#5849);
#5847 = CARTESIAN_POINT('',(-7.305,-4.963254593176E-02,5.015));
#5848 = DIRECTION('',(-1.,0.,0.));
#5849 = DIRECTION('',(0.,1.,0.));
#5850 = ADVANCED_FACE('',(#5851),#5869,.T.);
#5851 = FACE_BOUND('',#5852,.T.);
#5852 = EDGE_LOOP('',(#5853,#5854,#5862,#5868));
#5853 = ORIENTED_EDGE('',*,*,#5816,.F.);
#5854 = ORIENTED_EDGE('',*,*,#5855,.T.);
#5855 = EDGE_CURVE('',#5809,#5856,#5858,.T.);
#5856 = VERTEX_POINT('',#5857);
#5857 = CARTESIAN_POINT('',(-6.605,2.41,9.03));
#5858 = LINE('',#5859,#5860);
#5859 = CARTESIAN_POINT('',(-7.305,2.41,9.03));
#5860 = VECTOR('',#5861,1.);
#5861 = DIRECTION('',(1.,0.,0.));
#5862 = ORIENTED_EDGE('',*,*,#5863,.T.);
#5863 = EDGE_CURVE('',#5856,#5360,#5864,.T.);
#5864 = LINE('',#5865,#5866);
#5865 = CARTESIAN_POINT('',(-6.605,2.41,9.03));
#5866 = VECTOR('',#5867,1.);
#5867 = DIRECTION('',(0.,-1.,0.));
#5868 = ORIENTED_EDGE('',*,*,#5367,.F.);
#5869 = PLANE('',#5870);
#5870 = AXIS2_PLACEMENT_3D('',#5871,#5872,#5873);
#5871 = CARTESIAN_POINT('',(-7.305,2.41,9.03));
#5872 = DIRECTION('',(0.,0.,-1.));
#5873 = DIRECTION('',(0.,-1.,0.));
#5874 = ADVANCED_FACE('',(#5875),#5886,.T.);
#5875 = FACE_BOUND('',#5876,.T.);
#5876 = EDGE_LOOP('',(#5877,#5878,#5884,#5885));
#5877 = ORIENTED_EDGE('',*,*,#5863,.F.);
#5878 = ORIENTED_EDGE('',*,*,#5879,.F.);
#5879 = EDGE_CURVE('',#5487,#5856,#5880,.T.);
#5880 = LINE('',#5881,#5882);
#5881 = CARTESIAN_POINT('',(-6.605,2.41,10.03));
#5882 = VECTOR('',#5883,1.);
#5883 = DIRECTION('',(0.,0.,-1.));
#5884 = ORIENTED_EDGE('',*,*,#5486,.T.);
#5885 = ORIENTED_EDGE('',*,*,#5359,.F.);
#5886 = PLANE('',#5887);
#5887 = AXIS2_PLACEMENT_3D('',#5888,#5889,#5890);
#5888 = CARTESIAN_POINT('',(-6.605,2.41,10.03));
#5889 = DIRECTION('',(1.,0.,0.));
#5890 = DIRECTION('',(0.,-1.,0.));
#5891 = ADVANCED_FACE('',(#5892),#5912,.T.);
#5892 = FACE_BOUND('',#5893,.T.);
#5893 = EDGE_LOOP('',(#5894,#5895,#5896,#5902,#5903,#5904,#5905,#5911));
#5894 = ORIENTED_EDGE('',*,*,#5453,.F.);
#5895 = ORIENTED_EDGE('',*,*,#5840,.T.);
#5896 = ORIENTED_EDGE('',*,*,#5897,.T.);
#5897 = EDGE_CURVE('',#5833,#5746,#5898,.T.);
#5898 = LINE('',#5899,#5900);
#5899 = CARTESIAN_POINT('',(-7.305,-2.42,0.));
#5900 = VECTOR('',#5901,1.);
#5901 = DIRECTION('',(1.,0.,0.));
#5902 = ORIENTED_EDGE('',*,*,#5769,.F.);
#5903 = ORIENTED_EDGE('',*,*,#5686,.T.);
#5904 = ORIENTED_EDGE('',*,*,#5672,.T.);
#5905 = ORIENTED_EDGE('',*,*,#5906,.T.);
#5906 = EDGE_CURVE('',#5649,#5585,#5907,.T.);
#5907 = LINE('',#5908,#5909);
#5908 = CARTESIAN_POINT('',(1.525,-2.42,0.));
#5909 = VECTOR('',#5910,1.);
#5910 = DIRECTION('',(1.,0.,0.));
#5911 = ORIENTED_EDGE('',*,*,#5584,.F.);
#5912 = PLANE('',#5913);
#5913 = AXIS2_PLACEMENT_3D('',#5914,#5915,#5916);
#5914 = CARTESIAN_POINT('',(-2.54,-2.42,5.000516549649));
#5915 = DIRECTION('',(0.,-1.,0.));
#5916 = DIRECTION('',(1.,0.,0.));
#5917 = ADVANCED_FACE('',(#5918),#5924,.F.);
#5918 = FACE_BOUND('',#5919,.F.);
#5919 = EDGE_LOOP('',(#5920,#5921,#5922,#5923));
#5920 = ORIENTED_EDGE('',*,*,#5494,.F.);
#5921 = ORIENTED_EDGE('',*,*,#5808,.T.);
#5922 = ORIENTED_EDGE('',*,*,#5855,.T.);
#5923 = ORIENTED_EDGE('',*,*,#5879,.F.);
#5924 = PLANE('',#5925);
#5925 = AXIS2_PLACEMENT_3D('',#5926,#5927,#5928);
#5926 = CARTESIAN_POINT('',(-7.305,2.41,10.03));
#5927 = DIRECTION('',(0.,-1.,0.));
#5928 = DIRECTION('',(0.,0.,-1.));
#5929 = ADVANCED_FACE('',(#5930),#5936,.F.);
#5930 = FACE_BOUND('',#5931,.F.);
#5931 = EDGE_LOOP('',(#5932,#5933,#5934,#5935));
#5932 = ORIENTED_EDGE('',*,*,#5471,.F.);
#5933 = ORIENTED_EDGE('',*,*,#5535,.T.);
#5934 = ORIENTED_EDGE('',*,*,#5552,.T.);
#5935 = ORIENTED_EDGE('',*,*,#5577,.F.);
#5936 = PLANE('',#5937);
#5937 = AXIS2_PLACEMENT_3D('',#5938,#5939,#5940);
#5938 = CARTESIAN_POINT('',(1.525,2.41,10.03));
#5939 = DIRECTION('',(0.,-1.,0.));
#5940 = DIRECTION('',(0.,0.,-1.));
#5941 = ADVANCED_FACE('',(#5942),#6029,.T.);
#5942 = FACE_BOUND('',#5943,.T.);
#5943 = EDGE_LOOP('',(#5944,#5955,#5963,#5972,#5978,#5979,#5980,#5989,
    #5997,#6006,#6014,#6023));
#5944 = ORIENTED_EDGE('',*,*,#5945,.F.);
#5945 = EDGE_CURVE('',#5946,#5948,#5950,.T.);
#5946 = VERTEX_POINT('',#5947);
#5947 = CARTESIAN_POINT('',(2.016190369349,-0.87,11.05));
#5948 = VERTEX_POINT('',#5949);
#5949 = CARTESIAN_POINT('',(-0.106190369349,-0.87,11.05));
#5950 = CIRCLE('',#5951,1.095);
#5951 = AXIS2_PLACEMENT_3D('',#5952,#5953,#5954);
#5952 = CARTESIAN_POINT('',(0.955,-1.14,11.05));
#5953 = DIRECTION('',(0.,0.,1.));
#5954 = DIRECTION('',(1.,0.,-0.));
#5955 = ORIENTED_EDGE('',*,*,#5956,.F.);
#5956 = EDGE_CURVE('',#5957,#5946,#5959,.T.);
#5957 = VERTEX_POINT('',#5958);
#5958 = CARTESIAN_POINT('',(2.016190369349,-0.87,10.29));
#5959 = LINE('',#5960,#5961);
#5960 = CARTESIAN_POINT('',(2.016190369349,-0.87,10.03));
#5961 = VECTOR('',#5962,1.);
#5962 = DIRECTION('',(0.,0.,1.));
#5963 = ORIENTED_EDGE('',*,*,#5964,.F.);
#5964 = EDGE_CURVE('',#5965,#5957,#5967,.T.);
#5965 = VERTEX_POINT('',#5966);
#5966 = CARTESIAN_POINT('',(2.05,-1.14,10.29));
#5967 = CIRCLE('',#5968,1.095);
#5968 = AXIS2_PLACEMENT_3D('',#5969,#5970,#5971);
#5969 = CARTESIAN_POINT('',(0.955,-1.14,10.29));
#5970 = DIRECTION('',(0.,0.,1.));
#5971 = DIRECTION('',(1.,0.,-0.));
#5972 = ORIENTED_EDGE('',*,*,#5973,.F.);
#5973 = EDGE_CURVE('',#5511,#5965,#5974,.T.);
#5974 = LINE('',#5975,#5976);
#5975 = CARTESIAN_POINT('',(2.05,-1.14,10.03));
#5976 = VECTOR('',#5977,1.);
#5977 = DIRECTION('',(0.,0.,1.));
#5978 = ORIENTED_EDGE('',*,*,#5510,.T.);
#5979 = ORIENTED_EDGE('',*,*,#5973,.T.);
#5980 = ORIENTED_EDGE('',*,*,#5981,.F.);
#5981 = EDGE_CURVE('',#5982,#5965,#5984,.T.);
#5982 = VERTEX_POINT('',#5983);
#5983 = CARTESIAN_POINT('',(2.010900089971,-1.43,10.29));
#5984 = CIRCLE('',#5985,1.095);
#5985 = AXIS2_PLACEMENT_3D('',#5986,#5987,#5988);
#5986 = CARTESIAN_POINT('',(0.955,-1.14,10.29));
#5987 = DIRECTION('',(0.,0.,1.));
#5988 = DIRECTION('',(1.,0.,-0.));
#5989 = ORIENTED_EDGE('',*,*,#5990,.T.);
#5990 = EDGE_CURVE('',#5982,#5991,#5993,.T.);
#5991 = VERTEX_POINT('',#5992);
#5992 = CARTESIAN_POINT('',(2.010900089971,-1.43,11.05));
#5993 = LINE('',#5994,#5995);
#5994 = CARTESIAN_POINT('',(2.010900089971,-1.43,10.03));
#5995 = VECTOR('',#5996,1.);
#5996 = DIRECTION('',(0.,0.,1.));
#5997 = ORIENTED_EDGE('',*,*,#5998,.F.);
#5998 = EDGE_CURVE('',#5999,#5991,#6001,.T.);
#5999 = VERTEX_POINT('',#6000);
#6000 = CARTESIAN_POINT('',(-0.100900089971,-1.43,11.05));
#6001 = CIRCLE('',#6002,1.095);
#6002 = AXIS2_PLACEMENT_3D('',#6003,#6004,#6005);
#6003 = CARTESIAN_POINT('',(0.955,-1.14,11.05));
#6004 = DIRECTION('',(0.,0.,1.));
#6005 = DIRECTION('',(1.,0.,-0.));
#6006 = ORIENTED_EDGE('',*,*,#6007,.F.);
#6007 = EDGE_CURVE('',#6008,#5999,#6010,.T.);
#6008 = VERTEX_POINT('',#6009);
#6009 = CARTESIAN_POINT('',(-0.100900089971,-1.43,10.29));
#6010 = LINE('',#6011,#6012);
#6011 = CARTESIAN_POINT('',(-0.100900089971,-1.43,10.03));
#6012 = VECTOR('',#6013,1.);
#6013 = DIRECTION('',(0.,0.,1.));
#6014 = ORIENTED_EDGE('',*,*,#6015,.F.);
#6015 = EDGE_CURVE('',#6016,#6008,#6018,.T.);
#6016 = VERTEX_POINT('',#6017);
#6017 = CARTESIAN_POINT('',(-0.106190369349,-0.87,10.29));
#6018 = CIRCLE('',#6019,1.095);
#6019 = AXIS2_PLACEMENT_3D('',#6020,#6021,#6022);
#6020 = CARTESIAN_POINT('',(0.955,-1.14,10.29));
#6021 = DIRECTION('',(0.,0.,1.));
#6022 = DIRECTION('',(1.,0.,-0.));
#6023 = ORIENTED_EDGE('',*,*,#6024,.T.);
#6024 = EDGE_CURVE('',#6016,#5948,#6025,.T.);
#6025 = LINE('',#6026,#6027);
#6026 = CARTESIAN_POINT('',(-0.106190369349,-0.87,10.03));
#6027 = VECTOR('',#6028,1.);
#6028 = DIRECTION('',(0.,0.,1.));
#6029 = CYLINDRICAL_SURFACE('',#6030,1.095);
#6030 = AXIS2_PLACEMENT_3D('',#6031,#6032,#6033);
#6031 = CARTESIAN_POINT('',(0.955,-1.14,10.03));
#6032 = DIRECTION('',(0.,0.,1.));
#6033 = DIRECTION('',(1.,0.,-0.));
#6034 = ADVANCED_FACE('',(#6035),#6046,.T.);
#6035 = FACE_BOUND('',#6036,.T.);
#6036 = EDGE_LOOP('',(#6037,#6038,#6044,#6045));
#6037 = ORIENTED_EDGE('',*,*,#5646,.F.);
#6038 = ORIENTED_EDGE('',*,*,#6039,.T.);
#6039 = EDGE_CURVE('',#5647,#5593,#6040,.T.);
#6040 = LINE('',#6041,#6042);
#6041 = CARTESIAN_POINT('',(1.525,2.41,0.));
#6042 = VECTOR('',#6043,1.);
#6043 = DIRECTION('',(1.,0.,0.));
#6044 = ORIENTED_EDGE('',*,*,#5592,.T.);
#6045 = ORIENTED_EDGE('',*,*,#5906,.F.);
#6046 = PLANE('',#6047);
#6047 = AXIS2_PLACEMENT_3D('',#6048,#6049,#6050);
#6048 = CARTESIAN_POINT('',(1.525,2.41,0.));
#6049 = DIRECTION('',(0.,0.,-1.));
#6050 = DIRECTION('',(0.,-1.,0.));
#6051 = ADVANCED_FACE('',(#6052),#6058,.F.);
#6052 = FACE_BOUND('',#6053,.F.);
#6053 = EDGE_LOOP('',(#6054,#6055,#6056,#6057));
#6054 = ORIENTED_EDGE('',*,*,#5630,.F.);
#6055 = ORIENTED_EDGE('',*,*,#5656,.T.);
#6056 = ORIENTED_EDGE('',*,*,#6039,.T.);
#6057 = ORIENTED_EDGE('',*,*,#5600,.F.);
#6058 = PLANE('',#6059);
#6059 = AXIS2_PLACEMENT_3D('',#6060,#6061,#6062);
#6060 = CARTESIAN_POINT('',(1.525,2.41,1.));
#6061 = DIRECTION('',(0.,-1.,0.));
#6062 = DIRECTION('',(0.,0.,-1.));
#6063 = ADVANCED_FACE('',(#6064),#6083,.T.);
#6064 = FACE_BOUND('',#6065,.T.);
#6065 = EDGE_LOOP('',(#6066,#6067,#6075,#6082));
#6066 = ORIENTED_EDGE('',*,*,#5704,.F.);
#6067 = ORIENTED_EDGE('',*,*,#6068,.F.);
#6068 = EDGE_CURVE('',#6069,#5705,#6071,.T.);
#6069 = VERTEX_POINT('',#6070);
#6070 = CARTESIAN_POINT('',(-2.285,0.,-6.02));
#6071 = LINE('',#6072,#6073);
#6072 = CARTESIAN_POINT('',(-2.285,-6.E-17,-6.02));
#6073 = VECTOR('',#6074,1.);
#6074 = DIRECTION('',(0.,0.,1.));
#6075 = ORIENTED_EDGE('',*,*,#6076,.T.);
#6076 = EDGE_CURVE('',#6069,#6069,#6077,.T.);
#6077 = CIRCLE('',#6078,0.255);
#6078 = AXIS2_PLACEMENT_3D('',#6079,#6080,#6081);
#6079 = CARTESIAN_POINT('',(-2.54,0.,-6.02));
#6080 = DIRECTION('',(0.,0.,1.));
#6081 = DIRECTION('',(1.,0.,-0.));
#6082 = ORIENTED_EDGE('',*,*,#6068,.T.);
#6083 = CYLINDRICAL_SURFACE('',#6084,0.255);
#6084 = AXIS2_PLACEMENT_3D('',#6085,#6086,#6087);
#6085 = CARTESIAN_POINT('',(-2.54,0.,-6.02));
#6086 = DIRECTION('',(0.,0.,1.));
#6087 = DIRECTION('',(1.,0.,-0.));
#6088 = ADVANCED_FACE('',(#6089),#6108,.T.);
#6089 = FACE_BOUND('',#6090,.T.);
#6090 = EDGE_LOOP('',(#6091,#6092,#6100,#6107));
#6091 = ORIENTED_EDGE('',*,*,#5715,.F.);
#6092 = ORIENTED_EDGE('',*,*,#6093,.F.);
#6093 = EDGE_CURVE('',#6094,#5716,#6096,.T.);
#6094 = VERTEX_POINT('',#6095);
#6095 = CARTESIAN_POINT('',(0.255,0.,-6.02));
#6096 = LINE('',#6097,#6098);
#6097 = CARTESIAN_POINT('',(0.255,-6.E-17,-6.02));
#6098 = VECTOR('',#6099,1.);
#6099 = DIRECTION('',(0.,0.,1.));
#6100 = ORIENTED_EDGE('',*,*,#6101,.T.);
#6101 = EDGE_CURVE('',#6094,#6094,#6102,.T.);
#6102 = CIRCLE('',#6103,0.255);
#6103 = AXIS2_PLACEMENT_3D('',#6104,#6105,#6106);
#6104 = CARTESIAN_POINT('',(0.,0.,-6.02));
#6105 = DIRECTION('',(0.,0.,1.));
#6106 = DIRECTION('',(1.,0.,-0.));
#6107 = ORIENTED_EDGE('',*,*,#6093,.T.);
#6108 = CYLINDRICAL_SURFACE('',#6109,0.255);
#6109 = AXIS2_PLACEMENT_3D('',#6110,#6111,#6112);
#6110 = CARTESIAN_POINT('',(0.,0.,-6.02));
#6111 = DIRECTION('',(0.,0.,1.));
#6112 = DIRECTION('',(1.,0.,-0.));
#6113 = ADVANCED_FACE('',(#6114),#6133,.T.);
#6114 = FACE_BOUND('',#6115,.T.);
#6115 = EDGE_LOOP('',(#6116,#6117,#6125,#6132));
#6116 = ORIENTED_EDGE('',*,*,#5726,.F.);
#6117 = ORIENTED_EDGE('',*,*,#6118,.F.);
#6118 = EDGE_CURVE('',#6119,#5727,#6121,.T.);
#6119 = VERTEX_POINT('',#6120);
#6120 = CARTESIAN_POINT('',(-4.825,0.,-6.02));
#6121 = LINE('',#6122,#6123);
#6122 = CARTESIAN_POINT('',(-4.825,-6.E-17,-6.02));
#6123 = VECTOR('',#6124,1.);
#6124 = DIRECTION('',(0.,0.,1.));
#6125 = ORIENTED_EDGE('',*,*,#6126,.T.);
#6126 = EDGE_CURVE('',#6119,#6119,#6127,.T.);
#6127 = CIRCLE('',#6128,0.255);
#6128 = AXIS2_PLACEMENT_3D('',#6129,#6130,#6131);
#6129 = CARTESIAN_POINT('',(-5.08,0.,-6.02));
#6130 = DIRECTION('',(0.,0.,1.));
#6131 = DIRECTION('',(1.,0.,-0.));
#6132 = ORIENTED_EDGE('',*,*,#6118,.T.);
#6133 = CYLINDRICAL_SURFACE('',#6134,0.255);
#6134 = AXIS2_PLACEMENT_3D('',#6135,#6136,#6137);
#6135 = CARTESIAN_POINT('',(-5.08,0.,-6.02));
#6136 = DIRECTION('',(0.,0.,1.));
#6137 = DIRECTION('',(1.,0.,-0.));
#6138 = ADVANCED_FACE('',(#6139),#6150,.T.);
#6139 = FACE_BOUND('',#6140,.T.);
#6140 = EDGE_LOOP('',(#6141,#6142,#6148,#6149));
#6141 = ORIENTED_EDGE('',*,*,#5832,.F.);
#6142 = ORIENTED_EDGE('',*,*,#6143,.T.);
#6143 = EDGE_CURVE('',#5825,#5744,#6144,.T.);
#6144 = LINE('',#6145,#6146);
#6145 = CARTESIAN_POINT('',(-7.305,2.41,0.));
#6146 = VECTOR('',#6147,1.);
#6147 = DIRECTION('',(1.,0.,0.));
#6148 = ORIENTED_EDGE('',*,*,#5743,.T.);
#6149 = ORIENTED_EDGE('',*,*,#5897,.F.);
#6150 = PLANE('',#6151);
#6151 = AXIS2_PLACEMENT_3D('',#6152,#6153,#6154);
#6152 = CARTESIAN_POINT('',(-7.305,2.41,0.));
#6153 = DIRECTION('',(0.,0.,-1.));
#6154 = DIRECTION('',(0.,-1.,0.));
#6155 = ADVANCED_FACE('',(#6156),#6162,.F.);
#6156 = FACE_BOUND('',#6157,.F.);
#6157 = EDGE_LOOP('',(#6158,#6159,#6160,#6161));
#6158 = ORIENTED_EDGE('',*,*,#5791,.F.);
#6159 = ORIENTED_EDGE('',*,*,#5824,.T.);
#6160 = ORIENTED_EDGE('',*,*,#6143,.T.);
#6161 = ORIENTED_EDGE('',*,*,#5753,.F.);
#6162 = PLANE('',#6163);
#6163 = AXIS2_PLACEMENT_3D('',#6164,#6165,#6166);
#6164 = CARTESIAN_POINT('',(-7.305,2.41,1.));
#6165 = DIRECTION('',(0.,-1.,0.));
#6166 = DIRECTION('',(0.,0.,-1.));
#6167 = ADVANCED_FACE('',(#6168),#6177,.T.);
#6168 = FACE_BOUND('',#6169,.T.);
#6169 = EDGE_LOOP('',(#6170,#6176));
#6170 = ORIENTED_EDGE('',*,*,#6171,.T.);
#6171 = EDGE_CURVE('',#5948,#5946,#6172,.T.);
#6172 = LINE('',#6173,#6174);
#6173 = CARTESIAN_POINT('',(-3.64,-0.87,11.05));
#6174 = VECTOR('',#6175,1.);
#6175 = DIRECTION('',(1.,0.,0.));
#6176 = ORIENTED_EDGE('',*,*,#5945,.T.);
#6177 = PLANE('',#6178);
#6178 = AXIS2_PLACEMENT_3D('',#6179,#6180,#6181);
#6179 = CARTESIAN_POINT('',(0.955,-1.14,11.05));
#6180 = DIRECTION('',(0.,0.,1.));
#6181 = DIRECTION('',(1.,0.,-0.));
#6182 = ADVANCED_FACE('',(#6183),#6194,.F.);
#6183 = FACE_BOUND('',#6184,.F.);
#6184 = EDGE_LOOP('',(#6185,#6191,#6192,#6193));
#6185 = ORIENTED_EDGE('',*,*,#6186,.F.);
#6186 = EDGE_CURVE('',#6016,#5957,#6187,.T.);
#6187 = LINE('',#6188,#6189);
#6188 = CARTESIAN_POINT('',(-3.64,-0.87,10.29));
#6189 = VECTOR('',#6190,1.);
#6190 = DIRECTION('',(1.,0.,0.));
#6191 = ORIENTED_EDGE('',*,*,#6024,.T.);
#6192 = ORIENTED_EDGE('',*,*,#6171,.T.);
#6193 = ORIENTED_EDGE('',*,*,#5956,.F.);
#6194 = PLANE('',#6195);
#6195 = AXIS2_PLACEMENT_3D('',#6196,#6197,#6198);
#6196 = CARTESIAN_POINT('',(-3.64,-0.87,10.29));
#6197 = DIRECTION('',(0.,1.,0.));
#6198 = DIRECTION('',(0.,-0.,1.));
#6199 = ADVANCED_FACE('',(#6200),#6212,.T.);
#6200 = FACE_BOUND('',#6201,.T.);
#6201 = EDGE_LOOP('',(#6202,#6203,#6204,#6210,#6211));
#6202 = ORIENTED_EDGE('',*,*,#6186,.F.);
#6203 = ORIENTED_EDGE('',*,*,#6015,.T.);
#6204 = ORIENTED_EDGE('',*,*,#6205,.T.);
#6205 = EDGE_CURVE('',#6008,#5982,#6206,.T.);
#6206 = LINE('',#6207,#6208);
#6207 = CARTESIAN_POINT('',(-3.64,-1.43,10.29));
#6208 = VECTOR('',#6209,1.);
#6209 = DIRECTION('',(1.,0.,0.));
#6210 = ORIENTED_EDGE('',*,*,#5981,.T.);
#6211 = ORIENTED_EDGE('',*,*,#5964,.T.);
#6212 = PLANE('',#6213);
#6213 = AXIS2_PLACEMENT_3D('',#6214,#6215,#6216);
#6214 = CARTESIAN_POINT('',(-3.64,-1.43,10.29));
#6215 = DIRECTION('',(0.,0.,1.));
#6216 = DIRECTION('',(1.,0.,-0.));
#6217 = ADVANCED_FACE('',(#6218),#6229,.T.);
#6218 = FACE_BOUND('',#6219,.T.);
#6219 = EDGE_LOOP('',(#6220,#6221,#6222,#6228));
#6220 = ORIENTED_EDGE('',*,*,#6205,.F.);
#6221 = ORIENTED_EDGE('',*,*,#6007,.T.);
#6222 = ORIENTED_EDGE('',*,*,#6223,.T.);
#6223 = EDGE_CURVE('',#5999,#5991,#6224,.T.);
#6224 = LINE('',#6225,#6226);
#6225 = CARTESIAN_POINT('',(-3.64,-1.43,11.05));
#6226 = VECTOR('',#6227,1.);
#6227 = DIRECTION('',(1.,0.,0.));
#6228 = ORIENTED_EDGE('',*,*,#5990,.F.);
#6229 = PLANE('',#6230);
#6230 = AXIS2_PLACEMENT_3D('',#6231,#6232,#6233);
#6231 = CARTESIAN_POINT('',(-3.64,-1.43,10.29));
#6232 = DIRECTION('',(0.,1.,0.));
#6233 = DIRECTION('',(0.,-0.,1.));
#6234 = ADVANCED_FACE('',(#6235),#6239,.T.);
#6235 = FACE_BOUND('',#6236,.T.);
#6236 = EDGE_LOOP('',(#6237,#6238));
#6237 = ORIENTED_EDGE('',*,*,#5998,.T.);
#6238 = ORIENTED_EDGE('',*,*,#6223,.F.);
#6239 = PLANE('',#6240);
#6240 = AXIS2_PLACEMENT_3D('',#6241,#6242,#6243);
#6241 = CARTESIAN_POINT('',(0.955,-1.14,11.05));
#6242 = DIRECTION('',(0.,0.,1.));
#6243 = DIRECTION('',(1.,0.,-0.));
#6244 = ADVANCED_FACE('',(#6245),#6248,.F.);
#6245 = FACE_BOUND('',#6246,.T.);
#6246 = EDGE_LOOP('',(#6247));
#6247 = ORIENTED_EDGE('',*,*,#6076,.F.);
#6248 = PLANE('',#6249);
#6249 = AXIS2_PLACEMENT_3D('',#6250,#6251,#6252);
#6250 = CARTESIAN_POINT('',(-2.54,0.,-6.02));
#6251 = DIRECTION('',(0.,0.,1.));
#6252 = DIRECTION('',(1.,0.,-0.));
#6253 = ADVANCED_FACE('',(#6254),#6257,.F.);
#6254 = FACE_BOUND('',#6255,.T.);
#6255 = EDGE_LOOP('',(#6256));
#6256 = ORIENTED_EDGE('',*,*,#6101,.F.);
#6257 = PLANE('',#6258);
#6258 = AXIS2_PLACEMENT_3D('',#6259,#6260,#6261);
#6259 = CARTESIAN_POINT('',(0.,0.,-6.02));
#6260 = DIRECTION('',(0.,0.,1.));
#6261 = DIRECTION('',(1.,0.,-0.));
#6262 = ADVANCED_FACE('',(#6263),#6266,.F.);
#6263 = FACE_BOUND('',#6264,.T.);
#6264 = EDGE_LOOP('',(#6265));
#6265 = ORIENTED_EDGE('',*,*,#6126,.F.);
#6266 = PLANE('',#6267);
#6267 = AXIS2_PLACEMENT_3D('',#6268,#6269,#6270);
#6268 = CARTESIAN_POINT('',(-5.08,0.,-6.02));
#6269 = DIRECTION('',(0.,0.,1.));
#6270 = DIRECTION('',(1.,0.,-0.));
#6271 = ( GEOMETRIC_REPRESENTATION_CONTEXT(3) 
GLOBAL_UNCERTAINTY_ASSIGNED_CONTEXT((#6275)) 
GLOBAL_UNIT_ASSIGNED_CONTEXT((#6272,#6273,#6274)) REPRESENTATION_CONTEXT
('Context #1','3D Context with UNIT and UNCERTAINTY') );
#6272 = ( LENGTH_UNIT() NAMED_UNIT(*) SI_UNIT(.MILLI.,.METRE.) );
#6273 = ( NAMED_UNIT(*) PLANE_ANGLE_UNIT() SI_UNIT($,.RADIAN.) );
#6274 = ( NAMED_UNIT(*) SI_UNIT($,.STERADIAN.) SOLID_ANGLE_UNIT() );
#6275 = UNCERTAINTY_MEASURE_WITH_UNIT(LENGTH_MEASURE(1.E-07),#6272,
  'distance_accuracy_value','confusion accuracy');
#6276 = CONTEXT_DEPENDENT_SHAPE_REPRESENTATION(#6277,#6279);
#6277 = ( REPRESENTATION_RELATIONSHIP('','',#5342,#10) 
REPRESENTATION_RELATIONSHIP_WITH_TRANSFORMATION(#6278) 
SHAPE_REPRESENTATION_RELATIONSHIP() );
#6278 = ITEM_DEFINED_TRANSFORMATION('','',#11,#39);
#6279 = PRODUCT_DEFINITION_SHAPE('Placement','Placement of an item',
  #6280);
#6280 = NEXT_ASSEMBLY_USAGE_OCCURRENCE('7','RV1','',#5,#5337,$);
#6281 = PRODUCT_RELATED_PRODUCT_CATEGORY('part',$,(#5339));
#6282 = SHAPE_DEFINITION_REPRESENTATION(#6283,#6289);
#6283 = PRODUCT_DEFINITION_SHAPE('','',#6284);
#6284 = PRODUCT_DEFINITION('design','',#6285,#6288);
#6285 = PRODUCT_DEFINITION_FORMATION('','',#6286);
#6286 = PRODUCT('R_1206_3216Metric','R_1206_3216Metric','',(#6287));
#6287 = PRODUCT_CONTEXT('',#2,'mechanical');
#6288 = PRODUCT_DEFINITION_CONTEXT('part definition',#2,'design');
#6289 = ADVANCED_BREP_SHAPE_REPRESENTATION('',(#11,#6290),#7080);
#6290 = MANIFOLD_SOLID_BREP('',#6291);
#6291 = CLOSED_SHELL('',(#6292,#6332,#6415,#6440,#6465,#6532,#6549,#6566
    ,#6615,#6632,#6649,#6698,#6715,#6784,#6815,#6839,#6908,#6932,#6949,
    #6966,#6983,#7000,#7017,#7034,#7051,#7068));
#6292 = ADVANCED_FACE('',(#6293),#6327,.F.);
#6293 = FACE_BOUND('',#6294,.F.);
#6294 = EDGE_LOOP('',(#6295,#6305,#6313,#6321));
#6295 = ORIENTED_EDGE('',*,*,#6296,.F.);
#6296 = EDGE_CURVE('',#6297,#6299,#6301,.T.);
#6297 = VERTEX_POINT('',#6298);
#6298 = CARTESIAN_POINT('',(-1.6,-0.8,5.5E-02));
#6299 = VERTEX_POINT('',#6300);
#6300 = CARTESIAN_POINT('',(-1.6,-0.8,0.495));
#6301 = LINE('',#6302,#6303);
#6302 = CARTESIAN_POINT('',(-1.6,-0.8,0.));
#6303 = VECTOR('',#6304,1.);
#6304 = DIRECTION('',(0.,0.,1.));
#6305 = ORIENTED_EDGE('',*,*,#6306,.T.);
#6306 = EDGE_CURVE('',#6297,#6307,#6309,.T.);
#6307 = VERTEX_POINT('',#6308);
#6308 = CARTESIAN_POINT('',(-1.6,0.8,5.5E-02));
#6309 = LINE('',#6310,#6311);
#6310 = CARTESIAN_POINT('',(-1.6,-0.8,5.5E-02));
#6311 = VECTOR('',#6312,1.);
#6312 = DIRECTION('',(0.,1.,0.));
#6313 = ORIENTED_EDGE('',*,*,#6314,.T.);
#6314 = EDGE_CURVE('',#6307,#6315,#6317,.T.);
#6315 = VERTEX_POINT('',#6316);
#6316 = CARTESIAN_POINT('',(-1.6,0.8,0.495));
#6317 = LINE('',#6318,#6319);
#6318 = CARTESIAN_POINT('',(-1.6,0.8,0.));
#6319 = VECTOR('',#6320,1.);
#6320 = DIRECTION('',(0.,0.,1.));
#6321 = ORIENTED_EDGE('',*,*,#6322,.F.);
#6322 = EDGE_CURVE('',#6299,#6315,#6323,.T.);
#6323 = LINE('',#6324,#6325);
#6324 = CARTESIAN_POINT('',(-1.6,-0.8,0.495));
#6325 = VECTOR('',#6326,1.);
#6326 = DIRECTION('',(0.,1.,0.));
#6327 = PLANE('',#6328);
#6328 = AXIS2_PLACEMENT_3D('',#6329,#6330,#6331);
#6329 = CARTESIAN_POINT('',(-1.6,-0.8,0.));
#6330 = DIRECTION('',(1.,0.,0.));
#6331 = DIRECTION('',(0.,0.,1.));
#6332 = ADVANCED_FACE('',(#6333),#6410,.F.);
#6333 = FACE_BOUND('',#6334,.F.);
#6334 = EDGE_LOOP('',(#6335,#6345,#6352,#6353,#6362,#6370,#6379,#6387,
    #6395,#6403));
#6335 = ORIENTED_EDGE('',*,*,#6336,.F.);
#6336 = EDGE_CURVE('',#6337,#6339,#6341,.T.);
#6337 = VERTEX_POINT('',#6338);
#6338 = CARTESIAN_POINT('',(-1.545,-0.8,0.));
#6339 = VERTEX_POINT('',#6340);
#6340 = CARTESIAN_POINT('',(-1.255,-0.8,0.));
#6341 = LINE('',#6342,#6343);
#6342 = CARTESIAN_POINT('',(-1.6,-0.8,0.));
#6343 = VECTOR('',#6344,1.);
#6344 = DIRECTION('',(1.,0.,0.));
#6345 = ORIENTED_EDGE('',*,*,#6346,.F.);
#6346 = EDGE_CURVE('',#6297,#6337,#6347,.T.);
#6347 = CIRCLE('',#6348,5.5E-02);
#6348 = AXIS2_PLACEMENT_3D('',#6349,#6350,#6351);
#6349 = CARTESIAN_POINT('',(-1.545,-0.8,5.5E-02));
#6350 = DIRECTION('',(0.,-1.,0.));
#6351 = DIRECTION('',(0.,0.,1.));
#6352 = ORIENTED_EDGE('',*,*,#6296,.T.);
#6353 = ORIENTED_EDGE('',*,*,#6354,.T.);
#6354 = EDGE_CURVE('',#6299,#6355,#6357,.T.);
#6355 = VERTEX_POINT('',#6356);
#6356 = CARTESIAN_POINT('',(-1.545,-0.8,0.55));
#6357 = CIRCLE('',#6358,5.5E-02);
#6358 = AXIS2_PLACEMENT_3D('',#6359,#6360,#6361);
#6359 = CARTESIAN_POINT('',(-1.545,-0.8,0.495));
#6360 = DIRECTION('',(0.,1.,0.));
#6361 = DIRECTION('',(0.,-0.,1.));
#6362 = ORIENTED_EDGE('',*,*,#6363,.T.);
#6363 = EDGE_CURVE('',#6355,#6364,#6366,.T.);
#6364 = VERTEX_POINT('',#6365);
#6365 = CARTESIAN_POINT('',(-1.255,-0.8,0.55));
#6366 = LINE('',#6367,#6368);
#6367 = CARTESIAN_POINT('',(-1.6,-0.8,0.55));
#6368 = VECTOR('',#6369,1.);
#6369 = DIRECTION('',(1.,0.,0.));
#6370 = ORIENTED_EDGE('',*,*,#6371,.F.);
#6371 = EDGE_CURVE('',#6372,#6364,#6374,.T.);
#6372 = VERTEX_POINT('',#6373);
#6373 = CARTESIAN_POINT('',(-1.2,-0.8,0.495));
#6374 = CIRCLE('',#6375,5.5E-02);
#6375 = AXIS2_PLACEMENT_3D('',#6376,#6377,#6378);
#6376 = CARTESIAN_POINT('',(-1.255,-0.8,0.495));
#6377 = DIRECTION('',(0.,-1.,0.));
#6378 = DIRECTION('',(0.,0.,1.));
#6379 = ORIENTED_EDGE('',*,*,#6380,.F.);
#6380 = EDGE_CURVE('',#6381,#6372,#6383,.T.);
#6381 = VERTEX_POINT('',#6382);
#6382 = CARTESIAN_POINT('',(-1.545,-0.8,0.495));
#6383 = LINE('',#6384,#6385);
#6384 = CARTESIAN_POINT('',(-1.545,-0.8,0.495));
#6385 = VECTOR('',#6386,1.);
#6386 = DIRECTION('',(1.,0.,0.));
#6387 = ORIENTED_EDGE('',*,*,#6388,.F.);
#6388 = EDGE_CURVE('',#6389,#6381,#6391,.T.);
#6389 = VERTEX_POINT('',#6390);
#6390 = CARTESIAN_POINT('',(-1.545,-0.8,5.5E-02));
#6391 = LINE('',#6392,#6393);
#6392 = CARTESIAN_POINT('',(-1.545,-0.8,5.5E-02));
#6393 = VECTOR('',#6394,1.);
#6394 = DIRECTION('',(0.,0.,1.));
#6395 = ORIENTED_EDGE('',*,*,#6396,.T.);
#6396 = EDGE_CURVE('',#6389,#6397,#6399,.T.);
#6397 = VERTEX_POINT('',#6398);
#6398 = CARTESIAN_POINT('',(-1.2,-0.8,5.5E-02));
#6399 = LINE('',#6400,#6401);
#6400 = CARTESIAN_POINT('',(-1.545,-0.8,5.5E-02));
#6401 = VECTOR('',#6402,1.);
#6402 = DIRECTION('',(1.,0.,0.));
#6403 = ORIENTED_EDGE('',*,*,#6404,.T.);
#6404 = EDGE_CURVE('',#6397,#6339,#6405,.T.);
#6405 = CIRCLE('',#6406,5.5E-02);
#6406 = AXIS2_PLACEMENT_3D('',#6407,#6408,#6409);
#6407 = CARTESIAN_POINT('',(-1.255,-0.8,5.5E-02));
#6408 = DIRECTION('',(0.,1.,0.));
#6409 = DIRECTION('',(0.,-0.,1.));
#6410 = PLANE('',#6411);
#6411 = AXIS2_PLACEMENT_3D('',#6412,#6413,#6414);
#6412 = CARTESIAN_POINT('',(-1.6,-0.8,0.));
#6413 = DIRECTION('',(0.,1.,0.));
#6414 = DIRECTION('',(0.,-0.,1.));
#6415 = ADVANCED_FACE('',(#6416),#6435,.T.);
#6416 = FACE_BOUND('',#6417,.T.);
#6417 = EDGE_LOOP('',(#6418,#6419,#6428,#6434));
#6418 = ORIENTED_EDGE('',*,*,#6306,.T.);
#6419 = ORIENTED_EDGE('',*,*,#6420,.T.);
#6420 = EDGE_CURVE('',#6307,#6421,#6423,.T.);
#6421 = VERTEX_POINT('',#6422);
#6422 = CARTESIAN_POINT('',(-1.545,0.8,0.));
#6423 = CIRCLE('',#6424,5.5E-02);
#6424 = AXIS2_PLACEMENT_3D('',#6425,#6426,#6427);
#6425 = CARTESIAN_POINT('',(-1.545,0.8,5.5E-02));
#6426 = DIRECTION('',(0.,-1.,0.));
#6427 = DIRECTION('',(0.,0.,1.));
#6428 = ORIENTED_EDGE('',*,*,#6429,.F.);
#6429 = EDGE_CURVE('',#6337,#6421,#6430,.T.);
#6430 = LINE('',#6431,#6432);
#6431 = CARTESIAN_POINT('',(-1.545,-0.8,0.));
#6432 = VECTOR('',#6433,1.);
#6433 = DIRECTION('',(0.,1.,0.));
#6434 = ORIENTED_EDGE('',*,*,#6346,.F.);
#6435 = CYLINDRICAL_SURFACE('',#6436,5.5E-02);
#6436 = AXIS2_PLACEMENT_3D('',#6437,#6438,#6439);
#6437 = CARTESIAN_POINT('',(-1.545,-0.8,5.5E-02));
#6438 = DIRECTION('',(0.,1.,0.));
#6439 = DIRECTION('',(-1.,0.,0.));
#6440 = ADVANCED_FACE('',(#6441),#6460,.T.);
#6441 = FACE_BOUND('',#6442,.T.);
#6442 = EDGE_LOOP('',(#6443,#6444,#6452,#6459));
#6443 = ORIENTED_EDGE('',*,*,#6354,.T.);
#6444 = ORIENTED_EDGE('',*,*,#6445,.T.);
#6445 = EDGE_CURVE('',#6355,#6446,#6448,.T.);
#6446 = VERTEX_POINT('',#6447);
#6447 = CARTESIAN_POINT('',(-1.545,0.8,0.55));
#6448 = LINE('',#6449,#6450);
#6449 = CARTESIAN_POINT('',(-1.545,-0.8,0.55));
#6450 = VECTOR('',#6451,1.);
#6451 = DIRECTION('',(0.,1.,0.));
#6452 = ORIENTED_EDGE('',*,*,#6453,.F.);
#6453 = EDGE_CURVE('',#6315,#6446,#6454,.T.);
#6454 = CIRCLE('',#6455,5.5E-02);
#6455 = AXIS2_PLACEMENT_3D('',#6456,#6457,#6458);
#6456 = CARTESIAN_POINT('',(-1.545,0.8,0.495));
#6457 = DIRECTION('',(0.,1.,0.));
#6458 = DIRECTION('',(0.,-0.,1.));
#6459 = ORIENTED_EDGE('',*,*,#6322,.F.);
#6460 = CYLINDRICAL_SURFACE('',#6461,5.5E-02);
#6461 = AXIS2_PLACEMENT_3D('',#6462,#6463,#6464);
#6462 = CARTESIAN_POINT('',(-1.545,-0.8,0.495));
#6463 = DIRECTION('',(0.,1.,0.));
#6464 = DIRECTION('',(-1.,0.,0.));
#6465 = ADVANCED_FACE('',(#6466),#6527,.T.);
#6466 = FACE_BOUND('',#6467,.T.);
#6467 = EDGE_LOOP('',(#6468,#6476,#6477,#6478,#6479,#6487,#6496,#6504,
    #6512,#6520));
#6468 = ORIENTED_EDGE('',*,*,#6469,.F.);
#6469 = EDGE_CURVE('',#6421,#6470,#6472,.T.);
#6470 = VERTEX_POINT('',#6471);
#6471 = CARTESIAN_POINT('',(-1.255,0.8,0.));
#6472 = LINE('',#6473,#6474);
#6473 = CARTESIAN_POINT('',(-1.6,0.8,0.));
#6474 = VECTOR('',#6475,1.);
#6475 = DIRECTION('',(1.,0.,0.));
#6476 = ORIENTED_EDGE('',*,*,#6420,.F.);
#6477 = ORIENTED_EDGE('',*,*,#6314,.T.);
#6478 = ORIENTED_EDGE('',*,*,#6453,.T.);
#6479 = ORIENTED_EDGE('',*,*,#6480,.T.);
#6480 = EDGE_CURVE('',#6446,#6481,#6483,.T.);
#6481 = VERTEX_POINT('',#6482);
#6482 = CARTESIAN_POINT('',(-1.255,0.8,0.55));
#6483 = LINE('',#6484,#6485);
#6484 = CARTESIAN_POINT('',(-1.6,0.8,0.55));
#6485 = VECTOR('',#6486,1.);
#6486 = DIRECTION('',(1.,0.,0.));
#6487 = ORIENTED_EDGE('',*,*,#6488,.F.);
#6488 = EDGE_CURVE('',#6489,#6481,#6491,.T.);
#6489 = VERTEX_POINT('',#6490);
#6490 = CARTESIAN_POINT('',(-1.2,0.8,0.495));
#6491 = CIRCLE('',#6492,5.5E-02);
#6492 = AXIS2_PLACEMENT_3D('',#6493,#6494,#6495);
#6493 = CARTESIAN_POINT('',(-1.255,0.8,0.495));
#6494 = DIRECTION('',(0.,-1.,0.));
#6495 = DIRECTION('',(0.,0.,1.));
#6496 = ORIENTED_EDGE('',*,*,#6497,.F.);
#6497 = EDGE_CURVE('',#6498,#6489,#6500,.T.);
#6498 = VERTEX_POINT('',#6499);
#6499 = CARTESIAN_POINT('',(-1.545,0.8,0.495));
#6500 = LINE('',#6501,#6502);
#6501 = CARTESIAN_POINT('',(-1.545,0.8,0.495));
#6502 = VECTOR('',#6503,1.);
#6503 = DIRECTION('',(1.,0.,0.));
#6504 = ORIENTED_EDGE('',*,*,#6505,.F.);
#6505 = EDGE_CURVE('',#6506,#6498,#6508,.T.);
#6506 = VERTEX_POINT('',#6507);
#6507 = CARTESIAN_POINT('',(-1.545,0.8,5.5E-02));
#6508 = LINE('',#6509,#6510);
#6509 = CARTESIAN_POINT('',(-1.545,0.8,5.5E-02));
#6510 = VECTOR('',#6511,1.);
#6511 = DIRECTION('',(0.,0.,1.));
#6512 = ORIENTED_EDGE('',*,*,#6513,.T.);
#6513 = EDGE_CURVE('',#6506,#6514,#6516,.T.);
#6514 = VERTEX_POINT('',#6515);
#6515 = CARTESIAN_POINT('',(-1.2,0.8,5.5E-02));
#6516 = LINE('',#6517,#6518);
#6517 = CARTESIAN_POINT('',(-1.545,0.8,5.5E-02));
#6518 = VECTOR('',#6519,1.);
#6519 = DIRECTION('',(1.,0.,0.));
#6520 = ORIENTED_EDGE('',*,*,#6521,.T.);
#6521 = EDGE_CURVE('',#6514,#6470,#6522,.T.);
#6522 = CIRCLE('',#6523,5.5E-02);
#6523 = AXIS2_PLACEMENT_3D('',#6524,#6525,#6526);
#6524 = CARTESIAN_POINT('',(-1.255,0.8,5.5E-02));
#6525 = DIRECTION('',(0.,1.,0.));
#6526 = DIRECTION('',(0.,-0.,1.));
#6527 = PLANE('',#6528);
#6528 = AXIS2_PLACEMENT_3D('',#6529,#6530,#6531);
#6529 = CARTESIAN_POINT('',(-1.6,0.8,0.));
#6530 = DIRECTION('',(0.,1.,0.));
#6531 = DIRECTION('',(0.,-0.,1.));
#6532 = ADVANCED_FACE('',(#6533),#6544,.F.);
#6533 = FACE_BOUND('',#6534,.F.);
#6534 = EDGE_LOOP('',(#6535,#6536,#6537,#6538));
#6535 = ORIENTED_EDGE('',*,*,#6469,.F.);
#6536 = ORIENTED_EDGE('',*,*,#6429,.F.);
#6537 = ORIENTED_EDGE('',*,*,#6336,.T.);
#6538 = ORIENTED_EDGE('',*,*,#6539,.T.);
#6539 = EDGE_CURVE('',#6339,#6470,#6540,.T.);
#6540 = LINE('',#6541,#6542);
#6541 = CARTESIAN_POINT('',(-1.255,-0.8,0.));
#6542 = VECTOR('',#6543,1.);
#6543 = DIRECTION('',(0.,1.,0.));
#6544 = PLANE('',#6545);
#6545 = AXIS2_PLACEMENT_3D('',#6546,#6547,#6548);
#6546 = CARTESIAN_POINT('',(-1.6,-0.8,0.));
#6547 = DIRECTION('',(0.,0.,1.));
#6548 = DIRECTION('',(1.,0.,-0.));
#6549 = ADVANCED_FACE('',(#6550),#6561,.T.);
#6550 = FACE_BOUND('',#6551,.T.);
#6551 = EDGE_LOOP('',(#6552,#6553,#6554,#6555));
#6552 = ORIENTED_EDGE('',*,*,#6404,.T.);
#6553 = ORIENTED_EDGE('',*,*,#6539,.T.);
#6554 = ORIENTED_EDGE('',*,*,#6521,.F.);
#6555 = ORIENTED_EDGE('',*,*,#6556,.F.);
#6556 = EDGE_CURVE('',#6397,#6514,#6557,.T.);
#6557 = LINE('',#6558,#6559);
#6558 = CARTESIAN_POINT('',(-1.2,-0.8,5.5E-02));
#6559 = VECTOR('',#6560,1.);
#6560 = DIRECTION('',(0.,1.,0.));
#6561 = CYLINDRICAL_SURFACE('',#6562,5.5E-02);
#6562 = AXIS2_PLACEMENT_3D('',#6563,#6564,#6565);
#6563 = CARTESIAN_POINT('',(-1.255,-0.8,5.5E-02));
#6564 = DIRECTION('',(0.,1.,0.));
#6565 = DIRECTION('',(1.,0.,0.));
#6566 = ADVANCED_FACE('',(#6567),#6610,.F.);
#6567 = FACE_BOUND('',#6568,.F.);
#6568 = EDGE_LOOP('',(#6569,#6570,#6571,#6572,#6580,#6588,#6596,#6604));
#6569 = ORIENTED_EDGE('',*,*,#6396,.F.);
#6570 = ORIENTED_EDGE('',*,*,#6388,.T.);
#6571 = ORIENTED_EDGE('',*,*,#6380,.T.);
#6572 = ORIENTED_EDGE('',*,*,#6573,.T.);
#6573 = EDGE_CURVE('',#6372,#6574,#6576,.T.);
#6574 = VERTEX_POINT('',#6575);
#6575 = CARTESIAN_POINT('',(1.2,-0.8,0.495));
#6576 = LINE('',#6577,#6578);
#6577 = CARTESIAN_POINT('',(-1.2,-0.8,0.495));
#6578 = VECTOR('',#6579,1.);
#6579 = DIRECTION('',(1.,0.,0.));
#6580 = ORIENTED_EDGE('',*,*,#6581,.T.);
#6581 = EDGE_CURVE('',#6574,#6582,#6584,.T.);
#6582 = VERTEX_POINT('',#6583);
#6583 = CARTESIAN_POINT('',(1.545,-0.8,0.495));
#6584 = LINE('',#6585,#6586);
#6585 = CARTESIAN_POINT('',(-1.545,-0.8,0.495));
#6586 = VECTOR('',#6587,1.);
#6587 = DIRECTION('',(1.,0.,0.));
#6588 = ORIENTED_EDGE('',*,*,#6589,.F.);
#6589 = EDGE_CURVE('',#6590,#6582,#6592,.T.);
#6590 = VERTEX_POINT('',#6591);
#6591 = CARTESIAN_POINT('',(1.545,-0.8,5.5E-02));
#6592 = LINE('',#6593,#6594);
#6593 = CARTESIAN_POINT('',(1.545,-0.8,5.5E-02));
#6594 = VECTOR('',#6595,1.);
#6595 = DIRECTION('',(0.,0.,1.));
#6596 = ORIENTED_EDGE('',*,*,#6597,.F.);
#6597 = EDGE_CURVE('',#6598,#6590,#6600,.T.);
#6598 = VERTEX_POINT('',#6599);
#6599 = CARTESIAN_POINT('',(1.2,-0.8,5.5E-02));
#6600 = LINE('',#6601,#6602);
#6601 = CARTESIAN_POINT('',(-1.545,-0.8,5.5E-02));
#6602 = VECTOR('',#6603,1.);
#6603 = DIRECTION('',(1.,0.,0.));
#6604 = ORIENTED_EDGE('',*,*,#6605,.F.);
#6605 = EDGE_CURVE('',#6397,#6598,#6606,.T.);
#6606 = LINE('',#6607,#6608);
#6607 = CARTESIAN_POINT('',(-1.545,-0.8,5.5E-02));
#6608 = VECTOR('',#6609,1.);
#6609 = DIRECTION('',(1.,0.,0.));
#6610 = PLANE('',#6611);
#6611 = AXIS2_PLACEMENT_3D('',#6612,#6613,#6614);
#6612 = CARTESIAN_POINT('',(-1.545,-0.8,5.5E-02));
#6613 = DIRECTION('',(0.,1.,0.));
#6614 = DIRECTION('',(0.,-0.,1.));
#6615 = ADVANCED_FACE('',(#6616),#6627,.T.);
#6616 = FACE_BOUND('',#6617,.T.);
#6617 = EDGE_LOOP('',(#6618,#6619,#6620,#6621));
#6618 = ORIENTED_EDGE('',*,*,#6480,.F.);
#6619 = ORIENTED_EDGE('',*,*,#6445,.F.);
#6620 = ORIENTED_EDGE('',*,*,#6363,.T.);
#6621 = ORIENTED_EDGE('',*,*,#6622,.T.);
#6622 = EDGE_CURVE('',#6364,#6481,#6623,.T.);
#6623 = LINE('',#6624,#6625);
#6624 = CARTESIAN_POINT('',(-1.255,-0.8,0.55));
#6625 = VECTOR('',#6626,1.);
#6626 = DIRECTION('',(0.,1.,0.));
#6627 = PLANE('',#6628);
#6628 = AXIS2_PLACEMENT_3D('',#6629,#6630,#6631);
#6629 = CARTESIAN_POINT('',(-1.6,-0.8,0.55));
#6630 = DIRECTION('',(0.,0.,1.));
#6631 = DIRECTION('',(1.,0.,-0.));
#6632 = ADVANCED_FACE('',(#6633),#6644,.T.);
#6633 = FACE_BOUND('',#6634,.T.);
#6634 = EDGE_LOOP('',(#6635,#6641,#6642,#6643));
#6635 = ORIENTED_EDGE('',*,*,#6636,.T.);
#6636 = EDGE_CURVE('',#6372,#6489,#6637,.T.);
#6637 = LINE('',#6638,#6639);
#6638 = CARTESIAN_POINT('',(-1.2,-0.8,0.495));
#6639 = VECTOR('',#6640,1.);
#6640 = DIRECTION('',(0.,1.,0.));
#6641 = ORIENTED_EDGE('',*,*,#6488,.T.);
#6642 = ORIENTED_EDGE('',*,*,#6622,.F.);
#6643 = ORIENTED_EDGE('',*,*,#6371,.F.);
#6644 = CYLINDRICAL_SURFACE('',#6645,5.5E-02);
#6645 = AXIS2_PLACEMENT_3D('',#6646,#6647,#6648);
#6646 = CARTESIAN_POINT('',(-1.255,-0.8,0.495));
#6647 = DIRECTION('',(0.,1.,0.));
#6648 = DIRECTION('',(1.,0.,0.));
#6649 = ADVANCED_FACE('',(#6650),#6693,.T.);
#6650 = FACE_BOUND('',#6651,.T.);
#6651 = EDGE_LOOP('',(#6652,#6653,#6654,#6655,#6663,#6671,#6679,#6687));
#6652 = ORIENTED_EDGE('',*,*,#6513,.F.);
#6653 = ORIENTED_EDGE('',*,*,#6505,.T.);
#6654 = ORIENTED_EDGE('',*,*,#6497,.T.);
#6655 = ORIENTED_EDGE('',*,*,#6656,.T.);
#6656 = EDGE_CURVE('',#6489,#6657,#6659,.T.);
#6657 = VERTEX_POINT('',#6658);
#6658 = CARTESIAN_POINT('',(1.2,0.8,0.495));
#6659 = LINE('',#6660,#6661);
#6660 = CARTESIAN_POINT('',(-1.2,0.8,0.495));
#6661 = VECTOR('',#6662,1.);
#6662 = DIRECTION('',(1.,0.,0.));
#6663 = ORIENTED_EDGE('',*,*,#6664,.T.);
#6664 = EDGE_CURVE('',#6657,#6665,#6667,.T.);
#6665 = VERTEX_POINT('',#6666);
#6666 = CARTESIAN_POINT('',(1.545,0.8,0.495));
#6667 = LINE('',#6668,#6669);
#6668 = CARTESIAN_POINT('',(-1.545,0.8,0.495));
#6669 = VECTOR('',#6670,1.);
#6670 = DIRECTION('',(1.,0.,0.));
#6671 = ORIENTED_EDGE('',*,*,#6672,.F.);
#6672 = EDGE_CURVE('',#6673,#6665,#6675,.T.);
#6673 = VERTEX_POINT('',#6674);
#6674 = CARTESIAN_POINT('',(1.545,0.8,5.5E-02));
#6675 = LINE('',#6676,#6677);
#6676 = CARTESIAN_POINT('',(1.545,0.8,5.5E-02));
#6677 = VECTOR('',#6678,1.);
#6678 = DIRECTION('',(0.,0.,1.));
#6679 = ORIENTED_EDGE('',*,*,#6680,.F.);
#6680 = EDGE_CURVE('',#6681,#6673,#6683,.T.);
#6681 = VERTEX_POINT('',#6682);
#6682 = CARTESIAN_POINT('',(1.2,0.8,5.5E-02));
#6683 = LINE('',#6684,#6685);
#6684 = CARTESIAN_POINT('',(-1.545,0.8,5.5E-02));
#6685 = VECTOR('',#6686,1.);
#6686 = DIRECTION('',(1.,0.,0.));
#6687 = ORIENTED_EDGE('',*,*,#6688,.F.);
#6688 = EDGE_CURVE('',#6514,#6681,#6689,.T.);
#6689 = LINE('',#6690,#6691);
#6690 = CARTESIAN_POINT('',(-1.545,0.8,5.5E-02));
#6691 = VECTOR('',#6692,1.);
#6692 = DIRECTION('',(1.,0.,0.));
#6693 = PLANE('',#6694);
#6694 = AXIS2_PLACEMENT_3D('',#6695,#6696,#6697);
#6695 = CARTESIAN_POINT('',(-1.545,0.8,5.5E-02));
#6696 = DIRECTION('',(0.,1.,0.));
#6697 = DIRECTION('',(0.,-0.,1.));
#6698 = ADVANCED_FACE('',(#6699),#6710,.F.);
#6699 = FACE_BOUND('',#6700,.F.);
#6700 = EDGE_LOOP('',(#6701,#6702,#6703,#6709));
#6701 = ORIENTED_EDGE('',*,*,#6556,.F.);
#6702 = ORIENTED_EDGE('',*,*,#6605,.T.);
#6703 = ORIENTED_EDGE('',*,*,#6704,.T.);
#6704 = EDGE_CURVE('',#6598,#6681,#6705,.T.);
#6705 = LINE('',#6706,#6707);
#6706 = CARTESIAN_POINT('',(1.2,-0.8,5.5E-02));
#6707 = VECTOR('',#6708,1.);
#6708 = DIRECTION('',(0.,1.,0.));
#6709 = ORIENTED_EDGE('',*,*,#6688,.F.);
#6710 = PLANE('',#6711);
#6711 = AXIS2_PLACEMENT_3D('',#6712,#6713,#6714);
#6712 = CARTESIAN_POINT('',(-1.545,-0.8,5.5E-02));
#6713 = DIRECTION('',(0.,0.,1.));
#6714 = DIRECTION('',(1.,0.,-0.));
#6715 = ADVANCED_FACE('',(#6716),#6779,.F.);
#6716 = FACE_BOUND('',#6717,.F.);
#6717 = EDGE_LOOP('',(#6718,#6728,#6735,#6736,#6737,#6738,#6747,#6755,
    #6764,#6772));
#6718 = ORIENTED_EDGE('',*,*,#6719,.F.);
#6719 = EDGE_CURVE('',#6720,#6722,#6724,.T.);
#6720 = VERTEX_POINT('',#6721);
#6721 = CARTESIAN_POINT('',(1.255,-0.8,0.));
#6722 = VERTEX_POINT('',#6723);
#6723 = CARTESIAN_POINT('',(1.545,-0.8,0.));
#6724 = LINE('',#6725,#6726);
#6725 = CARTESIAN_POINT('',(1.2,-0.8,0.));
#6726 = VECTOR('',#6727,1.);
#6727 = DIRECTION('',(1.,0.,0.));
#6728 = ORIENTED_EDGE('',*,*,#6729,.F.);
#6729 = EDGE_CURVE('',#6598,#6720,#6730,.T.);
#6730 = CIRCLE('',#6731,5.5E-02);
#6731 = AXIS2_PLACEMENT_3D('',#6732,#6733,#6734);
#6732 = CARTESIAN_POINT('',(1.255,-0.8,5.5E-02));
#6733 = DIRECTION('',(0.,-1.,0.));
#6734 = DIRECTION('',(0.,0.,1.));
#6735 = ORIENTED_EDGE('',*,*,#6597,.T.);
#6736 = ORIENTED_EDGE('',*,*,#6589,.T.);
#6737 = ORIENTED_EDGE('',*,*,#6581,.F.);
#6738 = ORIENTED_EDGE('',*,*,#6739,.T.);
#6739 = EDGE_CURVE('',#6574,#6740,#6742,.T.);
#6740 = VERTEX_POINT('',#6741);
#6741 = CARTESIAN_POINT('',(1.255,-0.8,0.55));
#6742 = CIRCLE('',#6743,5.5E-02);
#6743 = AXIS2_PLACEMENT_3D('',#6744,#6745,#6746);
#6744 = CARTESIAN_POINT('',(1.255,-0.8,0.495));
#6745 = DIRECTION('',(0.,1.,0.));
#6746 = DIRECTION('',(0.,-0.,1.));
#6747 = ORIENTED_EDGE('',*,*,#6748,.T.);
#6748 = EDGE_CURVE('',#6740,#6749,#6751,.T.);
#6749 = VERTEX_POINT('',#6750);
#6750 = CARTESIAN_POINT('',(1.545,-0.8,0.55));
#6751 = LINE('',#6752,#6753);
#6752 = CARTESIAN_POINT('',(1.2,-0.8,0.55));
#6753 = VECTOR('',#6754,1.);
#6754 = DIRECTION('',(1.,0.,0.));
#6755 = ORIENTED_EDGE('',*,*,#6756,.F.);
#6756 = EDGE_CURVE('',#6757,#6749,#6759,.T.);
#6757 = VERTEX_POINT('',#6758);
#6758 = CARTESIAN_POINT('',(1.6,-0.8,0.495));
#6759 = CIRCLE('',#6760,5.5E-02);
#6760 = AXIS2_PLACEMENT_3D('',#6761,#6762,#6763);
#6761 = CARTESIAN_POINT('',(1.545,-0.8,0.495));
#6762 = DIRECTION('',(0.,-1.,0.));
#6763 = DIRECTION('',(0.,0.,1.));
#6764 = ORIENTED_EDGE('',*,*,#6765,.F.);
#6765 = EDGE_CURVE('',#6766,#6757,#6768,.T.);
#6766 = VERTEX_POINT('',#6767);
#6767 = CARTESIAN_POINT('',(1.6,-0.8,5.5E-02));
#6768 = LINE('',#6769,#6770);
#6769 = CARTESIAN_POINT('',(1.6,-0.8,0.));
#6770 = VECTOR('',#6771,1.);
#6771 = DIRECTION('',(0.,0.,1.));
#6772 = ORIENTED_EDGE('',*,*,#6773,.T.);
#6773 = EDGE_CURVE('',#6766,#6722,#6774,.T.);
#6774 = CIRCLE('',#6775,5.5E-02);
#6775 = AXIS2_PLACEMENT_3D('',#6776,#6777,#6778);
#6776 = CARTESIAN_POINT('',(1.545,-0.8,5.5E-02));
#6777 = DIRECTION('',(0.,1.,0.));
#6778 = DIRECTION('',(0.,-0.,1.));
#6779 = PLANE('',#6780);
#6780 = AXIS2_PLACEMENT_3D('',#6781,#6782,#6783);
#6781 = CARTESIAN_POINT('',(1.2,-0.8,0.));
#6782 = DIRECTION('',(0.,1.,0.));
#6783 = DIRECTION('',(0.,-0.,1.));
#6784 = ADVANCED_FACE('',(#6785),#6810,.F.);
#6785 = FACE_BOUND('',#6786,.F.);
#6786 = EDGE_LOOP('',(#6787,#6788,#6796,#6804));
#6787 = ORIENTED_EDGE('',*,*,#6573,.F.);
#6788 = ORIENTED_EDGE('',*,*,#6789,.T.);
#6789 = EDGE_CURVE('',#6372,#6790,#6792,.T.);
#6790 = VERTEX_POINT('',#6791);
#6791 = CARTESIAN_POINT('',(-1.2,-0.8,0.55));
#6792 = LINE('',#6793,#6794);
#6793 = CARTESIAN_POINT('',(-1.2,-0.8,0.495));
#6794 = VECTOR('',#6795,1.);
#6795 = DIRECTION('',(0.,0.,1.));
#6796 = ORIENTED_EDGE('',*,*,#6797,.T.);
#6797 = EDGE_CURVE('',#6790,#6798,#6800,.T.);
#6798 = VERTEX_POINT('',#6799);
#6799 = CARTESIAN_POINT('',(1.2,-0.8,0.55));
#6800 = LINE('',#6801,#6802);
#6801 = CARTESIAN_POINT('',(-1.2,-0.8,0.55));
#6802 = VECTOR('',#6803,1.);
#6803 = DIRECTION('',(1.,0.,0.));
#6804 = ORIENTED_EDGE('',*,*,#6805,.F.);
#6805 = EDGE_CURVE('',#6574,#6798,#6806,.T.);
#6806 = LINE('',#6807,#6808);
#6807 = CARTESIAN_POINT('',(1.2,-0.8,0.495));
#6808 = VECTOR('',#6809,1.);
#6809 = DIRECTION('',(0.,0.,1.));
#6810 = PLANE('',#6811);
#6811 = AXIS2_PLACEMENT_3D('',#6812,#6813,#6814);
#6812 = CARTESIAN_POINT('',(-1.2,-0.8,0.495));
#6813 = DIRECTION('',(0.,1.,0.));
#6814 = DIRECTION('',(0.,-0.,1.));
#6815 = ADVANCED_FACE('',(#6816),#6834,.F.);
#6816 = FACE_BOUND('',#6817,.F.);
#6817 = EDGE_LOOP('',(#6818,#6819,#6820,#6828));
#6818 = ORIENTED_EDGE('',*,*,#6789,.F.);
#6819 = ORIENTED_EDGE('',*,*,#6636,.T.);
#6820 = ORIENTED_EDGE('',*,*,#6821,.T.);
#6821 = EDGE_CURVE('',#6489,#6822,#6824,.T.);
#6822 = VERTEX_POINT('',#6823);
#6823 = CARTESIAN_POINT('',(-1.2,0.8,0.55));
#6824 = LINE('',#6825,#6826);
#6825 = CARTESIAN_POINT('',(-1.2,0.8,0.495));
#6826 = VECTOR('',#6827,1.);
#6827 = DIRECTION('',(0.,0.,1.));
#6828 = ORIENTED_EDGE('',*,*,#6829,.F.);
#6829 = EDGE_CURVE('',#6790,#6822,#6830,.T.);
#6830 = LINE('',#6831,#6832);
#6831 = CARTESIAN_POINT('',(-1.2,-0.8,0.55));
#6832 = VECTOR('',#6833,1.);
#6833 = DIRECTION('',(0.,1.,0.));
#6834 = PLANE('',#6835);
#6835 = AXIS2_PLACEMENT_3D('',#6836,#6837,#6838);
#6836 = CARTESIAN_POINT('',(-1.2,-0.8,0.495));
#6837 = DIRECTION('',(1.,0.,0.));
#6838 = DIRECTION('',(0.,0.,1.));
#6839 = ADVANCED_FACE('',(#6840),#6903,.T.);
#6840 = FACE_BOUND('',#6841,.T.);
#6841 = EDGE_LOOP('',(#6842,#6852,#6859,#6860,#6861,#6862,#6871,#6879,
    #6888,#6896));
#6842 = ORIENTED_EDGE('',*,*,#6843,.F.);
#6843 = EDGE_CURVE('',#6844,#6846,#6848,.T.);
#6844 = VERTEX_POINT('',#6845);
#6845 = CARTESIAN_POINT('',(1.255,0.8,0.));
#6846 = VERTEX_POINT('',#6847);
#6847 = CARTESIAN_POINT('',(1.545,0.8,0.));
#6848 = LINE('',#6849,#6850);
#6849 = CARTESIAN_POINT('',(1.2,0.8,0.));
#6850 = VECTOR('',#6851,1.);
#6851 = DIRECTION('',(1.,0.,0.));
#6852 = ORIENTED_EDGE('',*,*,#6853,.F.);
#6853 = EDGE_CURVE('',#6681,#6844,#6854,.T.);
#6854 = CIRCLE('',#6855,5.5E-02);
#6855 = AXIS2_PLACEMENT_3D('',#6856,#6857,#6858);
#6856 = CARTESIAN_POINT('',(1.255,0.8,5.5E-02));
#6857 = DIRECTION('',(0.,-1.,0.));
#6858 = DIRECTION('',(0.,0.,1.));
#6859 = ORIENTED_EDGE('',*,*,#6680,.T.);
#6860 = ORIENTED_EDGE('',*,*,#6672,.T.);
#6861 = ORIENTED_EDGE('',*,*,#6664,.F.);
#6862 = ORIENTED_EDGE('',*,*,#6863,.T.);
#6863 = EDGE_CURVE('',#6657,#6864,#6866,.T.);
#6864 = VERTEX_POINT('',#6865);
#6865 = CARTESIAN_POINT('',(1.255,0.8,0.55));
#6866 = CIRCLE('',#6867,5.5E-02);
#6867 = AXIS2_PLACEMENT_3D('',#6868,#6869,#6870);
#6868 = CARTESIAN_POINT('',(1.255,0.8,0.495));
#6869 = DIRECTION('',(0.,1.,0.));
#6870 = DIRECTION('',(0.,-0.,1.));
#6871 = ORIENTED_EDGE('',*,*,#6872,.T.);
#6872 = EDGE_CURVE('',#6864,#6873,#6875,.T.);
#6873 = VERTEX_POINT('',#6874);
#6874 = CARTESIAN_POINT('',(1.545,0.8,0.55));
#6875 = LINE('',#6876,#6877);
#6876 = CARTESIAN_POINT('',(1.2,0.8,0.55));
#6877 = VECTOR('',#6878,1.);
#6878 = DIRECTION('',(1.,0.,0.));
#6879 = ORIENTED_EDGE('',*,*,#6880,.F.);
#6880 = EDGE_CURVE('',#6881,#6873,#6883,.T.);
#6881 = VERTEX_POINT('',#6882);
#6882 = CARTESIAN_POINT('',(1.6,0.8,0.495));
#6883 = CIRCLE('',#6884,5.5E-02);
#6884 = AXIS2_PLACEMENT_3D('',#6885,#6886,#6887);
#6885 = CARTESIAN_POINT('',(1.545,0.8,0.495));
#6886 = DIRECTION('',(0.,-1.,0.));
#6887 = DIRECTION('',(0.,0.,1.));
#6888 = ORIENTED_EDGE('',*,*,#6889,.F.);
#6889 = EDGE_CURVE('',#6890,#6881,#6892,.T.);
#6890 = VERTEX_POINT('',#6891);
#6891 = CARTESIAN_POINT('',(1.6,0.8,5.5E-02));
#6892 = LINE('',#6893,#6894);
#6893 = CARTESIAN_POINT('',(1.6,0.8,0.));
#6894 = VECTOR('',#6895,1.);
#6895 = DIRECTION('',(0.,0.,1.));
#6896 = ORIENTED_EDGE('',*,*,#6897,.T.);
#6897 = EDGE_CURVE('',#6890,#6846,#6898,.T.);
#6898 = CIRCLE('',#6899,5.5E-02);
#6899 = AXIS2_PLACEMENT_3D('',#6900,#6901,#6902);
#6900 = CARTESIAN_POINT('',(1.545,0.8,5.5E-02));
#6901 = DIRECTION('',(0.,1.,0.));
#6902 = DIRECTION('',(0.,-0.,1.));
#6903 = PLANE('',#6904);
#6904 = AXIS2_PLACEMENT_3D('',#6905,#6906,#6907);
#6905 = CARTESIAN_POINT('',(1.2,0.8,0.));
#6906 = DIRECTION('',(0.,1.,0.));
#6907 = DIRECTION('',(0.,-0.,1.));
#6908 = ADVANCED_FACE('',(#6909),#6927,.T.);
#6909 = FACE_BOUND('',#6910,.T.);
#6910 = EDGE_LOOP('',(#6911,#6912,#6913,#6921));
#6911 = ORIENTED_EDGE('',*,*,#6656,.F.);
#6912 = ORIENTED_EDGE('',*,*,#6821,.T.);
#6913 = ORIENTED_EDGE('',*,*,#6914,.T.);
#6914 = EDGE_CURVE('',#6822,#6915,#6917,.T.);
#6915 = VERTEX_POINT('',#6916);
#6916 = CARTESIAN_POINT('',(1.2,0.8,0.55));
#6917 = LINE('',#6918,#6919);
#6918 = CARTESIAN_POINT('',(-1.2,0.8,0.55));
#6919 = VECTOR('',#6920,1.);
#6920 = DIRECTION('',(1.,0.,0.));
#6921 = ORIENTED_EDGE('',*,*,#6922,.F.);
#6922 = EDGE_CURVE('',#6657,#6915,#6923,.T.);
#6923 = LINE('',#6924,#6925);
#6924 = CARTESIAN_POINT('',(1.2,0.8,0.495));
#6925 = VECTOR('',#6926,1.);
#6926 = DIRECTION('',(0.,0.,1.));
#6927 = PLANE('',#6928);
#6928 = AXIS2_PLACEMENT_3D('',#6929,#6930,#6931);
#6929 = CARTESIAN_POINT('',(-1.2,0.8,0.495));
#6930 = DIRECTION('',(0.,1.,0.));
#6931 = DIRECTION('',(0.,-0.,1.));
#6932 = ADVANCED_FACE('',(#6933),#6944,.T.);
#6933 = FACE_BOUND('',#6934,.T.);
#6934 = EDGE_LOOP('',(#6935,#6936,#6937,#6943));
#6935 = ORIENTED_EDGE('',*,*,#6704,.T.);
#6936 = ORIENTED_EDGE('',*,*,#6853,.T.);
#6937 = ORIENTED_EDGE('',*,*,#6938,.F.);
#6938 = EDGE_CURVE('',#6720,#6844,#6939,.T.);
#6939 = LINE('',#6940,#6941);
#6940 = CARTESIAN_POINT('',(1.255,-0.8,0.));
#6941 = VECTOR('',#6942,1.);
#6942 = DIRECTION('',(0.,1.,0.));
#6943 = ORIENTED_EDGE('',*,*,#6729,.F.);
#6944 = CYLINDRICAL_SURFACE('',#6945,5.5E-02);
#6945 = AXIS2_PLACEMENT_3D('',#6946,#6947,#6948);
#6946 = CARTESIAN_POINT('',(1.255,-0.8,5.5E-02));
#6947 = DIRECTION('',(0.,1.,0.));
#6948 = DIRECTION('',(-1.,0.,0.));
#6949 = ADVANCED_FACE('',(#6950),#6961,.F.);
#6950 = FACE_BOUND('',#6951,.F.);
#6951 = EDGE_LOOP('',(#6952,#6953,#6954,#6955));
#6952 = ORIENTED_EDGE('',*,*,#6843,.F.);
#6953 = ORIENTED_EDGE('',*,*,#6938,.F.);
#6954 = ORIENTED_EDGE('',*,*,#6719,.T.);
#6955 = ORIENTED_EDGE('',*,*,#6956,.T.);
#6956 = EDGE_CURVE('',#6722,#6846,#6957,.T.);
#6957 = LINE('',#6958,#6959);
#6958 = CARTESIAN_POINT('',(1.545,-0.8,0.));
#6959 = VECTOR('',#6960,1.);
#6960 = DIRECTION('',(0.,1.,0.));
#6961 = PLANE('',#6962);
#6962 = AXIS2_PLACEMENT_3D('',#6963,#6964,#6965);
#6963 = CARTESIAN_POINT('',(1.2,-0.8,0.));
#6964 = DIRECTION('',(0.,0.,1.));
#6965 = DIRECTION('',(1.,0.,-0.));
#6966 = ADVANCED_FACE('',(#6967),#6978,.T.);
#6967 = FACE_BOUND('',#6968,.T.);
#6968 = EDGE_LOOP('',(#6969,#6970,#6971,#6972));
#6969 = ORIENTED_EDGE('',*,*,#6773,.T.);
#6970 = ORIENTED_EDGE('',*,*,#6956,.T.);
#6971 = ORIENTED_EDGE('',*,*,#6897,.F.);
#6972 = ORIENTED_EDGE('',*,*,#6973,.F.);
#6973 = EDGE_CURVE('',#6766,#6890,#6974,.T.);
#6974 = LINE('',#6975,#6976);
#6975 = CARTESIAN_POINT('',(1.6,-0.8,5.5E-02));
#6976 = VECTOR('',#6977,1.);
#6977 = DIRECTION('',(0.,1.,0.));
#6978 = CYLINDRICAL_SURFACE('',#6979,5.5E-02);
#6979 = AXIS2_PLACEMENT_3D('',#6980,#6981,#6982);
#6980 = CARTESIAN_POINT('',(1.545,-0.8,5.5E-02));
#6981 = DIRECTION('',(0.,1.,0.));
#6982 = DIRECTION('',(1.,0.,0.));
#6983 = ADVANCED_FACE('',(#6984),#6995,.T.);
#6984 = FACE_BOUND('',#6985,.T.);
#6985 = EDGE_LOOP('',(#6986,#6987,#6988,#6989));
#6986 = ORIENTED_EDGE('',*,*,#6765,.F.);
#6987 = ORIENTED_EDGE('',*,*,#6973,.T.);
#6988 = ORIENTED_EDGE('',*,*,#6889,.T.);
#6989 = ORIENTED_EDGE('',*,*,#6990,.F.);
#6990 = EDGE_CURVE('',#6757,#6881,#6991,.T.);
#6991 = LINE('',#6992,#6993);
#6992 = CARTESIAN_POINT('',(1.6,-0.8,0.495));
#6993 = VECTOR('',#6994,1.);
#6994 = DIRECTION('',(0.,1.,0.));
#6995 = PLANE('',#6996);
#6996 = AXIS2_PLACEMENT_3D('',#6997,#6998,#6999);
#6997 = CARTESIAN_POINT('',(1.6,-0.8,0.));
#6998 = DIRECTION('',(1.,0.,0.));
#6999 = DIRECTION('',(0.,0.,1.));
#7000 = ADVANCED_FACE('',(#7001),#7012,.T.);
#7001 = FACE_BOUND('',#7002,.T.);
#7002 = EDGE_LOOP('',(#7003,#7004,#7005,#7011));
#7003 = ORIENTED_EDGE('',*,*,#6990,.T.);
#7004 = ORIENTED_EDGE('',*,*,#6880,.T.);
#7005 = ORIENTED_EDGE('',*,*,#7006,.F.);
#7006 = EDGE_CURVE('',#6749,#6873,#7007,.T.);
#7007 = LINE('',#7008,#7009);
#7008 = CARTESIAN_POINT('',(1.545,-0.8,0.55));
#7009 = VECTOR('',#7010,1.);
#7010 = DIRECTION('',(0.,1.,0.));
#7011 = ORIENTED_EDGE('',*,*,#6756,.F.);
#7012 = CYLINDRICAL_SURFACE('',#7013,5.5E-02);
#7013 = AXIS2_PLACEMENT_3D('',#7014,#7015,#7016);
#7014 = CARTESIAN_POINT('',(1.545,-0.8,0.495));
#7015 = DIRECTION('',(0.,1.,0.));
#7016 = DIRECTION('',(1.,0.,0.));
#7017 = ADVANCED_FACE('',(#7018),#7029,.T.);
#7018 = FACE_BOUND('',#7019,.T.);
#7019 = EDGE_LOOP('',(#7020,#7021,#7027,#7028));
#7020 = ORIENTED_EDGE('',*,*,#6872,.F.);
#7021 = ORIENTED_EDGE('',*,*,#7022,.F.);
#7022 = EDGE_CURVE('',#6740,#6864,#7023,.T.);
#7023 = LINE('',#7024,#7025);
#7024 = CARTESIAN_POINT('',(1.255,-0.8,0.55));
#7025 = VECTOR('',#7026,1.);
#7026 = DIRECTION('',(0.,1.,0.));
#7027 = ORIENTED_EDGE('',*,*,#6748,.T.);
#7028 = ORIENTED_EDGE('',*,*,#7006,.T.);
#7029 = PLANE('',#7030);
#7030 = AXIS2_PLACEMENT_3D('',#7031,#7032,#7033);
#7031 = CARTESIAN_POINT('',(1.2,-0.8,0.55));
#7032 = DIRECTION('',(0.,0.,1.));
#7033 = DIRECTION('',(1.,0.,-0.));
#7034 = ADVANCED_FACE('',(#7035),#7046,.T.);
#7035 = FACE_BOUND('',#7036,.T.);
#7036 = EDGE_LOOP('',(#7037,#7038,#7039,#7040));
#7037 = ORIENTED_EDGE('',*,*,#6739,.T.);
#7038 = ORIENTED_EDGE('',*,*,#7022,.T.);
#7039 = ORIENTED_EDGE('',*,*,#6863,.F.);
#7040 = ORIENTED_EDGE('',*,*,#7041,.F.);
#7041 = EDGE_CURVE('',#6574,#6657,#7042,.T.);
#7042 = LINE('',#7043,#7044);
#7043 = CARTESIAN_POINT('',(1.2,-0.8,0.495));
#7044 = VECTOR('',#7045,1.);
#7045 = DIRECTION('',(0.,1.,0.));
#7046 = CYLINDRICAL_SURFACE('',#7047,5.5E-02);
#7047 = AXIS2_PLACEMENT_3D('',#7048,#7049,#7050);
#7048 = CARTESIAN_POINT('',(1.255,-0.8,0.495));
#7049 = DIRECTION('',(0.,1.,0.));
#7050 = DIRECTION('',(-1.,0.,0.));
#7051 = ADVANCED_FACE('',(#7052),#7063,.T.);
#7052 = FACE_BOUND('',#7053,.T.);
#7053 = EDGE_LOOP('',(#7054,#7055,#7056,#7057));
#7054 = ORIENTED_EDGE('',*,*,#6805,.F.);
#7055 = ORIENTED_EDGE('',*,*,#7041,.T.);
#7056 = ORIENTED_EDGE('',*,*,#6922,.T.);
#7057 = ORIENTED_EDGE('',*,*,#7058,.F.);
#7058 = EDGE_CURVE('',#6798,#6915,#7059,.T.);
#7059 = LINE('',#7060,#7061);
#7060 = CARTESIAN_POINT('',(1.2,-0.8,0.55));
#7061 = VECTOR('',#7062,1.);
#7062 = DIRECTION('',(0.,1.,0.));
#7063 = PLANE('',#7064);
#7064 = AXIS2_PLACEMENT_3D('',#7065,#7066,#7067);
#7065 = CARTESIAN_POINT('',(1.2,-0.8,0.495));
#7066 = DIRECTION('',(1.,0.,0.));
#7067 = DIRECTION('',(0.,0.,1.));
#7068 = ADVANCED_FACE('',(#7069),#7075,.T.);
#7069 = FACE_BOUND('',#7070,.T.);
#7070 = EDGE_LOOP('',(#7071,#7072,#7073,#7074));
#7071 = ORIENTED_EDGE('',*,*,#6829,.F.);
#7072 = ORIENTED_EDGE('',*,*,#6797,.T.);
#7073 = ORIENTED_EDGE('',*,*,#7058,.T.);
#7074 = ORIENTED_EDGE('',*,*,#6914,.F.);
#7075 = PLANE('',#7076);
#7076 = AXIS2_PLACEMENT_3D('',#7077,#7078,#7079);
#7077 = CARTESIAN_POINT('',(-1.2,-0.8,0.55));
#7078 = DIRECTION('',(0.,0.,1.));
#7079 = DIRECTION('',(1.,0.,-0.));
#7080 = ( GEOMETRIC_REPRESENTATION_CONTEXT(3) 
GLOBAL_UNCERTAINTY_ASSIGNED_CONTEXT((#7084)) 
GLOBAL_UNIT_ASSIGNED_CONTEXT((#7081,#7082,#7083)) REPRESENTATION_CONTEXT
('Context #1','3D Context with UNIT and UNCERTAINTY') );
#7081 = ( LENGTH_UNIT() NAMED_UNIT(*) SI_UNIT(.MILLI.,.METRE.) );
#7082 = ( NAMED_UNIT(*) PLANE_ANGLE_UNIT() SI_UNIT($,.RADIAN.) );
#7083 = ( NAMED_UNIT(*) SI_UNIT($,.STERADIAN.) SOLID_ANGLE_UNIT() );
#7084 = UNCERTAINTY_MEASURE_WITH_UNIT(LENGTH_MEASURE(1.E-07),#7081,
  'distance_accuracy_value','confusion accuracy');
#7085 = CONTEXT_DEPENDENT_SHAPE_REPRESENTATION(#7086,#7088);
#7086 = ( REPRESENTATION_RELATIONSHIP('','',#6289,#10) 
REPRESENTATION_RELATIONSHIP_WITH_TRANSFORMATION(#7087) 
SHAPE_REPRESENTATION_RELATIONSHIP() );
#7087 = ITEM_DEFINED_TRANSFORMATION('','',#11,#43);
#7088 = PRODUCT_DEFINITION_SHAPE('Placement','Placement of an item',
  #7089);
#7089 = NEXT_ASSEMBLY_USAGE_OCCURRENCE('8','R1','',#5,#6284,$);
#7090 = PRODUCT_RELATED_PRODUCT_CATEGORY('part',$,(#6286));
#7091 = SHAPE_DEFINITION_REPRESENTATION(#7092,#7098);
#7092 = PRODUCT_DEFINITION_SHAPE('','',#7093);
#7093 = PRODUCT_DEFINITION('design','',#7094,#7097);
#7094 = PRODUCT_DEFINITION_FORMATION('','',#7095);
#7095 = PRODUCT('C_0603_1608Metric','C_0603_1608Metric','',(#7096));
#7096 = PRODUCT_CONTEXT('',#2,'mechanical');
#7097 = PRODUCT_DEFINITION_CONTEXT('part definition',#2,'design');
#7098 = ADVANCED_BREP_SHAPE_REPRESENTATION('',(#11,#7099),#7953);
#7099 = MANIFOLD_SOLID_BREP('',#7100);
#7100 = CLOSED_SHELL('',(#7101,#7177,#7208,#7233,#7258,#7282,#7306,#7331
    ,#7356,#7373,#7459,#7491,#7515,#7540,#7564,#7589,#7613,#7638,#7655,
    #7741,#7772,#7797,#7822,#7846,#7870,#7895,#7920,#7937));
#7101 = ADVANCED_FACE('',(#7102),#7172,.F.);
#7102 = FACE_BOUND('',#7103,.F.);
#7103 = EDGE_LOOP('',(#7104,#7114,#7123,#7131,#7140,#7148,#7157,#7165));
#7104 = ORIENTED_EDGE('',*,*,#7105,.F.);
#7105 = EDGE_CURVE('',#7106,#7108,#7110,.T.);
#7106 = VERTEX_POINT('',#7107);
#7107 = CARTESIAN_POINT('',(-0.8,-0.4,3.E-02));
#7108 = VERTEX_POINT('',#7109);
#7109 = CARTESIAN_POINT('',(-0.8,-0.4,0.77));
#7110 = LINE('',#7111,#7112);
#7111 = CARTESIAN_POINT('',(-0.8,-0.4,0.));
#7112 = VECTOR('',#7113,1.);
#7113 = DIRECTION('',(0.,0.,1.));
#7114 = ORIENTED_EDGE('',*,*,#7115,.T.);
#7115 = EDGE_CURVE('',#7106,#7116,#7118,.T.);
#7116 = VERTEX_POINT('',#7117);
#7117 = CARTESIAN_POINT('',(-0.8,-0.37,0.));
#7118 = CIRCLE('',#7119,3.E-02);
#7119 = AXIS2_PLACEMENT_3D('',#7120,#7121,#7122);
#7120 = CARTESIAN_POINT('',(-0.8,-0.37,3.E-02));
#7121 = DIRECTION('',(1.,0.,-0.));
#7122 = DIRECTION('',(0.,0.,1.));
#7123 = ORIENTED_EDGE('',*,*,#7124,.T.);
#7124 = EDGE_CURVE('',#7116,#7125,#7127,.T.);
#7125 = VERTEX_POINT('',#7126);
#7126 = CARTESIAN_POINT('',(-0.8,0.37,0.));
#7127 = LINE('',#7128,#7129);
#7128 = CARTESIAN_POINT('',(-0.8,-0.4,0.));
#7129 = VECTOR('',#7130,1.);
#7130 = DIRECTION('',(0.,1.,0.));
#7131 = ORIENTED_EDGE('',*,*,#7132,.F.);
#7132 = EDGE_CURVE('',#7133,#7125,#7135,.T.);
#7133 = VERTEX_POINT('',#7134);
#7134 = CARTESIAN_POINT('',(-0.8,0.4,3.E-02));
#7135 = CIRCLE('',#7136,3.E-02);
#7136 = AXIS2_PLACEMENT_3D('',#7137,#7138,#7139);
#7137 = CARTESIAN_POINT('',(-0.8,0.37,3.E-02));
#7138 = DIRECTION('',(-1.,0.,0.));
#7139 = DIRECTION('',(0.,0.,1.));
#7140 = ORIENTED_EDGE('',*,*,#7141,.T.);
#7141 = EDGE_CURVE('',#7133,#7142,#7144,.T.);
#7142 = VERTEX_POINT('',#7143);
#7143 = CARTESIAN_POINT('',(-0.8,0.4,0.77));
#7144 = LINE('',#7145,#7146);
#7145 = CARTESIAN_POINT('',(-0.8,0.4,0.));
#7146 = VECTOR('',#7147,1.);
#7147 = DIRECTION('',(0.,0.,1.));
#7148 = ORIENTED_EDGE('',*,*,#7149,.T.);
#7149 = EDGE_CURVE('',#7142,#7150,#7152,.T.);
#7150 = VERTEX_POINT('',#7151);
#7151 = CARTESIAN_POINT('',(-0.8,0.37,0.8));
#7152 = CIRCLE('',#7153,3.E-02);
#7153 = AXIS2_PLACEMENT_3D('',#7154,#7155,#7156);
#7154 = CARTESIAN_POINT('',(-0.8,0.37,0.77));
#7155 = DIRECTION('',(1.,0.,-0.));
#7156 = DIRECTION('',(0.,0.,1.));
#7157 = ORIENTED_EDGE('',*,*,#7158,.F.);
#7158 = EDGE_CURVE('',#7159,#7150,#7161,.T.);
#7159 = VERTEX_POINT('',#7160);
#7160 = CARTESIAN_POINT('',(-0.8,-0.37,0.8));
#7161 = LINE('',#7162,#7163);
#7162 = CARTESIAN_POINT('',(-0.8,-0.4,0.8));
#7163 = VECTOR('',#7164,1.);
#7164 = DIRECTION('',(0.,1.,0.));
#7165 = ORIENTED_EDGE('',*,*,#7166,.F.);
#7166 = EDGE_CURVE('',#7108,#7159,#7167,.T.);
#7167 = CIRCLE('',#7168,3.E-02);
#7168 = AXIS2_PLACEMENT_3D('',#7169,#7170,#7171);
#7169 = CARTESIAN_POINT('',(-0.8,-0.37,0.77));
#7170 = DIRECTION('',(-1.,0.,0.));
#7171 = DIRECTION('',(0.,0.,1.));
#7172 = PLANE('',#7173);
#7173 = AXIS2_PLACEMENT_3D('',#7174,#7175,#7176);
#7174 = CARTESIAN_POINT('',(-0.8,-0.4,0.));
#7175 = DIRECTION('',(1.,0.,0.));
#7176 = DIRECTION('',(0.,0.,1.));
#7177 = ADVANCED_FACE('',(#7178),#7203,.F.);
#7178 = FACE_BOUND('',#7179,.F.);
#7179 = EDGE_LOOP('',(#7180,#7190,#7196,#7197));
#7180 = ORIENTED_EDGE('',*,*,#7181,.F.);
#7181 = EDGE_CURVE('',#7182,#7184,#7186,.T.);
#7182 = VERTEX_POINT('',#7183);
#7183 = CARTESIAN_POINT('',(-0.5,-0.4,3.E-02));
#7184 = VERTEX_POINT('',#7185);
#7185 = CARTESIAN_POINT('',(-0.5,-0.4,0.77));
#7186 = LINE('',#7187,#7188);
#7187 = CARTESIAN_POINT('',(-0.5,-0.4,0.));
#7188 = VECTOR('',#7189,1.);
#7189 = DIRECTION('',(0.,0.,1.));
#7190 = ORIENTED_EDGE('',*,*,#7191,.F.);
#7191 = EDGE_CURVE('',#7106,#7182,#7192,.T.);
#7192 = LINE('',#7193,#7194);
#7193 = CARTESIAN_POINT('',(-0.8,-0.4,3.E-02));
#7194 = VECTOR('',#7195,1.);
#7195 = DIRECTION('',(1.,0.,0.));
#7196 = ORIENTED_EDGE('',*,*,#7105,.T.);
#7197 = ORIENTED_EDGE('',*,*,#7198,.T.);
#7198 = EDGE_CURVE('',#7108,#7184,#7199,.T.);
#7199 = LINE('',#7200,#7201);
#7200 = CARTESIAN_POINT('',(-0.8,-0.4,0.77));
#7201 = VECTOR('',#7202,1.);
#7202 = DIRECTION('',(1.,0.,0.));
#7203 = PLANE('',#7204);
#7204 = AXIS2_PLACEMENT_3D('',#7205,#7206,#7207);
#7205 = CARTESIAN_POINT('',(-0.8,-0.4,0.));
#7206 = DIRECTION('',(0.,1.,0.));
#7207 = DIRECTION('',(0.,-0.,1.));
#7208 = ADVANCED_FACE('',(#7209),#7228,.T.);
#7209 = FACE_BOUND('',#7210,.T.);
#7210 = EDGE_LOOP('',(#7211,#7212,#7220,#7227));
#7211 = ORIENTED_EDGE('',*,*,#7115,.T.);
#7212 = ORIENTED_EDGE('',*,*,#7213,.T.);
#7213 = EDGE_CURVE('',#7116,#7214,#7216,.T.);
#7214 = VERTEX_POINT('',#7215);
#7215 = CARTESIAN_POINT('',(-0.5,-0.37,0.));
#7216 = LINE('',#7217,#7218);
#7217 = CARTESIAN_POINT('',(-0.8,-0.37,0.));
#7218 = VECTOR('',#7219,1.);
#7219 = DIRECTION('',(1.,0.,0.));
#7220 = ORIENTED_EDGE('',*,*,#7221,.F.);
#7221 = EDGE_CURVE('',#7182,#7214,#7222,.T.);
#7222 = CIRCLE('',#7223,3.E-02);
#7223 = AXIS2_PLACEMENT_3D('',#7224,#7225,#7226);
#7224 = CARTESIAN_POINT('',(-0.5,-0.37,3.E-02));
#7225 = DIRECTION('',(1.,0.,-0.));
#7226 = DIRECTION('',(0.,0.,1.));
#7227 = ORIENTED_EDGE('',*,*,#7191,.F.);
#7228 = CYLINDRICAL_SURFACE('',#7229,3.E-02);
#7229 = AXIS2_PLACEMENT_3D('',#7230,#7231,#7232);
#7230 = CARTESIAN_POINT('',(-0.8,-0.37,3.E-02));
#7231 = DIRECTION('',(1.,0.,0.));
#7232 = DIRECTION('',(0.,-1.,0.));
#7233 = ADVANCED_FACE('',(#7234),#7253,.T.);
#7234 = FACE_BOUND('',#7235,.T.);
#7235 = EDGE_LOOP('',(#7236,#7237,#7246,#7252));
#7236 = ORIENTED_EDGE('',*,*,#7198,.T.);
#7237 = ORIENTED_EDGE('',*,*,#7238,.T.);
#7238 = EDGE_CURVE('',#7184,#7239,#7241,.T.);
#7239 = VERTEX_POINT('',#7240);
#7240 = CARTESIAN_POINT('',(-0.5,-0.37,0.8));
#7241 = CIRCLE('',#7242,3.E-02);
#7242 = AXIS2_PLACEMENT_3D('',#7243,#7244,#7245);
#7243 = CARTESIAN_POINT('',(-0.5,-0.37,0.77));
#7244 = DIRECTION('',(-1.,0.,0.));
#7245 = DIRECTION('',(0.,0.,1.));
#7246 = ORIENTED_EDGE('',*,*,#7247,.F.);
#7247 = EDGE_CURVE('',#7159,#7239,#7248,.T.);
#7248 = LINE('',#7249,#7250);
#7249 = CARTESIAN_POINT('',(-0.8,-0.37,0.8));
#7250 = VECTOR('',#7251,1.);
#7251 = DIRECTION('',(1.,0.,0.));
#7252 = ORIENTED_EDGE('',*,*,#7166,.F.);
#7253 = CYLINDRICAL_SURFACE('',#7254,3.E-02);
#7254 = AXIS2_PLACEMENT_3D('',#7255,#7256,#7257);
#7255 = CARTESIAN_POINT('',(-0.8,-0.37,0.77));
#7256 = DIRECTION('',(1.,0.,0.));
#7257 = DIRECTION('',(0.,-1.,0.));
#7258 = ADVANCED_FACE('',(#7259),#7277,.F.);
#7259 = FACE_BOUND('',#7260,.F.);
#7260 = EDGE_LOOP('',(#7261,#7262,#7263,#7271));
#7261 = ORIENTED_EDGE('',*,*,#7124,.F.);
#7262 = ORIENTED_EDGE('',*,*,#7213,.T.);
#7263 = ORIENTED_EDGE('',*,*,#7264,.T.);
#7264 = EDGE_CURVE('',#7214,#7265,#7267,.T.);
#7265 = VERTEX_POINT('',#7266);
#7266 = CARTESIAN_POINT('',(-0.5,0.37,0.));
#7267 = LINE('',#7268,#7269);
#7268 = CARTESIAN_POINT('',(-0.5,-0.4,0.));
#7269 = VECTOR('',#7270,1.);
#7270 = DIRECTION('',(0.,1.,0.));
#7271 = ORIENTED_EDGE('',*,*,#7272,.F.);
#7272 = EDGE_CURVE('',#7125,#7265,#7273,.T.);
#7273 = LINE('',#7274,#7275);
#7274 = CARTESIAN_POINT('',(-0.8,0.37,0.));
#7275 = VECTOR('',#7276,1.);
#7276 = DIRECTION('',(1.,0.,0.));
#7277 = PLANE('',#7278);
#7278 = AXIS2_PLACEMENT_3D('',#7279,#7280,#7281);
#7279 = CARTESIAN_POINT('',(-0.8,-0.4,0.));
#7280 = DIRECTION('',(0.,0.,1.));
#7281 = DIRECTION('',(1.,0.,-0.));
#7282 = ADVANCED_FACE('',(#7283),#7301,.T.);
#7283 = FACE_BOUND('',#7284,.T.);
#7284 = EDGE_LOOP('',(#7285,#7286,#7287,#7295));
#7285 = ORIENTED_EDGE('',*,*,#7158,.F.);
#7286 = ORIENTED_EDGE('',*,*,#7247,.T.);
#7287 = ORIENTED_EDGE('',*,*,#7288,.T.);
#7288 = EDGE_CURVE('',#7239,#7289,#7291,.T.);
#7289 = VERTEX_POINT('',#7290);
#7290 = CARTESIAN_POINT('',(-0.5,0.37,0.8));
#7291 = LINE('',#7292,#7293);
#7292 = CARTESIAN_POINT('',(-0.5,-0.4,0.8));
#7293 = VECTOR('',#7294,1.);
#7294 = DIRECTION('',(0.,1.,0.));
#7295 = ORIENTED_EDGE('',*,*,#7296,.F.);
#7296 = EDGE_CURVE('',#7150,#7289,#7297,.T.);
#7297 = LINE('',#7298,#7299);
#7298 = CARTESIAN_POINT('',(-0.8,0.37,0.8));
#7299 = VECTOR('',#7300,1.);
#7300 = DIRECTION('',(1.,0.,0.));
#7301 = PLANE('',#7302);
#7302 = AXIS2_PLACEMENT_3D('',#7303,#7304,#7305);
#7303 = CARTESIAN_POINT('',(-0.8,-0.4,0.8));
#7304 = DIRECTION('',(0.,0.,1.));
#7305 = DIRECTION('',(1.,0.,-0.));
#7306 = ADVANCED_FACE('',(#7307),#7326,.T.);
#7307 = FACE_BOUND('',#7308,.T.);
#7308 = EDGE_LOOP('',(#7309,#7317,#7324,#7325));
#7309 = ORIENTED_EDGE('',*,*,#7310,.T.);
#7310 = EDGE_CURVE('',#7133,#7311,#7313,.T.);
#7311 = VERTEX_POINT('',#7312);
#7312 = CARTESIAN_POINT('',(-0.5,0.4,3.E-02));
#7313 = LINE('',#7314,#7315);
#7314 = CARTESIAN_POINT('',(-0.8,0.4,3.E-02));
#7315 = VECTOR('',#7316,1.);
#7316 = DIRECTION('',(1.,0.,0.));
#7317 = ORIENTED_EDGE('',*,*,#7318,.T.);
#7318 = EDGE_CURVE('',#7311,#7265,#7319,.T.);
#7319 = CIRCLE('',#7320,3.E-02);
#7320 = AXIS2_PLACEMENT_3D('',#7321,#7322,#7323);
#7321 = CARTESIAN_POINT('',(-0.5,0.37,3.E-02));
#7322 = DIRECTION('',(-1.,0.,0.));
#7323 = DIRECTION('',(0.,0.,1.));
#7324 = ORIENTED_EDGE('',*,*,#7272,.F.);
#7325 = ORIENTED_EDGE('',*,*,#7132,.F.);
#7326 = CYLINDRICAL_SURFACE('',#7327,3.E-02);
#7327 = AXIS2_PLACEMENT_3D('',#7328,#7329,#7330);
#7328 = CARTESIAN_POINT('',(-0.8,0.37,3.E-02));
#7329 = DIRECTION('',(1.,0.,0.));
#7330 = DIRECTION('',(-0.,1.,0.));
#7331 = ADVANCED_FACE('',(#7332),#7351,.T.);
#7332 = FACE_BOUND('',#7333,.T.);
#7333 = EDGE_LOOP('',(#7334,#7335,#7336,#7345));
#7334 = ORIENTED_EDGE('',*,*,#7149,.T.);
#7335 = ORIENTED_EDGE('',*,*,#7296,.T.);
#7336 = ORIENTED_EDGE('',*,*,#7337,.F.);
#7337 = EDGE_CURVE('',#7338,#7289,#7340,.T.);
#7338 = VERTEX_POINT('',#7339);
#7339 = CARTESIAN_POINT('',(-0.5,0.4,0.77));
#7340 = CIRCLE('',#7341,3.E-02);
#7341 = AXIS2_PLACEMENT_3D('',#7342,#7343,#7344);
#7342 = CARTESIAN_POINT('',(-0.5,0.37,0.77));
#7343 = DIRECTION('',(1.,0.,-0.));
#7344 = DIRECTION('',(0.,0.,1.));
#7345 = ORIENTED_EDGE('',*,*,#7346,.F.);
#7346 = EDGE_CURVE('',#7142,#7338,#7347,.T.);
#7347 = LINE('',#7348,#7349);
#7348 = CARTESIAN_POINT('',(-0.8,0.4,0.77));
#7349 = VECTOR('',#7350,1.);
#7350 = DIRECTION('',(1.,0.,0.));
#7351 = CYLINDRICAL_SURFACE('',#7352,3.E-02);
#7352 = AXIS2_PLACEMENT_3D('',#7353,#7354,#7355);
#7353 = CARTESIAN_POINT('',(-0.8,0.37,0.77));
#7354 = DIRECTION('',(1.,0.,0.));
#7355 = DIRECTION('',(-0.,1.,0.));
#7356 = ADVANCED_FACE('',(#7357),#7368,.T.);
#7357 = FACE_BOUND('',#7358,.T.);
#7358 = EDGE_LOOP('',(#7359,#7365,#7366,#7367));
#7359 = ORIENTED_EDGE('',*,*,#7360,.F.);
#7360 = EDGE_CURVE('',#7311,#7338,#7361,.T.);
#7361 = LINE('',#7362,#7363);
#7362 = CARTESIAN_POINT('',(-0.5,0.4,0.));
#7363 = VECTOR('',#7364,1.);
#7364 = DIRECTION('',(0.,0.,1.));
#7365 = ORIENTED_EDGE('',*,*,#7310,.F.);
#7366 = ORIENTED_EDGE('',*,*,#7141,.T.);
#7367 = ORIENTED_EDGE('',*,*,#7346,.T.);
#7368 = PLANE('',#7369);
#7369 = AXIS2_PLACEMENT_3D('',#7370,#7371,#7372);
#7370 = CARTESIAN_POINT('',(-0.8,0.4,0.));
#7371 = DIRECTION('',(0.,1.,0.));
#7372 = DIRECTION('',(0.,-0.,1.));
#7373 = ADVANCED_FACE('',(#7374,#7384),#7454,.T.);
#7374 = FACE_BOUND('',#7375,.T.);
#7375 = EDGE_LOOP('',(#7376,#7377,#7378,#7379,#7380,#7381,#7382,#7383));
#7376 = ORIENTED_EDGE('',*,*,#7181,.F.);
#7377 = ORIENTED_EDGE('',*,*,#7221,.T.);
#7378 = ORIENTED_EDGE('',*,*,#7264,.T.);
#7379 = ORIENTED_EDGE('',*,*,#7318,.F.);
#7380 = ORIENTED_EDGE('',*,*,#7360,.T.);
#7381 = ORIENTED_EDGE('',*,*,#7337,.T.);
#7382 = ORIENTED_EDGE('',*,*,#7288,.F.);
#7383 = ORIENTED_EDGE('',*,*,#7238,.F.);
#7384 = FACE_BOUND('',#7385,.T.);
#7385 = EDGE_LOOP('',(#7386,#7397,#7405,#7414,#7422,#7431,#7439,#7448));
#7386 = ORIENTED_EDGE('',*,*,#7387,.F.);
#7387 = EDGE_CURVE('',#7388,#7390,#7392,.T.);
#7388 = VERTEX_POINT('',#7389);
#7389 = CARTESIAN_POINT('',(-0.5,-0.37,6.E-02));
#7390 = VERTEX_POINT('',#7391);
#7391 = CARTESIAN_POINT('',(-0.5,-0.34,3.E-02));
#7392 = CIRCLE('',#7393,3.E-02);
#7393 = AXIS2_PLACEMENT_3D('',#7394,#7395,#7396);
#7394 = CARTESIAN_POINT('',(-0.5,-0.34,6.E-02));
#7395 = DIRECTION('',(1.,0.,-0.));
#7396 = DIRECTION('',(0.,0.,1.));
#7397 = ORIENTED_EDGE('',*,*,#7398,.T.);
#7398 = EDGE_CURVE('',#7388,#7399,#7401,.T.);
#7399 = VERTEX_POINT('',#7400);
#7400 = CARTESIAN_POINT('',(-0.5,-0.37,0.74));
#7401 = LINE('',#7402,#7403);
#7402 = CARTESIAN_POINT('',(-0.5,-0.37,3.E-02));
#7403 = VECTOR('',#7404,1.);
#7404 = DIRECTION('',(0.,0.,1.));
#7405 = ORIENTED_EDGE('',*,*,#7406,.T.);
#7406 = EDGE_CURVE('',#7399,#7407,#7409,.T.);
#7407 = VERTEX_POINT('',#7408);
#7408 = CARTESIAN_POINT('',(-0.5,-0.34,0.77));
#7409 = CIRCLE('',#7410,3.E-02);
#7410 = AXIS2_PLACEMENT_3D('',#7411,#7412,#7413);
#7411 = CARTESIAN_POINT('',(-0.5,-0.34,0.74));
#7412 = DIRECTION('',(-1.,0.,0.));
#7413 = DIRECTION('',(0.,0.,1.));
#7414 = ORIENTED_EDGE('',*,*,#7415,.T.);
#7415 = EDGE_CURVE('',#7407,#7416,#7418,.T.);
#7416 = VERTEX_POINT('',#7417);
#7417 = CARTESIAN_POINT('',(-0.5,0.34,0.77));
#7418 = LINE('',#7419,#7420);
#7419 = CARTESIAN_POINT('',(-0.5,-0.37,0.77));
#7420 = VECTOR('',#7421,1.);
#7421 = DIRECTION('',(0.,1.,0.));
#7422 = ORIENTED_EDGE('',*,*,#7423,.F.);
#7423 = EDGE_CURVE('',#7424,#7416,#7426,.T.);
#7424 = VERTEX_POINT('',#7425);
#7425 = CARTESIAN_POINT('',(-0.5,0.37,0.74));
#7426 = CIRCLE('',#7427,3.E-02);
#7427 = AXIS2_PLACEMENT_3D('',#7428,#7429,#7430);
#7428 = CARTESIAN_POINT('',(-0.5,0.34,0.74));
#7429 = DIRECTION('',(1.,0.,-0.));
#7430 = DIRECTION('',(0.,0.,1.));
#7431 = ORIENTED_EDGE('',*,*,#7432,.F.);
#7432 = EDGE_CURVE('',#7433,#7424,#7435,.T.);
#7433 = VERTEX_POINT('',#7434);
#7434 = CARTESIAN_POINT('',(-0.5,0.37,6.E-02));
#7435 = LINE('',#7436,#7437);
#7436 = CARTESIAN_POINT('',(-0.5,0.37,3.E-02));
#7437 = VECTOR('',#7438,1.);
#7438 = DIRECTION('',(0.,0.,1.));
#7439 = ORIENTED_EDGE('',*,*,#7440,.T.);
#7440 = EDGE_CURVE('',#7433,#7441,#7443,.T.);
#7441 = VERTEX_POINT('',#7442);
#7442 = CARTESIAN_POINT('',(-0.5,0.34,3.E-02));
#7443 = CIRCLE('',#7444,3.E-02);
#7444 = AXIS2_PLACEMENT_3D('',#7445,#7446,#7447);
#7445 = CARTESIAN_POINT('',(-0.5,0.34,6.E-02));
#7446 = DIRECTION('',(-1.,0.,0.));
#7447 = DIRECTION('',(0.,0.,1.));
#7448 = ORIENTED_EDGE('',*,*,#7449,.F.);
#7449 = EDGE_CURVE('',#7390,#7441,#7450,.T.);
#7450 = LINE('',#7451,#7452);
#7451 = CARTESIAN_POINT('',(-0.5,-0.37,3.E-02));
#7452 = VECTOR('',#7453,1.);
#7453 = DIRECTION('',(0.,1.,0.));
#7454 = PLANE('',#7455);
#7455 = AXIS2_PLACEMENT_3D('',#7456,#7457,#7458);
#7456 = CARTESIAN_POINT('',(-0.5,-0.4,0.));
#7457 = DIRECTION('',(1.,0.,0.));
#7458 = DIRECTION('',(0.,0.,1.));
#7459 = ADVANCED_FACE('',(#7460),#7486,.T.);
#7460 = FACE_BOUND('',#7461,.T.);
#7461 = EDGE_LOOP('',(#7462,#7463,#7471,#7480));
#7462 = ORIENTED_EDGE('',*,*,#7387,.T.);
#7463 = ORIENTED_EDGE('',*,*,#7464,.T.);
#7464 = EDGE_CURVE('',#7390,#7465,#7467,.T.);
#7465 = VERTEX_POINT('',#7466);
#7466 = CARTESIAN_POINT('',(0.5,-0.34,3.E-02));
#7467 = LINE('',#7468,#7469);
#7468 = CARTESIAN_POINT('',(-0.5,-0.34,3.E-02));
#7469 = VECTOR('',#7470,1.);
#7470 = DIRECTION('',(1.,0.,0.));
#7471 = ORIENTED_EDGE('',*,*,#7472,.F.);
#7472 = EDGE_CURVE('',#7473,#7465,#7475,.T.);
#7473 = VERTEX_POINT('',#7474);
#7474 = CARTESIAN_POINT('',(0.5,-0.37,6.E-02));
#7475 = CIRCLE('',#7476,3.E-02);
#7476 = AXIS2_PLACEMENT_3D('',#7477,#7478,#7479);
#7477 = CARTESIAN_POINT('',(0.5,-0.34,6.E-02));
#7478 = DIRECTION('',(1.,0.,-0.));
#7479 = DIRECTION('',(0.,0.,1.));
#7480 = ORIENTED_EDGE('',*,*,#7481,.F.);
#7481 = EDGE_CURVE('',#7388,#7473,#7482,.T.);
#7482 = LINE('',#7483,#7484);
#7483 = CARTESIAN_POINT('',(-0.5,-0.37,6.E-02));
#7484 = VECTOR('',#7485,1.);
#7485 = DIRECTION('',(1.,0.,0.));
#7486 = CYLINDRICAL_SURFACE('',#7487,3.E-02);
#7487 = AXIS2_PLACEMENT_3D('',#7488,#7489,#7490);
#7488 = CARTESIAN_POINT('',(-0.5,-0.34,6.E-02));
#7489 = DIRECTION('',(1.,0.,0.));
#7490 = DIRECTION('',(0.,-1.,0.));
#7491 = ADVANCED_FACE('',(#7492),#7510,.F.);
#7492 = FACE_BOUND('',#7493,.F.);
#7493 = EDGE_LOOP('',(#7494,#7495,#7496,#7504));
#7494 = ORIENTED_EDGE('',*,*,#7449,.F.);
#7495 = ORIENTED_EDGE('',*,*,#7464,.T.);
#7496 = ORIENTED_EDGE('',*,*,#7497,.T.);
#7497 = EDGE_CURVE('',#7465,#7498,#7500,.T.);
#7498 = VERTEX_POINT('',#7499);
#7499 = CARTESIAN_POINT('',(0.5,0.34,3.E-02));
#7500 = LINE('',#7501,#7502);
#7501 = CARTESIAN_POINT('',(0.5,-0.37,3.E-02));
#7502 = VECTOR('',#7503,1.);
#7503 = DIRECTION('',(0.,1.,0.));
#7504 = ORIENTED_EDGE('',*,*,#7505,.F.);
#7505 = EDGE_CURVE('',#7441,#7498,#7506,.T.);
#7506 = LINE('',#7507,#7508);
#7507 = CARTESIAN_POINT('',(-0.5,0.34,3.E-02));
#7508 = VECTOR('',#7509,1.);
#7509 = DIRECTION('',(1.,0.,0.));
#7510 = PLANE('',#7511);
#7511 = AXIS2_PLACEMENT_3D('',#7512,#7513,#7514);
#7512 = CARTESIAN_POINT('',(-0.5,-0.37,3.E-02));
#7513 = DIRECTION('',(0.,0.,1.));
#7514 = DIRECTION('',(1.,0.,-0.));
#7515 = ADVANCED_FACE('',(#7516),#7535,.T.);
#7516 = FACE_BOUND('',#7517,.T.);
#7517 = EDGE_LOOP('',(#7518,#7526,#7533,#7534));
#7518 = ORIENTED_EDGE('',*,*,#7519,.T.);
#7519 = EDGE_CURVE('',#7433,#7520,#7522,.T.);
#7520 = VERTEX_POINT('',#7521);
#7521 = CARTESIAN_POINT('',(0.5,0.37,6.E-02));
#7522 = LINE('',#7523,#7524);
#7523 = CARTESIAN_POINT('',(-0.5,0.37,6.E-02));
#7524 = VECTOR('',#7525,1.);
#7525 = DIRECTION('',(1.,0.,0.));
#7526 = ORIENTED_EDGE('',*,*,#7527,.T.);
#7527 = EDGE_CURVE('',#7520,#7498,#7528,.T.);
#7528 = CIRCLE('',#7529,3.E-02);
#7529 = AXIS2_PLACEMENT_3D('',#7530,#7531,#7532);
#7530 = CARTESIAN_POINT('',(0.5,0.34,6.E-02));
#7531 = DIRECTION('',(-1.,0.,0.));
#7532 = DIRECTION('',(0.,0.,1.));
#7533 = ORIENTED_EDGE('',*,*,#7505,.F.);
#7534 = ORIENTED_EDGE('',*,*,#7440,.F.);
#7535 = CYLINDRICAL_SURFACE('',#7536,3.E-02);
#7536 = AXIS2_PLACEMENT_3D('',#7537,#7538,#7539);
#7537 = CARTESIAN_POINT('',(-0.5,0.34,6.E-02));
#7538 = DIRECTION('',(1.,0.,0.));
#7539 = DIRECTION('',(-0.,1.,0.));
#7540 = ADVANCED_FACE('',(#7541),#7559,.T.);
#7541 = FACE_BOUND('',#7542,.T.);
#7542 = EDGE_LOOP('',(#7543,#7551,#7552,#7553));
#7543 = ORIENTED_EDGE('',*,*,#7544,.F.);
#7544 = EDGE_CURVE('',#7520,#7545,#7547,.T.);
#7545 = VERTEX_POINT('',#7546);
#7546 = CARTESIAN_POINT('',(0.5,0.37,0.74));
#7547 = LINE('',#7548,#7549);
#7548 = CARTESIAN_POINT('',(0.5,0.37,3.E-02));
#7549 = VECTOR('',#7550,1.);
#7550 = DIRECTION('',(0.,0.,1.));
#7551 = ORIENTED_EDGE('',*,*,#7519,.F.);
#7552 = ORIENTED_EDGE('',*,*,#7432,.T.);
#7553 = ORIENTED_EDGE('',*,*,#7554,.T.);
#7554 = EDGE_CURVE('',#7424,#7545,#7555,.T.);
#7555 = LINE('',#7556,#7557);
#7556 = CARTESIAN_POINT('',(-0.5,0.37,0.74));
#7557 = VECTOR('',#7558,1.);
#7558 = DIRECTION('',(1.,0.,0.));
#7559 = PLANE('',#7560);
#7560 = AXIS2_PLACEMENT_3D('',#7561,#7562,#7563);
#7561 = CARTESIAN_POINT('',(-0.5,0.37,3.E-02));
#7562 = DIRECTION('',(0.,1.,0.));
#7563 = DIRECTION('',(0.,-0.,1.));
#7564 = ADVANCED_FACE('',(#7565),#7584,.T.);
#7565 = FACE_BOUND('',#7566,.T.);
#7566 = EDGE_LOOP('',(#7567,#7568,#7576,#7583));
#7567 = ORIENTED_EDGE('',*,*,#7423,.T.);
#7568 = ORIENTED_EDGE('',*,*,#7569,.T.);
#7569 = EDGE_CURVE('',#7416,#7570,#7572,.T.);
#7570 = VERTEX_POINT('',#7571);
#7571 = CARTESIAN_POINT('',(0.5,0.34,0.77));
#7572 = LINE('',#7573,#7574);
#7573 = CARTESIAN_POINT('',(-0.5,0.34,0.77));
#7574 = VECTOR('',#7575,1.);
#7575 = DIRECTION('',(1.,0.,0.));
#7576 = ORIENTED_EDGE('',*,*,#7577,.F.);
#7577 = EDGE_CURVE('',#7545,#7570,#7578,.T.);
#7578 = CIRCLE('',#7579,3.E-02);
#7579 = AXIS2_PLACEMENT_3D('',#7580,#7581,#7582);
#7580 = CARTESIAN_POINT('',(0.5,0.34,0.74));
#7581 = DIRECTION('',(1.,0.,-0.));
#7582 = DIRECTION('',(0.,0.,1.));
#7583 = ORIENTED_EDGE('',*,*,#7554,.F.);
#7584 = CYLINDRICAL_SURFACE('',#7585,3.E-02);
#7585 = AXIS2_PLACEMENT_3D('',#7586,#7587,#7588);
#7586 = CARTESIAN_POINT('',(-0.5,0.34,0.74));
#7587 = DIRECTION('',(1.,0.,0.));
#7588 = DIRECTION('',(-0.,1.,0.));
#7589 = ADVANCED_FACE('',(#7590),#7608,.T.);
#7590 = FACE_BOUND('',#7591,.T.);
#7591 = EDGE_LOOP('',(#7592,#7593,#7601,#7607));
#7592 = ORIENTED_EDGE('',*,*,#7415,.F.);
#7593 = ORIENTED_EDGE('',*,*,#7594,.T.);
#7594 = EDGE_CURVE('',#7407,#7595,#7597,.T.);
#7595 = VERTEX_POINT('',#7596);
#7596 = CARTESIAN_POINT('',(0.5,-0.34,0.77));
#7597 = LINE('',#7598,#7599);
#7598 = CARTESIAN_POINT('',(-0.5,-0.34,0.77));
#7599 = VECTOR('',#7600,1.);
#7600 = DIRECTION('',(1.,0.,0.));
#7601 = ORIENTED_EDGE('',*,*,#7602,.T.);
#7602 = EDGE_CURVE('',#7595,#7570,#7603,.T.);
#7603 = LINE('',#7604,#7605);
#7604 = CARTESIAN_POINT('',(0.5,-0.37,0.77));
#7605 = VECTOR('',#7606,1.);
#7606 = DIRECTION('',(0.,1.,0.));
#7607 = ORIENTED_EDGE('',*,*,#7569,.F.);
#7608 = PLANE('',#7609);
#7609 = AXIS2_PLACEMENT_3D('',#7610,#7611,#7612);
#7610 = CARTESIAN_POINT('',(-0.5,-0.37,0.77));
#7611 = DIRECTION('',(0.,0.,1.));
#7612 = DIRECTION('',(1.,0.,-0.));
#7613 = ADVANCED_FACE('',(#7614),#7633,.T.);
#7614 = FACE_BOUND('',#7615,.T.);
#7615 = EDGE_LOOP('',(#7616,#7624,#7631,#7632));
#7616 = ORIENTED_EDGE('',*,*,#7617,.T.);
#7617 = EDGE_CURVE('',#7399,#7618,#7620,.T.);
#7618 = VERTEX_POINT('',#7619);
#7619 = CARTESIAN_POINT('',(0.5,-0.37,0.74));
#7620 = LINE('',#7621,#7622);
#7621 = CARTESIAN_POINT('',(-0.5,-0.37,0.74));
#7622 = VECTOR('',#7623,1.);
#7623 = DIRECTION('',(1.,0.,0.));
#7624 = ORIENTED_EDGE('',*,*,#7625,.T.);
#7625 = EDGE_CURVE('',#7618,#7595,#7626,.T.);
#7626 = CIRCLE('',#7627,3.E-02);
#7627 = AXIS2_PLACEMENT_3D('',#7628,#7629,#7630);
#7628 = CARTESIAN_POINT('',(0.5,-0.34,0.74));
#7629 = DIRECTION('',(-1.,0.,0.));
#7630 = DIRECTION('',(0.,0.,1.));
#7631 = ORIENTED_EDGE('',*,*,#7594,.F.);
#7632 = ORIENTED_EDGE('',*,*,#7406,.F.);
#7633 = CYLINDRICAL_SURFACE('',#7634,3.E-02);
#7634 = AXIS2_PLACEMENT_3D('',#7635,#7636,#7637);
#7635 = CARTESIAN_POINT('',(-0.5,-0.34,0.74));
#7636 = DIRECTION('',(1.,0.,0.));
#7637 = DIRECTION('',(0.,-1.,0.));
#7638 = ADVANCED_FACE('',(#7639),#7650,.F.);
#7639 = FACE_BOUND('',#7640,.F.);
#7640 = EDGE_LOOP('',(#7641,#7647,#7648,#7649));
#7641 = ORIENTED_EDGE('',*,*,#7642,.F.);
#7642 = EDGE_CURVE('',#7473,#7618,#7643,.T.);
#7643 = LINE('',#7644,#7645);
#7644 = CARTESIAN_POINT('',(0.5,-0.37,3.E-02));
#7645 = VECTOR('',#7646,1.);
#7646 = DIRECTION('',(0.,0.,1.));
#7647 = ORIENTED_EDGE('',*,*,#7481,.F.);
#7648 = ORIENTED_EDGE('',*,*,#7398,.T.);
#7649 = ORIENTED_EDGE('',*,*,#7617,.T.);
#7650 = PLANE('',#7651);
#7651 = AXIS2_PLACEMENT_3D('',#7652,#7653,#7654);
#7652 = CARTESIAN_POINT('',(-0.5,-0.37,3.E-02));
#7653 = DIRECTION('',(0.,1.,0.));
#7654 = DIRECTION('',(0.,-0.,1.));
#7655 = ADVANCED_FACE('',(#7656,#7726),#7736,.F.);
#7656 = FACE_BOUND('',#7657,.F.);
#7657 = EDGE_LOOP('',(#7658,#7668,#7677,#7685,#7694,#7702,#7711,#7719));
#7658 = ORIENTED_EDGE('',*,*,#7659,.F.);
#7659 = EDGE_CURVE('',#7660,#7662,#7664,.T.);
#7660 = VERTEX_POINT('',#7661);
#7661 = CARTESIAN_POINT('',(0.5,-0.4,3.E-02));
#7662 = VERTEX_POINT('',#7663);
#7663 = CARTESIAN_POINT('',(0.5,-0.4,0.77));
#7664 = LINE('',#7665,#7666);
#7665 = CARTESIAN_POINT('',(0.5,-0.4,0.));
#7666 = VECTOR('',#7667,1.);
#7667 = DIRECTION('',(0.,0.,1.));
#7668 = ORIENTED_EDGE('',*,*,#7669,.T.);
#7669 = EDGE_CURVE('',#7660,#7670,#7672,.T.);
#7670 = VERTEX_POINT('',#7671);
#7671 = CARTESIAN_POINT('',(0.5,-0.37,0.));
#7672 = CIRCLE('',#7673,3.E-02);
#7673 = AXIS2_PLACEMENT_3D('',#7674,#7675,#7676);
#7674 = CARTESIAN_POINT('',(0.5,-0.37,3.E-02));
#7675 = DIRECTION('',(1.,0.,-0.));
#7676 = DIRECTION('',(0.,0.,1.));
#7677 = ORIENTED_EDGE('',*,*,#7678,.T.);
#7678 = EDGE_CURVE('',#7670,#7679,#7681,.T.);
#7679 = VERTEX_POINT('',#7680);
#7680 = CARTESIAN_POINT('',(0.5,0.37,0.));
#7681 = LINE('',#7682,#7683);
#7682 = CARTESIAN_POINT('',(0.5,-0.4,0.));
#7683 = VECTOR('',#7684,1.);
#7684 = DIRECTION('',(0.,1.,0.));
#7685 = ORIENTED_EDGE('',*,*,#7686,.F.);
#7686 = EDGE_CURVE('',#7687,#7679,#7689,.T.);
#7687 = VERTEX_POINT('',#7688);
#7688 = CARTESIAN_POINT('',(0.5,0.4,3.E-02));
#7689 = CIRCLE('',#7690,3.E-02);
#7690 = AXIS2_PLACEMENT_3D('',#7691,#7692,#7693);
#7691 = CARTESIAN_POINT('',(0.5,0.37,3.E-02));
#7692 = DIRECTION('',(-1.,0.,0.));
#7693 = DIRECTION('',(0.,0.,1.));
#7694 = ORIENTED_EDGE('',*,*,#7695,.T.);
#7695 = EDGE_CURVE('',#7687,#7696,#7698,.T.);
#7696 = VERTEX_POINT('',#7697);
#7697 = CARTESIAN_POINT('',(0.5,0.4,0.77));
#7698 = LINE('',#7699,#7700);
#7699 = CARTESIAN_POINT('',(0.5,0.4,0.));
#7700 = VECTOR('',#7701,1.);
#7701 = DIRECTION('',(0.,0.,1.));
#7702 = ORIENTED_EDGE('',*,*,#7703,.T.);
#7703 = EDGE_CURVE('',#7696,#7704,#7706,.T.);
#7704 = VERTEX_POINT('',#7705);
#7705 = CARTESIAN_POINT('',(0.5,0.37,0.8));
#7706 = CIRCLE('',#7707,3.E-02);
#7707 = AXIS2_PLACEMENT_3D('',#7708,#7709,#7710);
#7708 = CARTESIAN_POINT('',(0.5,0.37,0.77));
#7709 = DIRECTION('',(1.,0.,-0.));
#7710 = DIRECTION('',(0.,0.,1.));
#7711 = ORIENTED_EDGE('',*,*,#7712,.F.);
#7712 = EDGE_CURVE('',#7713,#7704,#7715,.T.);
#7713 = VERTEX_POINT('',#7714);
#7714 = CARTESIAN_POINT('',(0.5,-0.37,0.8));
#7715 = LINE('',#7716,#7717);
#7716 = CARTESIAN_POINT('',(0.5,-0.4,0.8));
#7717 = VECTOR('',#7718,1.);
#7718 = DIRECTION('',(0.,1.,0.));
#7719 = ORIENTED_EDGE('',*,*,#7720,.F.);
#7720 = EDGE_CURVE('',#7662,#7713,#7721,.T.);
#7721 = CIRCLE('',#7722,3.E-02);
#7722 = AXIS2_PLACEMENT_3D('',#7723,#7724,#7725);
#7723 = CARTESIAN_POINT('',(0.5,-0.37,0.77));
#7724 = DIRECTION('',(-1.,0.,0.));
#7725 = DIRECTION('',(0.,0.,1.));
#7726 = FACE_BOUND('',#7727,.F.);
#7727 = EDGE_LOOP('',(#7728,#7729,#7730,#7731,#7732,#7733,#7734,#7735));
#7728 = ORIENTED_EDGE('',*,*,#7472,.F.);
#7729 = ORIENTED_EDGE('',*,*,#7642,.T.);
#7730 = ORIENTED_EDGE('',*,*,#7625,.T.);
#7731 = ORIENTED_EDGE('',*,*,#7602,.T.);
#7732 = ORIENTED_EDGE('',*,*,#7577,.F.);
#7733 = ORIENTED_EDGE('',*,*,#7544,.F.);
#7734 = ORIENTED_EDGE('',*,*,#7527,.T.);
#7735 = ORIENTED_EDGE('',*,*,#7497,.F.);
#7736 = PLANE('',#7737);
#7737 = AXIS2_PLACEMENT_3D('',#7738,#7739,#7740);
#7738 = CARTESIAN_POINT('',(0.5,-0.4,0.));
#7739 = DIRECTION('',(1.,0.,0.));
#7740 = DIRECTION('',(0.,0.,1.));
#7741 = ADVANCED_FACE('',(#7742),#7767,.F.);
#7742 = FACE_BOUND('',#7743,.F.);
#7743 = EDGE_LOOP('',(#7744,#7754,#7760,#7761));
#7744 = ORIENTED_EDGE('',*,*,#7745,.F.);
#7745 = EDGE_CURVE('',#7746,#7748,#7750,.T.);
#7746 = VERTEX_POINT('',#7747);
#7747 = CARTESIAN_POINT('',(0.8,-0.4,3.E-02));
#7748 = VERTEX_POINT('',#7749);
#7749 = CARTESIAN_POINT('',(0.8,-0.4,0.77));
#7750 = LINE('',#7751,#7752);
#7751 = CARTESIAN_POINT('',(0.8,-0.4,0.));
#7752 = VECTOR('',#7753,1.);
#7753 = DIRECTION('',(0.,0.,1.));
#7754 = ORIENTED_EDGE('',*,*,#7755,.F.);
#7755 = EDGE_CURVE('',#7660,#7746,#7756,.T.);
#7756 = LINE('',#7757,#7758);
#7757 = CARTESIAN_POINT('',(0.5,-0.4,3.E-02));
#7758 = VECTOR('',#7759,1.);
#7759 = DIRECTION('',(1.,0.,0.));
#7760 = ORIENTED_EDGE('',*,*,#7659,.T.);
#7761 = ORIENTED_EDGE('',*,*,#7762,.T.);
#7762 = EDGE_CURVE('',#7662,#7748,#7763,.T.);
#7763 = LINE('',#7764,#7765);
#7764 = CARTESIAN_POINT('',(0.5,-0.4,0.77));
#7765 = VECTOR('',#7766,1.);
#7766 = DIRECTION('',(1.,0.,0.));
#7767 = PLANE('',#7768);
#7768 = AXIS2_PLACEMENT_3D('',#7769,#7770,#7771);
#7769 = CARTESIAN_POINT('',(0.5,-0.4,0.));
#7770 = DIRECTION('',(0.,1.,0.));
#7771 = DIRECTION('',(0.,-0.,1.));
#7772 = ADVANCED_FACE('',(#7773),#7792,.T.);
#7773 = FACE_BOUND('',#7774,.T.);
#7774 = EDGE_LOOP('',(#7775,#7776,#7784,#7791));
#7775 = ORIENTED_EDGE('',*,*,#7669,.T.);
#7776 = ORIENTED_EDGE('',*,*,#7777,.T.);
#7777 = EDGE_CURVE('',#7670,#7778,#7780,.T.);
#7778 = VERTEX_POINT('',#7779);
#7779 = CARTESIAN_POINT('',(0.8,-0.37,0.));
#7780 = LINE('',#7781,#7782);
#7781 = CARTESIAN_POINT('',(0.5,-0.37,0.));
#7782 = VECTOR('',#7783,1.);
#7783 = DIRECTION('',(1.,0.,0.));
#7784 = ORIENTED_EDGE('',*,*,#7785,.F.);
#7785 = EDGE_CURVE('',#7746,#7778,#7786,.T.);
#7786 = CIRCLE('',#7787,3.E-02);
#7787 = AXIS2_PLACEMENT_3D('',#7788,#7789,#7790);
#7788 = CARTESIAN_POINT('',(0.8,-0.37,3.E-02));
#7789 = DIRECTION('',(1.,0.,-0.));
#7790 = DIRECTION('',(0.,0.,1.));
#7791 = ORIENTED_EDGE('',*,*,#7755,.F.);
#7792 = CYLINDRICAL_SURFACE('',#7793,3.E-02);
#7793 = AXIS2_PLACEMENT_3D('',#7794,#7795,#7796);
#7794 = CARTESIAN_POINT('',(0.5,-0.37,3.E-02));
#7795 = DIRECTION('',(1.,0.,0.));
#7796 = DIRECTION('',(0.,-1.,0.));
#7797 = ADVANCED_FACE('',(#7798),#7817,.T.);
#7798 = FACE_BOUND('',#7799,.T.);
#7799 = EDGE_LOOP('',(#7800,#7801,#7810,#7816));
#7800 = ORIENTED_EDGE('',*,*,#7762,.T.);
#7801 = ORIENTED_EDGE('',*,*,#7802,.T.);
#7802 = EDGE_CURVE('',#7748,#7803,#7805,.T.);
#7803 = VERTEX_POINT('',#7804);
#7804 = CARTESIAN_POINT('',(0.8,-0.37,0.8));
#7805 = CIRCLE('',#7806,3.E-02);
#7806 = AXIS2_PLACEMENT_3D('',#7807,#7808,#7809);
#7807 = CARTESIAN_POINT('',(0.8,-0.37,0.77));
#7808 = DIRECTION('',(-1.,0.,0.));
#7809 = DIRECTION('',(0.,0.,1.));
#7810 = ORIENTED_EDGE('',*,*,#7811,.F.);
#7811 = EDGE_CURVE('',#7713,#7803,#7812,.T.);
#7812 = LINE('',#7813,#7814);
#7813 = CARTESIAN_POINT('',(0.5,-0.37,0.8));
#7814 = VECTOR('',#7815,1.);
#7815 = DIRECTION('',(1.,0.,0.));
#7816 = ORIENTED_EDGE('',*,*,#7720,.F.);
#7817 = CYLINDRICAL_SURFACE('',#7818,3.E-02);
#7818 = AXIS2_PLACEMENT_3D('',#7819,#7820,#7821);
#7819 = CARTESIAN_POINT('',(0.5,-0.37,0.77));
#7820 = DIRECTION('',(1.,0.,0.));
#7821 = DIRECTION('',(0.,-1.,0.));
#7822 = ADVANCED_FACE('',(#7823),#7841,.F.);
#7823 = FACE_BOUND('',#7824,.F.);
#7824 = EDGE_LOOP('',(#7825,#7826,#7827,#7835));
#7825 = ORIENTED_EDGE('',*,*,#7678,.F.);
#7826 = ORIENTED_EDGE('',*,*,#7777,.T.);
#7827 = ORIENTED_EDGE('',*,*,#7828,.T.);
#7828 = EDGE_CURVE('',#7778,#7829,#7831,.T.);
#7829 = VERTEX_POINT('',#7830);
#7830 = CARTESIAN_POINT('',(0.8,0.37,0.));
#7831 = LINE('',#7832,#7833);
#7832 = CARTESIAN_POINT('',(0.8,-0.4,0.));
#7833 = VECTOR('',#7834,1.);
#7834 = DIRECTION('',(0.,1.,0.));
#7835 = ORIENTED_EDGE('',*,*,#7836,.F.);
#7836 = EDGE_CURVE('',#7679,#7829,#7837,.T.);
#7837 = LINE('',#7838,#7839);
#7838 = CARTESIAN_POINT('',(0.5,0.37,0.));
#7839 = VECTOR('',#7840,1.);
#7840 = DIRECTION('',(1.,0.,0.));
#7841 = PLANE('',#7842);
#7842 = AXIS2_PLACEMENT_3D('',#7843,#7844,#7845);
#7843 = CARTESIAN_POINT('',(0.5,-0.4,0.));
#7844 = DIRECTION('',(0.,0.,1.));
#7845 = DIRECTION('',(1.,0.,-0.));
#7846 = ADVANCED_FACE('',(#7847),#7865,.T.);
#7847 = FACE_BOUND('',#7848,.T.);
#7848 = EDGE_LOOP('',(#7849,#7850,#7851,#7859));
#7849 = ORIENTED_EDGE('',*,*,#7712,.F.);
#7850 = ORIENTED_EDGE('',*,*,#7811,.T.);
#7851 = ORIENTED_EDGE('',*,*,#7852,.T.);
#7852 = EDGE_CURVE('',#7803,#7853,#7855,.T.);
#7853 = VERTEX_POINT('',#7854);
#7854 = CARTESIAN_POINT('',(0.8,0.37,0.8));
#7855 = LINE('',#7856,#7857);
#7856 = CARTESIAN_POINT('',(0.8,-0.4,0.8));
#7857 = VECTOR('',#7858,1.);
#7858 = DIRECTION('',(0.,1.,0.));
#7859 = ORIENTED_EDGE('',*,*,#7860,.F.);
#7860 = EDGE_CURVE('',#7704,#7853,#7861,.T.);
#7861 = LINE('',#7862,#7863);
#7862 = CARTESIAN_POINT('',(0.5,0.37,0.8));
#7863 = VECTOR('',#7864,1.);
#7864 = DIRECTION('',(1.,0.,0.));
#7865 = PLANE('',#7866);
#7866 = AXIS2_PLACEMENT_3D('',#7867,#7868,#7869);
#7867 = CARTESIAN_POINT('',(0.5,-0.4,0.8));
#7868 = DIRECTION('',(0.,0.,1.));
#7869 = DIRECTION('',(1.,0.,-0.));
#7870 = ADVANCED_FACE('',(#7871),#7890,.T.);
#7871 = FACE_BOUND('',#7872,.T.);
#7872 = EDGE_LOOP('',(#7873,#7881,#7888,#7889));
#7873 = ORIENTED_EDGE('',*,*,#7874,.T.);
#7874 = EDGE_CURVE('',#7687,#7875,#7877,.T.);
#7875 = VERTEX_POINT('',#7876);
#7876 = CARTESIAN_POINT('',(0.8,0.4,3.E-02));
#7877 = LINE('',#7878,#7879);
#7878 = CARTESIAN_POINT('',(0.5,0.4,3.E-02));
#7879 = VECTOR('',#7880,1.);
#7880 = DIRECTION('',(1.,0.,0.));
#7881 = ORIENTED_EDGE('',*,*,#7882,.T.);
#7882 = EDGE_CURVE('',#7875,#7829,#7883,.T.);
#7883 = CIRCLE('',#7884,3.E-02);
#7884 = AXIS2_PLACEMENT_3D('',#7885,#7886,#7887);
#7885 = CARTESIAN_POINT('',(0.8,0.37,3.E-02));
#7886 = DIRECTION('',(-1.,0.,0.));
#7887 = DIRECTION('',(0.,0.,1.));
#7888 = ORIENTED_EDGE('',*,*,#7836,.F.);
#7889 = ORIENTED_EDGE('',*,*,#7686,.F.);
#7890 = CYLINDRICAL_SURFACE('',#7891,3.E-02);
#7891 = AXIS2_PLACEMENT_3D('',#7892,#7893,#7894);
#7892 = CARTESIAN_POINT('',(0.5,0.37,3.E-02));
#7893 = DIRECTION('',(1.,0.,0.));
#7894 = DIRECTION('',(-0.,1.,0.));
#7895 = ADVANCED_FACE('',(#7896),#7915,.T.);
#7896 = FACE_BOUND('',#7897,.T.);
#7897 = EDGE_LOOP('',(#7898,#7899,#7900,#7909));
#7898 = ORIENTED_EDGE('',*,*,#7703,.T.);
#7899 = ORIENTED_EDGE('',*,*,#7860,.T.);
#7900 = ORIENTED_EDGE('',*,*,#7901,.F.);
#7901 = EDGE_CURVE('',#7902,#7853,#7904,.T.);
#7902 = VERTEX_POINT('',#7903);
#7903 = CARTESIAN_POINT('',(0.8,0.4,0.77));
#7904 = CIRCLE('',#7905,3.E-02);
#7905 = AXIS2_PLACEMENT_3D('',#7906,#7907,#7908);
#7906 = CARTESIAN_POINT('',(0.8,0.37,0.77));
#7907 = DIRECTION('',(1.,0.,-0.));
#7908 = DIRECTION('',(0.,0.,1.));
#7909 = ORIENTED_EDGE('',*,*,#7910,.F.);
#7910 = EDGE_CURVE('',#7696,#7902,#7911,.T.);
#7911 = LINE('',#7912,#7913);
#7912 = CARTESIAN_POINT('',(0.5,0.4,0.77));
#7913 = VECTOR('',#7914,1.);
#7914 = DIRECTION('',(1.,0.,0.));
#7915 = CYLINDRICAL_SURFACE('',#7916,3.E-02);
#7916 = AXIS2_PLACEMENT_3D('',#7917,#7918,#7919);
#7917 = CARTESIAN_POINT('',(0.5,0.37,0.77));
#7918 = DIRECTION('',(1.,0.,0.));
#7919 = DIRECTION('',(-0.,1.,0.));
#7920 = ADVANCED_FACE('',(#7921),#7932,.T.);
#7921 = FACE_BOUND('',#7922,.T.);
#7922 = EDGE_LOOP('',(#7923,#7929,#7930,#7931));
#7923 = ORIENTED_EDGE('',*,*,#7924,.F.);
#7924 = EDGE_CURVE('',#7875,#7902,#7925,.T.);
#7925 = LINE('',#7926,#7927);
#7926 = CARTESIAN_POINT('',(0.8,0.4,0.));
#7927 = VECTOR('',#7928,1.);
#7928 = DIRECTION('',(0.,0.,1.));
#7929 = ORIENTED_EDGE('',*,*,#7874,.F.);
#7930 = ORIENTED_EDGE('',*,*,#7695,.T.);
#7931 = ORIENTED_EDGE('',*,*,#7910,.T.);
#7932 = PLANE('',#7933);
#7933 = AXIS2_PLACEMENT_3D('',#7934,#7935,#7936);
#7934 = CARTESIAN_POINT('',(0.5,0.4,0.));
#7935 = DIRECTION('',(0.,1.,0.));
#7936 = DIRECTION('',(0.,-0.,1.));
#7937 = ADVANCED_FACE('',(#7938),#7948,.T.);
#7938 = FACE_BOUND('',#7939,.T.);
#7939 = EDGE_LOOP('',(#7940,#7941,#7942,#7943,#7944,#7945,#7946,#7947));
#7940 = ORIENTED_EDGE('',*,*,#7745,.F.);
#7941 = ORIENTED_EDGE('',*,*,#7785,.T.);
#7942 = ORIENTED_EDGE('',*,*,#7828,.T.);
#7943 = ORIENTED_EDGE('',*,*,#7882,.F.);
#7944 = ORIENTED_EDGE('',*,*,#7924,.T.);
#7945 = ORIENTED_EDGE('',*,*,#7901,.T.);
#7946 = ORIENTED_EDGE('',*,*,#7852,.F.);
#7947 = ORIENTED_EDGE('',*,*,#7802,.F.);
#7948 = PLANE('',#7949);
#7949 = AXIS2_PLACEMENT_3D('',#7950,#7951,#7952);
#7950 = CARTESIAN_POINT('',(0.8,-0.4,0.));
#7951 = DIRECTION('',(1.,0.,0.));
#7952 = DIRECTION('',(0.,0.,1.));
#7953 = ( GEOMETRIC_REPRESENTATION_CONTEXT(3) 
GLOBAL_UNCERTAINTY_ASSIGNED_CONTEXT((#7957)) 
GLOBAL_UNIT_ASSIGNED_CONTEXT((#7954,#7955,#7956)) REPRESENTATION_CONTEXT
('Context #1','3D Context with UNIT and UNCERTAINTY') );
#7954 = ( LENGTH_UNIT() NAMED_UNIT(*) SI_UNIT(.MILLI.,.METRE.) );
#7955 = ( NAMED_UNIT(*) PLANE_ANGLE_UNIT() SI_UNIT($,.RADIAN.) );
#7956 = ( NAMED_UNIT(*) SI_UNIT($,.STERADIAN.) SOLID_ANGLE_UNIT() );
#7957 = UNCERTAINTY_MEASURE_WITH_UNIT(LENGTH_MEASURE(1.E-07),#7954,
  'distance_accuracy_value','confusion accuracy');
#7958 = CONTEXT_DEPENDENT_SHAPE_REPRESENTATION(#7959,#7961);
#7959 = ( REPRESENTATION_RELATIONSHIP('','',#7098,#10) 
REPRESENTATION_RELATIONSHIP_WITH_TRANSFORMATION(#7960) 
SHAPE_REPRESENTATION_RELATIONSHIP() );
#7960 = ITEM_DEFINED_TRANSFORMATION('','',#11,#47);
#7961 = PRODUCT_DEFINITION_SHAPE('Placement','Placement of an item',
  #7962);
#7962 = NEXT_ASSEMBLY_USAGE_OCCURRENCE('9','C1','',#5,#7093,$);
#7963 = PRODUCT_RELATED_PRODUCT_CATEGORY('part',$,(#7095));
#7964 = CONTEXT_DEPENDENT_SHAPE_REPRESENTATION(#7965,#7967);
#7965 = ( REPRESENTATION_RELATIONSHIP('','',#3953,#10) 
REPRESENTATION_RELATIONSHIP_WITH_TRANSFORMATION(#7966) 
SHAPE_REPRESENTATION_RELATIONSHIP() );
#7966 = ITEM_DEFINED_TRANSFORMATION('','',#11,#51);
#7967 = PRODUCT_DEFINITION_SHAPE('Placement','Placement of an item',
  #7968);
#7968 = NEXT_ASSEMBLY_USAGE_OCCURRENCE('10','C3','',#5,#3948,$);
#7969 = SHAPE_DEFINITION_REPRESENTATION(#7970,#7976);
#7970 = PRODUCT_DEFINITION_SHAPE('','',#7971);
#7971 = PRODUCT_DEFINITION('design','',#7972,#7975);
#7972 = PRODUCT_DEFINITION_FORMATION('','',#7973);
#7973 = PRODUCT('TO-252-2','TO-252-2','',(#7974));
#7974 = PRODUCT_CONTEXT('',#2,'mechanical');
#7975 = PRODUCT_DEFINITION_CONTEXT('part definition',#2,'design');
#7976 = SHAPE_REPRESENTATION('',(#11,#7977),#7981);
#7977 = AXIS2_PLACEMENT_3D('',#7978,#7979,#7980);
#7978 = CARTESIAN_POINT('',(0.,0.,0.));
#7979 = DIRECTION('',(0.,0.,1.));
#7980 = DIRECTION('',(1.,0.,0.));
#7981 = ( GEOMETRIC_REPRESENTATION_CONTEXT(3) 
GLOBAL_UNCERTAINTY_ASSIGNED_CONTEXT((#7985)) 
GLOBAL_UNIT_ASSIGNED_CONTEXT((#7982,#7983,#7984)) REPRESENTATION_CONTEXT
('Context #1','3D Context with UNIT and UNCERTAINTY') );
#7982 = ( LENGTH_UNIT() NAMED_UNIT(*) SI_UNIT(.MILLI.,.METRE.) );
#7983 = ( NAMED_UNIT(*) PLANE_ANGLE_UNIT() SI_UNIT($,.RADIAN.) );
#7984 = ( NAMED_UNIT(*) SI_UNIT($,.STERADIAN.) SOLID_ANGLE_UNIT() );
#7985 = UNCERTAINTY_MEASURE_WITH_UNIT(LENGTH_MEASURE(1.E-07),#7982,
  'distance_accuracy_value','confusion accuracy');
#7986 = CONTEXT_DEPENDENT_SHAPE_REPRESENTATION(#7987,#7989);
#7987 = ( REPRESENTATION_RELATIONSHIP('','',#7976,#10) 
REPRESENTATION_RELATIONSHIP_WITH_TRANSFORMATION(#7988) 
SHAPE_REPRESENTATION_RELATIONSHIP() );
#7988 = ITEM_DEFINED_TRANSFORMATION('','',#11,#55);
#7989 = PRODUCT_DEFINITION_SHAPE('Placement','Placement of an item',
  #7990);
#7990 = NEXT_ASSEMBLY_USAGE_OCCURRENCE('12','U1','',#5,#7971,$);
#7991 = PRODUCT_RELATED_PRODUCT_CATEGORY('part',$,(#7973));
#7992 = SHAPE_DEFINITION_REPRESENTATION(#7993,#7999);
#7993 = PRODUCT_DEFINITION_SHAPE('','',#7994);
#7994 = PRODUCT_DEFINITION('design','',#7995,#7998);
#7995 = PRODUCT_DEFINITION_FORMATION('','',#7996);
#7996 = PRODUCT('LM317_Regulator 1.11.1','LM317_Regulator 1.11.1','',(
    #7997));
#7997 = PRODUCT_CONTEXT('',#2,'mechanical');
#7998 = PRODUCT_DEFINITION_CONTEXT('part definition',#2,'design');
#7999 = SHAPE_REPRESENTATION('',(#11,#8000,#8342,#8830,#9520,#9802),
  #10492);
#8000 = MANIFOLD_SOLID_BREP('',#8001);
#8001 = CLOSED_SHELL('',(#8002,#8042,#8089,#8113,#8144,#8184,#8208,#8225
    ,#8256,#8268,#8296,#8308,#8333));
#8002 = ADVANCED_FACE('',(#8003),#8037,.F.);
#8003 = FACE_BOUND('',#8004,.F.);
#8004 = EDGE_LOOP('',(#8005,#8015,#8023,#8031));
#8005 = ORIENTED_EDGE('',*,*,#8006,.T.);
#8006 = EDGE_CURVE('',#8007,#8009,#8011,.T.);
#8007 = VERTEX_POINT('',#8008);
#8008 = CARTESIAN_POINT('',(-3.11,3.25,0.9));
#8009 = VERTEX_POINT('',#8010);
#8010 = CARTESIAN_POINT('',(-3.11,3.25,0.92));
#8011 = LINE('',#8012,#8013);
#8012 = CARTESIAN_POINT('',(-3.11,3.25,2.E-02));
#8013 = VECTOR('',#8014,1.);
#8014 = DIRECTION('',(0.,0.,1.));
#8015 = ORIENTED_EDGE('',*,*,#8016,.T.);
#8016 = EDGE_CURVE('',#8009,#8017,#8019,.T.);
#8017 = VERTEX_POINT('',#8018);
#8018 = CARTESIAN_POINT('',(-3.11,-3.25,0.92));
#8019 = LINE('',#8020,#8021);
#8020 = CARTESIAN_POINT('',(-3.11,3.25,0.92));
#8021 = VECTOR('',#8022,1.);
#8022 = DIRECTION('',(0.,-1.,0.));
#8023 = ORIENTED_EDGE('',*,*,#8024,.F.);
#8024 = EDGE_CURVE('',#8025,#8017,#8027,.T.);
#8025 = VERTEX_POINT('',#8026);
#8026 = CARTESIAN_POINT('',(-3.11,-3.25,0.9));
#8027 = LINE('',#8028,#8029);
#8028 = CARTESIAN_POINT('',(-3.11,-3.25,2.E-02));
#8029 = VECTOR('',#8030,1.);
#8030 = DIRECTION('',(0.,0.,1.));
#8031 = ORIENTED_EDGE('',*,*,#8032,.F.);
#8032 = EDGE_CURVE('',#8007,#8025,#8033,.T.);
#8033 = LINE('',#8034,#8035);
#8034 = CARTESIAN_POINT('',(-3.11,3.25,0.9));
#8035 = VECTOR('',#8036,1.);
#8036 = DIRECTION('',(0.,-1.,0.));
#8037 = PLANE('',#8038);
#8038 = AXIS2_PLACEMENT_3D('',#8039,#8040,#8041);
#8039 = CARTESIAN_POINT('',(-3.11,3.25,2.E-02));
#8040 = DIRECTION('',(1.,0.,0.));
#8041 = DIRECTION('',(0.,-1.,0.));
#8042 = ADVANCED_FACE('',(#8043),#8084,.F.);
#8043 = FACE_BOUND('',#8044,.F.);
#8044 = EDGE_LOOP('',(#8045,#8046,#8054,#8062,#8070,#8078));
#8045 = ORIENTED_EDGE('',*,*,#8006,.F.);
#8046 = ORIENTED_EDGE('',*,*,#8047,.T.);
#8047 = EDGE_CURVE('',#8007,#8048,#8050,.T.);
#8048 = VERTEX_POINT('',#8049);
#8049 = CARTESIAN_POINT('',(-2.91,3.25,2.E-02));
#8050 = LINE('',#8051,#8052);
#8051 = CARTESIAN_POINT('',(-2.812161100196,3.25,-0.410491159136));
#8052 = VECTOR('',#8053,1.);
#8053 = DIRECTION('',(0.221621103589,0.,-0.975132855791));
#8054 = ORIENTED_EDGE('',*,*,#8055,.F.);
#8055 = EDGE_CURVE('',#8056,#8048,#8058,.T.);
#8056 = VERTEX_POINT('',#8057);
#8057 = CARTESIAN_POINT('',(3.11,3.25,2.E-02));
#8058 = LINE('',#8059,#8060);
#8059 = CARTESIAN_POINT('',(3.11,3.25,2.E-02));
#8060 = VECTOR('',#8061,1.);
#8061 = DIRECTION('',(-1.,0.,0.));
#8062 = ORIENTED_EDGE('',*,*,#8063,.T.);
#8063 = EDGE_CURVE('',#8056,#8064,#8066,.T.);
#8064 = VERTEX_POINT('',#8065);
#8065 = CARTESIAN_POINT('',(3.11,3.25,0.52));
#8066 = LINE('',#8067,#8068);
#8067 = CARTESIAN_POINT('',(3.11,3.25,2.E-02));
#8068 = VECTOR('',#8069,1.);
#8069 = DIRECTION('',(0.,0.,1.));
#8070 = ORIENTED_EDGE('',*,*,#8071,.T.);
#8071 = EDGE_CURVE('',#8064,#8072,#8074,.T.);
#8072 = VERTEX_POINT('',#8073);
#8073 = CARTESIAN_POINT('',(2.998888888889,3.25,0.92));
#8074 = LINE('',#8075,#8076);
#8075 = CARTESIAN_POINT('',(3.04946991404,3.25,0.737908309456));
#8076 = VECTOR('',#8077,1.);
#8077 = DIRECTION('',(-0.267643863786,0.,0.96351790963));
#8078 = ORIENTED_EDGE('',*,*,#8079,.T.);
#8079 = EDGE_CURVE('',#8072,#8009,#8080,.T.);
#8080 = LINE('',#8081,#8082);
#8081 = CARTESIAN_POINT('',(2.61,3.25,0.92));
#8082 = VECTOR('',#8083,1.);
#8083 = DIRECTION('',(-1.,0.,0.));
#8084 = PLANE('',#8085);
#8085 = AXIS2_PLACEMENT_3D('',#8086,#8087,#8088);
#8086 = CARTESIAN_POINT('',(3.11,3.25,2.E-02));
#8087 = DIRECTION('',(0.,-1.,0.));
#8088 = DIRECTION('',(-1.,0.,0.));
#8089 = ADVANCED_FACE('',(#8090),#8108,.T.);
#8090 = FACE_BOUND('',#8091,.F.);
#8091 = EDGE_LOOP('',(#8092,#8093,#8094,#8102));
#8092 = ORIENTED_EDGE('',*,*,#8047,.F.);
#8093 = ORIENTED_EDGE('',*,*,#8032,.T.);
#8094 = ORIENTED_EDGE('',*,*,#8095,.T.);
#8095 = EDGE_CURVE('',#8025,#8096,#8098,.T.);
#8096 = VERTEX_POINT('',#8097);
#8097 = CARTESIAN_POINT('',(-2.91,-3.25,2.E-02));
#8098 = LINE('',#8099,#8100);
#8099 = CARTESIAN_POINT('',(-2.964911591356,-3.25,0.261611001965));
#8100 = VECTOR('',#8101,1.);
#8101 = DIRECTION('',(0.221621103589,0.,-0.975132855791));
#8102 = ORIENTED_EDGE('',*,*,#8103,.F.);
#8103 = EDGE_CURVE('',#8048,#8096,#8104,.T.);
#8104 = LINE('',#8105,#8106);
#8105 = CARTESIAN_POINT('',(-2.91,3.25,2.E-02));
#8106 = VECTOR('',#8107,1.);
#8107 = DIRECTION('',(0.,-1.,0.));
#8108 = PLANE('',#8109);
#8109 = AXIS2_PLACEMENT_3D('',#8110,#8111,#8112);
#8110 = CARTESIAN_POINT('',(-3.01,3.25,0.46));
#8111 = DIRECTION('',(-0.975132855791,0.,-0.221621103589));
#8112 = DIRECTION('',(0.,1.,0.));
#8113 = ADVANCED_FACE('',(#8114),#8139,.F.);
#8114 = FACE_BOUND('',#8115,.F.);
#8115 = EDGE_LOOP('',(#8116,#8126,#8132,#8133));
#8116 = ORIENTED_EDGE('',*,*,#8117,.T.);
#8117 = EDGE_CURVE('',#8118,#8120,#8122,.T.);
#8118 = VERTEX_POINT('',#8119);
#8119 = CARTESIAN_POINT('',(-2.61,2.75,2.32));
#8120 = VERTEX_POINT('',#8121);
#8121 = CARTESIAN_POINT('',(-2.61,-2.75,2.32));
#8122 = LINE('',#8123,#8124);
#8123 = CARTESIAN_POINT('',(-2.61,3.25,2.32));
#8124 = VECTOR('',#8125,1.);
#8125 = DIRECTION('',(0.,-1.,0.));
#8126 = ORIENTED_EDGE('',*,*,#8127,.T.);
#8127 = EDGE_CURVE('',#8120,#8017,#8128,.T.);
#8128 = LINE('',#8129,#8130);
#8129 = CARTESIAN_POINT('',(-2.529715447154,-2.669715447154,
    2.544796747967));
#8130 = VECTOR('',#8131,1.);
#8131 = DIRECTION('',(-0.318788356532,-0.318788356532,-0.892607398289));
#8132 = ORIENTED_EDGE('',*,*,#8016,.F.);
#8133 = ORIENTED_EDGE('',*,*,#8134,.F.);
#8134 = EDGE_CURVE('',#8118,#8009,#8135,.T.);
#8135 = LINE('',#8136,#8137);
#8136 = CARTESIAN_POINT('',(-2.594756097561,2.734756097561,
    2.362682926829));
#8137 = VECTOR('',#8138,1.);
#8138 = DIRECTION('',(-0.318788356532,0.318788356532,-0.892607398289));
#8139 = PLANE('',#8140);
#8140 = AXIS2_PLACEMENT_3D('',#8141,#8142,#8143);
#8141 = CARTESIAN_POINT('',(-2.86,3.25,1.62));
#8142 = DIRECTION('',(0.941741911595,7.015149670815E-18,-0.336336396998)
  );
#8143 = DIRECTION('',(6.606460461117E-18,-1.,-2.359450164685E-18));
#8144 = ADVANCED_FACE('',(#8145),#8179,.F.);
#8145 = FACE_BOUND('',#8146,.F.);
#8146 = EDGE_LOOP('',(#8147,#8148,#8156,#8164,#8172,#8178));
#8147 = ORIENTED_EDGE('',*,*,#8024,.T.);
#8148 = ORIENTED_EDGE('',*,*,#8149,.T.);
#8149 = EDGE_CURVE('',#8017,#8150,#8152,.T.);
#8150 = VERTEX_POINT('',#8151);
#8151 = CARTESIAN_POINT('',(2.998888888889,-3.25,0.92));
#8152 = LINE('',#8153,#8154);
#8153 = CARTESIAN_POINT('',(-2.61,-3.25,0.92));
#8154 = VECTOR('',#8155,1.);
#8155 = DIRECTION('',(1.,0.,0.));
#8156 = ORIENTED_EDGE('',*,*,#8157,.F.);
#8157 = EDGE_CURVE('',#8158,#8150,#8160,.T.);
#8158 = VERTEX_POINT('',#8159);
#8159 = CARTESIAN_POINT('',(3.11,-3.25,0.52));
#8160 = LINE('',#8161,#8162);
#8161 = CARTESIAN_POINT('',(2.826690544413,-3.25,1.539914040115));
#8162 = VECTOR('',#8163,1.);
#8163 = DIRECTION('',(-0.267643863786,0.,0.96351790963));
#8164 = ORIENTED_EDGE('',*,*,#8165,.F.);
#8165 = EDGE_CURVE('',#8166,#8158,#8168,.T.);
#8166 = VERTEX_POINT('',#8167);
#8167 = CARTESIAN_POINT('',(3.11,-3.25,2.E-02));
#8168 = LINE('',#8169,#8170);
#8169 = CARTESIAN_POINT('',(3.11,-3.25,2.E-02));
#8170 = VECTOR('',#8171,1.);
#8171 = DIRECTION('',(0.,0.,1.));
#8172 = ORIENTED_EDGE('',*,*,#8173,.F.);
#8173 = EDGE_CURVE('',#8096,#8166,#8174,.T.);
#8174 = LINE('',#8175,#8176);
#8175 = CARTESIAN_POINT('',(-3.11,-3.25,2.E-02));
#8176 = VECTOR('',#8177,1.);
#8177 = DIRECTION('',(1.,0.,0.));
#8178 = ORIENTED_EDGE('',*,*,#8095,.F.);
#8179 = PLANE('',#8180);
#8180 = AXIS2_PLACEMENT_3D('',#8181,#8182,#8183);
#8181 = CARTESIAN_POINT('',(-3.11,-3.25,2.E-02));
#8182 = DIRECTION('',(0.,1.,0.));
#8183 = DIRECTION('',(1.,0.,0.));
#8184 = ADVANCED_FACE('',(#8185),#8203,.F.);
#8185 = FACE_BOUND('',#8186,.F.);
#8186 = EDGE_LOOP('',(#8187,#8195,#8201,#8202));
#8187 = ORIENTED_EDGE('',*,*,#8188,.F.);
#8188 = EDGE_CURVE('',#8189,#8072,#8191,.T.);
#8189 = VERTEX_POINT('',#8190);
#8190 = CARTESIAN_POINT('',(2.61,2.75,2.32));
#8191 = LINE('',#8192,#8193);
#8192 = CARTESIAN_POINT('',(2.56571473387,2.69306180069,2.479426958068)
  );
#8193 = VECTOR('',#8194,1.);
#8194 = DIRECTION('',(0.253078917766,0.325387179985,-0.911084103957));
#8195 = ORIENTED_EDGE('',*,*,#8196,.T.);
#8196 = EDGE_CURVE('',#8189,#8118,#8197,.T.);
#8197 = LINE('',#8198,#8199);
#8198 = CARTESIAN_POINT('',(2.61,2.75,2.32));
#8199 = VECTOR('',#8200,1.);
#8200 = DIRECTION('',(-1.,0.,0.));
#8201 = ORIENTED_EDGE('',*,*,#8134,.T.);
#8202 = ORIENTED_EDGE('',*,*,#8079,.F.);
#8203 = PLANE('',#8204);
#8204 = AXIS2_PLACEMENT_3D('',#8205,#8206,#8207);
#8205 = CARTESIAN_POINT('',(2.61,3.,1.62));
#8206 = DIRECTION('',(7.015149670815E-18,-0.941741911595,-0.336336396998
    ));
#8207 = DIRECTION('',(-1.,-6.606460461117E-18,-2.359450164685E-18));
#8208 = ADVANCED_FACE('',(#8209),#8220,.F.);
#8209 = FACE_BOUND('',#8210,.F.);
#8210 = EDGE_LOOP('',(#8211,#8212,#8218,#8219));
#8211 = ORIENTED_EDGE('',*,*,#8173,.T.);
#8212 = ORIENTED_EDGE('',*,*,#8213,.T.);
#8213 = EDGE_CURVE('',#8166,#8056,#8214,.T.);
#8214 = LINE('',#8215,#8216);
#8215 = CARTESIAN_POINT('',(3.11,-3.25,2.E-02));
#8216 = VECTOR('',#8217,1.);
#8217 = DIRECTION('',(0.,1.,0.));
#8218 = ORIENTED_EDGE('',*,*,#8055,.T.);
#8219 = ORIENTED_EDGE('',*,*,#8103,.T.);
#8220 = PLANE('',#8221);
#8221 = AXIS2_PLACEMENT_3D('',#8222,#8223,#8224);
#8222 = CARTESIAN_POINT('',(-1.396506949214E-16,0.,2.E-02));
#8223 = DIRECTION('',(4.070108102062E-35,-3.727005214102E-35,1.));
#8224 = DIRECTION('',(1.,0.,-4.070108102062E-35));
#8225 = ADVANCED_FACE('',(#8226),#8251,.F.);
#8226 = FACE_BOUND('',#8227,.T.);
#8227 = EDGE_LOOP('',(#8228,#8236,#8242,#8243,#8249,#8250));
#8228 = ORIENTED_EDGE('',*,*,#8229,.F.);
#8229 = EDGE_CURVE('',#8230,#8189,#8232,.T.);
#8230 = VERTEX_POINT('',#8231);
#8231 = CARTESIAN_POINT('',(2.61,-2.75,2.32));
#8232 = LINE('',#8233,#8234);
#8233 = CARTESIAN_POINT('',(2.61,-3.25,2.32));
#8234 = VECTOR('',#8235,1.);
#8235 = DIRECTION('',(0.,1.,0.));
#8236 = ORIENTED_EDGE('',*,*,#8237,.T.);
#8237 = EDGE_CURVE('',#8230,#8150,#8238,.T.);
#8238 = LINE('',#8239,#8240);
#8239 = CARTESIAN_POINT('',(2.666180069016,-2.822231517306,
    2.117751751542));
#8240 = VECTOR('',#8241,1.);
#8241 = DIRECTION('',(0.253078917766,-0.325387179985,-0.911084103957));
#8242 = ORIENTED_EDGE('',*,*,#8157,.F.);
#8243 = ORIENTED_EDGE('',*,*,#8244,.T.);
#8244 = EDGE_CURVE('',#8158,#8064,#8245,.T.);
#8245 = LINE('',#8246,#8247);
#8246 = CARTESIAN_POINT('',(3.11,-3.25,0.52));
#8247 = VECTOR('',#8248,1.);
#8248 = DIRECTION('',(0.,1.,0.));
#8249 = ORIENTED_EDGE('',*,*,#8071,.T.);
#8250 = ORIENTED_EDGE('',*,*,#8188,.F.);
#8251 = PLANE('',#8252);
#8252 = AXIS2_PLACEMENT_3D('',#8253,#8254,#8255);
#8253 = CARTESIAN_POINT('',(2.86,-3.25,1.42));
#8254 = DIRECTION('',(-0.96351790963,0.,-0.267643863786));
#8255 = DIRECTION('',(0.,-1.,0.));
#8256 = ADVANCED_FACE('',(#8257),#8263,.F.);
#8257 = FACE_BOUND('',#8258,.F.);
#8258 = EDGE_LOOP('',(#8259,#8260,#8261,#8262));
#8259 = ORIENTED_EDGE('',*,*,#8165,.T.);
#8260 = ORIENTED_EDGE('',*,*,#8244,.T.);
#8261 = ORIENTED_EDGE('',*,*,#8063,.F.);
#8262 = ORIENTED_EDGE('',*,*,#8213,.F.);
#8263 = PLANE('',#8264);
#8264 = AXIS2_PLACEMENT_3D('',#8265,#8266,#8267);
#8265 = CARTESIAN_POINT('',(3.11,-3.25,2.E-02));
#8266 = DIRECTION('',(-1.,0.,0.));
#8267 = DIRECTION('',(0.,1.,0.));
#8268 = ADVANCED_FACE('',(#8269,#8280),#8291,.T.);
#8269 = FACE_BOUND('',#8270,.T.);
#8270 = EDGE_LOOP('',(#8271,#8272,#8278,#8279));
#8271 = ORIENTED_EDGE('',*,*,#8117,.T.);
#8272 = ORIENTED_EDGE('',*,*,#8273,.T.);
#8273 = EDGE_CURVE('',#8120,#8230,#8274,.T.);
#8274 = LINE('',#8275,#8276);
#8275 = CARTESIAN_POINT('',(-2.61,-2.75,2.32));
#8276 = VECTOR('',#8277,1.);
#8277 = DIRECTION('',(1.,0.,0.));
#8278 = ORIENTED_EDGE('',*,*,#8229,.T.);
#8279 = ORIENTED_EDGE('',*,*,#8196,.T.);
#8280 = FACE_BOUND('',#8281,.T.);
#8281 = EDGE_LOOP('',(#8282));
#8282 = ORIENTED_EDGE('',*,*,#8283,.T.);
#8283 = EDGE_CURVE('',#8284,#8284,#8286,.T.);
#8284 = VERTEX_POINT('',#8285);
#8285 = CARTESIAN_POINT('',(-2.,-1.118303597555E-16,2.32));
#8286 = CIRCLE('',#8287,0.5);
#8287 = AXIS2_PLACEMENT_3D('',#8288,#8289,#8290);
#8288 = CARTESIAN_POINT('',(-1.5,1.063432015924E-17,2.32));
#8289 = DIRECTION('',(-4.070108102062E-35,3.727005214102E-35,-1.));
#8290 = DIRECTION('',(-1.,-1.516931411834E-69,4.070108102062E-35));
#8291 = PLANE('',#8292);
#8292 = AXIS2_PLACEMENT_3D('',#8293,#8294,#8295);
#8293 = CARTESIAN_POINT('',(-1.396506949214E-16,0.,2.32));
#8294 = DIRECTION('',(4.070108102062E-35,-3.727005214102E-35,1.));
#8295 = DIRECTION('',(1.,0.,-4.070108102062E-35));
#8296 = ADVANCED_FACE('',(#8297),#8303,.F.);
#8297 = FACE_BOUND('',#8298,.F.);
#8298 = EDGE_LOOP('',(#8299,#8300,#8301,#8302));
#8299 = ORIENTED_EDGE('',*,*,#8127,.F.);
#8300 = ORIENTED_EDGE('',*,*,#8273,.T.);
#8301 = ORIENTED_EDGE('',*,*,#8237,.T.);
#8302 = ORIENTED_EDGE('',*,*,#8149,.F.);
#8303 = PLANE('',#8304);
#8304 = AXIS2_PLACEMENT_3D('',#8305,#8306,#8307);
#8305 = CARTESIAN_POINT('',(-2.61,-3.,1.62));
#8306 = DIRECTION('',(-7.015149670815E-18,0.941741911595,-0.336336396998
    ));
#8307 = DIRECTION('',(1.,6.606460461117E-18,-2.359450164685E-18));
#8308 = ADVANCED_FACE('',(#8309),#8328,.F.);
#8309 = FACE_BOUND('',#8310,.F.);
#8310 = EDGE_LOOP('',(#8311,#8320,#8326,#8327));
#8311 = ORIENTED_EDGE('',*,*,#8312,.F.);
#8312 = EDGE_CURVE('',#8313,#8313,#8315,.T.);
#8313 = VERTEX_POINT('',#8314);
#8314 = CARTESIAN_POINT('',(-2.,-1.118303597555E-16,2.22));
#8315 = CIRCLE('',#8316,0.5);
#8316 = AXIS2_PLACEMENT_3D('',#8317,#8318,#8319);
#8317 = CARTESIAN_POINT('',(-1.5,1.063432015924E-17,2.22));
#8318 = DIRECTION('',(-4.070108102062E-35,3.727005214102E-35,-1.));
#8319 = DIRECTION('',(-1.,-1.516931411834E-69,4.070108102062E-35));
#8320 = ORIENTED_EDGE('',*,*,#8321,.F.);
#8321 = EDGE_CURVE('',#8284,#8313,#8322,.T.);
#8322 = LINE('',#8323,#8324);
#8323 = CARTESIAN_POINT('',(-2.,-1.118303597555E-16,2.32));
#8324 = VECTOR('',#8325,1.);
#8325 = DIRECTION('',(-4.070108102062E-35,3.727005214102E-35,-1.));
#8326 = ORIENTED_EDGE('',*,*,#8283,.T.);
#8327 = ORIENTED_EDGE('',*,*,#8321,.T.);
#8328 = CYLINDRICAL_SURFACE('',#8329,0.5);
#8329 = AXIS2_PLACEMENT_3D('',#8330,#8331,#8332);
#8330 = CARTESIAN_POINT('',(-1.5,1.063432015924E-17,2.32));
#8331 = DIRECTION('',(-4.070108102062E-35,3.727005214102E-35,-1.));
#8332 = DIRECTION('',(-1.,-1.516931411834E-69,4.070108102062E-35));
#8333 = ADVANCED_FACE('',(#8334),#8337,.F.);
#8334 = FACE_BOUND('',#8335,.F.);
#8335 = EDGE_LOOP('',(#8336));
#8336 = ORIENTED_EDGE('',*,*,#8312,.T.);
#8337 = PLANE('',#8338);
#8338 = AXIS2_PLACEMENT_3D('',#8339,#8340,#8341);
#8339 = CARTESIAN_POINT('',(-1.5,1.063432015924E-17,2.22));
#8340 = DIRECTION('',(-4.070108102062E-35,3.727005214102E-35,-1.));
#8341 = DIRECTION('',(-1.,-1.516931411834E-69,4.070108102062E-35));
#8342 = MANIFOLD_SOLID_BREP('',#8343);
#8343 = CLOSED_SHELL('',(#8344,#8384,#8417,#8524,#8549,#8648,#8665,#8682
    ,#8699,#8716,#8733,#8750,#8767,#8784,#8801,#8818));
#8344 = ADVANCED_FACE('',(#8345),#8379,.T.);
#8345 = FACE_BOUND('',#8346,.T.);
#8346 = EDGE_LOOP('',(#8347,#8357,#8365,#8373));
#8347 = ORIENTED_EDGE('',*,*,#8348,.F.);
#8348 = EDGE_CURVE('',#8349,#8351,#8353,.T.);
#8349 = VERTEX_POINT('',#8350);
#8350 = CARTESIAN_POINT('',(4.11,-2.66,0.));
#8351 = VERTEX_POINT('',#8352);
#8352 = CARTESIAN_POINT('',(4.11,-2.66,0.5));
#8353 = LINE('',#8354,#8355);
#8354 = CARTESIAN_POINT('',(4.11,-2.66,0.));
#8355 = VECTOR('',#8356,1.);
#8356 = DIRECTION('',(0.,0.,1.));
#8357 = ORIENTED_EDGE('',*,*,#8358,.T.);
#8358 = EDGE_CURVE('',#8349,#8359,#8361,.T.);
#8359 = VERTEX_POINT('',#8360);
#8360 = CARTESIAN_POINT('',(4.11,-1.97,0.));
#8361 = LINE('',#8362,#8363);
#8362 = CARTESIAN_POINT('',(4.11,-2.7,0.));
#8363 = VECTOR('',#8364,1.);
#8364 = DIRECTION('',(0.,1.,0.));
#8365 = ORIENTED_EDGE('',*,*,#8366,.F.);
#8366 = EDGE_CURVE('',#8367,#8359,#8369,.T.);
#8367 = VERTEX_POINT('',#8368);
#8368 = CARTESIAN_POINT('',(4.11,-1.97,0.5));
#8369 = LINE('',#8370,#8371);
#8370 = CARTESIAN_POINT('',(4.11,-1.97,0.));
#8371 = VECTOR('',#8372,1.);
#8372 = DIRECTION('',(-0.,-0.,-1.));
#8373 = ORIENTED_EDGE('',*,*,#8374,.T.);
#8374 = EDGE_CURVE('',#8367,#8351,#8375,.T.);
#8375 = LINE('',#8376,#8377);
#8376 = CARTESIAN_POINT('',(4.11,2.7,0.5));
#8377 = VECTOR('',#8378,1.);
#8378 = DIRECTION('',(0.,-1.,0.));
#8379 = PLANE('',#8380);
#8380 = AXIS2_PLACEMENT_3D('',#8381,#8382,#8383);
#8381 = CARTESIAN_POINT('',(4.11,0.,0.));
#8382 = DIRECTION('',(1.,0.,0.));
#8383 = DIRECTION('',(0.,-1.,0.));
#8384 = ADVANCED_FACE('',(#8385),#8412,.T.);
#8385 = FACE_BOUND('',#8386,.T.);
#8386 = EDGE_LOOP('',(#8387,#8388,#8397,#8405));
#8387 = ORIENTED_EDGE('',*,*,#8348,.T.);
#8388 = ORIENTED_EDGE('',*,*,#8389,.T.);
#8389 = EDGE_CURVE('',#8351,#8390,#8392,.T.);
#8390 = VERTEX_POINT('',#8391);
#8391 = CARTESIAN_POINT('',(4.07,-2.7,0.5));
#8392 = CIRCLE('',#8393,4.E-02);
#8393 = AXIS2_PLACEMENT_3D('',#8394,#8395,#8396);
#8394 = CARTESIAN_POINT('',(4.07,-2.66,0.5));
#8395 = DIRECTION('',(-0.,-0.,-1.));
#8396 = DIRECTION('',(0.,-1.,0.));
#8397 = ORIENTED_EDGE('',*,*,#8398,.F.);
#8398 = EDGE_CURVE('',#8399,#8390,#8401,.T.);
#8399 = VERTEX_POINT('',#8400);
#8400 = CARTESIAN_POINT('',(4.07,-2.7,0.));
#8401 = LINE('',#8402,#8403);
#8402 = CARTESIAN_POINT('',(4.07,-2.7,0.));
#8403 = VECTOR('',#8404,1.);
#8404 = DIRECTION('',(0.,0.,1.));
#8405 = ORIENTED_EDGE('',*,*,#8406,.F.);
#8406 = EDGE_CURVE('',#8349,#8399,#8407,.T.);
#8407 = CIRCLE('',#8408,4.E-02);
#8408 = AXIS2_PLACEMENT_3D('',#8409,#8410,#8411);
#8409 = CARTESIAN_POINT('',(4.07,-2.66,0.));
#8410 = DIRECTION('',(-0.,-0.,-1.));
#8411 = DIRECTION('',(0.,-1.,0.));
#8412 = CYLINDRICAL_SURFACE('',#8413,4.E-02);
#8413 = AXIS2_PLACEMENT_3D('',#8414,#8415,#8416);
#8414 = CARTESIAN_POINT('',(4.07,-2.66,0.));
#8415 = DIRECTION('',(0.,0.,1.));
#8416 = DIRECTION('',(1.,0.,0.));
#8417 = ADVANCED_FACE('',(#8418),#8519,.F.);
#8418 = FACE_BOUND('',#8419,.F.);
#8419 = EDGE_LOOP('',(#8420,#8421,#8429,#8437,#8445,#8453,#8461,#8469,
    #8477,#8486,#8494,#8503,#8511,#8518));
#8420 = ORIENTED_EDGE('',*,*,#8389,.T.);
#8421 = ORIENTED_EDGE('',*,*,#8422,.T.);
#8422 = EDGE_CURVE('',#8390,#8423,#8425,.T.);
#8423 = VERTEX_POINT('',#8424);
#8424 = CARTESIAN_POINT('',(3.11,-2.7,0.5));
#8425 = LINE('',#8426,#8427);
#8426 = CARTESIAN_POINT('',(4.11,-2.7,0.5));
#8427 = VECTOR('',#8428,1.);
#8428 = DIRECTION('',(-1.,0.,0.));
#8429 = ORIENTED_EDGE('',*,*,#8430,.T.);
#8430 = EDGE_CURVE('',#8423,#8431,#8433,.T.);
#8431 = VERTEX_POINT('',#8432);
#8432 = CARTESIAN_POINT('',(3.11,-2.16,0.5));
#8433 = LINE('',#8434,#8435);
#8434 = CARTESIAN_POINT('',(3.11,-2.7,0.5));
#8435 = VECTOR('',#8436,1.);
#8436 = DIRECTION('',(0.,1.,0.));
#8437 = ORIENTED_EDGE('',*,*,#8438,.T.);
#8438 = EDGE_CURVE('',#8431,#8439,#8441,.T.);
#8439 = VERTEX_POINT('',#8440);
#8440 = CARTESIAN_POINT('',(-1.13,-2.16,0.5));
#8441 = LINE('',#8442,#8443);
#8442 = CARTESIAN_POINT('',(3.11,-2.16,0.5));
#8443 = VECTOR('',#8444,1.);
#8444 = DIRECTION('',(-1.,0.,0.));
#8445 = ORIENTED_EDGE('',*,*,#8446,.T.);
#8446 = EDGE_CURVE('',#8439,#8447,#8449,.T.);
#8447 = VERTEX_POINT('',#8448);
#8448 = CARTESIAN_POINT('',(-1.13,2.16,0.5));
#8449 = LINE('',#8450,#8451);
#8450 = CARTESIAN_POINT('',(-1.13,-2.16,0.5));
#8451 = VECTOR('',#8452,1.);
#8452 = DIRECTION('',(0.,1.,0.));
#8453 = ORIENTED_EDGE('',*,*,#8454,.T.);
#8454 = EDGE_CURVE('',#8447,#8455,#8457,.T.);
#8455 = VERTEX_POINT('',#8456);
#8456 = CARTESIAN_POINT('',(3.11,2.16,0.5));
#8457 = LINE('',#8458,#8459);
#8458 = CARTESIAN_POINT('',(-1.13,2.16,0.5));
#8459 = VECTOR('',#8460,1.);
#8460 = DIRECTION('',(1.,0.,0.));
#8461 = ORIENTED_EDGE('',*,*,#8462,.T.);
#8462 = EDGE_CURVE('',#8455,#8463,#8465,.T.);
#8463 = VERTEX_POINT('',#8464);
#8464 = CARTESIAN_POINT('',(3.11,2.7,0.5));
#8465 = LINE('',#8466,#8467);
#8466 = CARTESIAN_POINT('',(3.11,2.16,0.5));
#8467 = VECTOR('',#8468,1.);
#8468 = DIRECTION('',(0.,1.,0.));
#8469 = ORIENTED_EDGE('',*,*,#8470,.T.);
#8470 = EDGE_CURVE('',#8463,#8471,#8473,.T.);
#8471 = VERTEX_POINT('',#8472);
#8472 = CARTESIAN_POINT('',(4.07,2.7,0.5));
#8473 = LINE('',#8474,#8475);
#8474 = CARTESIAN_POINT('',(3.11,2.7,0.5));
#8475 = VECTOR('',#8476,1.);
#8476 = DIRECTION('',(1.,0.,0.));
#8477 = ORIENTED_EDGE('',*,*,#8478,.F.);
#8478 = EDGE_CURVE('',#8479,#8471,#8481,.T.);
#8479 = VERTEX_POINT('',#8480);
#8480 = CARTESIAN_POINT('',(4.11,2.66,0.5));
#8481 = CIRCLE('',#8482,4.E-02);
#8482 = AXIS2_PLACEMENT_3D('',#8483,#8484,#8485);
#8483 = CARTESIAN_POINT('',(4.07,2.66,0.5));
#8484 = DIRECTION('',(-0.,0.,1.));
#8485 = DIRECTION('',(0.,-1.,0.));
#8486 = ORIENTED_EDGE('',*,*,#8487,.T.);
#8487 = EDGE_CURVE('',#8479,#8488,#8490,.T.);
#8488 = VERTEX_POINT('',#8489);
#8489 = CARTESIAN_POINT('',(4.11,1.97,0.5));
#8490 = LINE('',#8491,#8492);
#8491 = CARTESIAN_POINT('',(4.11,2.7,0.5));
#8492 = VECTOR('',#8493,1.);
#8493 = DIRECTION('',(0.,-1.,0.));
#8494 = ORIENTED_EDGE('',*,*,#8495,.F.);
#8495 = EDGE_CURVE('',#8496,#8488,#8498,.T.);
#8496 = VERTEX_POINT('',#8497);
#8497 = CARTESIAN_POINT('',(4.03,1.89,0.5));
#8498 = CIRCLE('',#8499,8.E-02);
#8499 = AXIS2_PLACEMENT_3D('',#8500,#8501,#8502);
#8500 = CARTESIAN_POINT('',(4.11,1.89,0.5));
#8501 = DIRECTION('',(0.,0.,-1.));
#8502 = DIRECTION('',(1.,0.,0.));
#8503 = ORIENTED_EDGE('',*,*,#8504,.T.);
#8504 = EDGE_CURVE('',#8496,#8505,#8507,.T.);
#8505 = VERTEX_POINT('',#8506);
#8506 = CARTESIAN_POINT('',(4.03,-1.89,0.5));
#8507 = LINE('',#8508,#8509);
#8508 = CARTESIAN_POINT('',(4.03,1.89,0.5));
#8509 = VECTOR('',#8510,1.);
#8510 = DIRECTION('',(0.,-1.,0.));
#8511 = ORIENTED_EDGE('',*,*,#8512,.F.);
#8512 = EDGE_CURVE('',#8367,#8505,#8513,.T.);
#8513 = CIRCLE('',#8514,8.E-02);
#8514 = AXIS2_PLACEMENT_3D('',#8515,#8516,#8517);
#8515 = CARTESIAN_POINT('',(4.11,-1.89,0.5));
#8516 = DIRECTION('',(0.,0.,-1.));
#8517 = DIRECTION('',(1.,0.,0.));
#8518 = ORIENTED_EDGE('',*,*,#8374,.T.);
#8519 = PLANE('',#8520);
#8520 = AXIS2_PLACEMENT_3D('',#8521,#8522,#8523);
#8521 = CARTESIAN_POINT('',(1.705187969925,6.260656153901E-17,0.5));
#8522 = DIRECTION('',(-0.,-0.,-1.));
#8523 = DIRECTION('',(-1.,0.,0.));
#8524 = ADVANCED_FACE('',(#8525),#8544,.F.);
#8525 = FACE_BOUND('',#8526,.F.);
#8526 = EDGE_LOOP('',(#8527,#8528,#8536,#8543));
#8527 = ORIENTED_EDGE('',*,*,#8512,.T.);
#8528 = ORIENTED_EDGE('',*,*,#8529,.F.);
#8529 = EDGE_CURVE('',#8530,#8505,#8532,.T.);
#8530 = VERTEX_POINT('',#8531);
#8531 = CARTESIAN_POINT('',(4.03,-1.89,0.));
#8532 = LINE('',#8533,#8534);
#8533 = CARTESIAN_POINT('',(4.03,-1.89,0.));
#8534 = VECTOR('',#8535,1.);
#8535 = DIRECTION('',(0.,0.,1.));
#8536 = ORIENTED_EDGE('',*,*,#8537,.T.);
#8537 = EDGE_CURVE('',#8530,#8359,#8538,.T.);
#8538 = CIRCLE('',#8539,8.E-02);
#8539 = AXIS2_PLACEMENT_3D('',#8540,#8541,#8542);
#8540 = CARTESIAN_POINT('',(4.11,-1.89,0.));
#8541 = DIRECTION('',(0.,0.,1.));
#8542 = DIRECTION('',(1.,0.,0.));
#8543 = ORIENTED_EDGE('',*,*,#8366,.F.);
#8544 = CYLINDRICAL_SURFACE('',#8545,8.E-02);
#8545 = AXIS2_PLACEMENT_3D('',#8546,#8547,#8548);
#8546 = CARTESIAN_POINT('',(4.11,-1.89,0.));
#8547 = DIRECTION('',(-0.,-0.,-1.));
#8548 = DIRECTION('',(1.,0.,0.));
#8549 = ADVANCED_FACE('',(#8550),#8643,.T.);
#8550 = FACE_BOUND('',#8551,.T.);
#8551 = EDGE_LOOP('',(#8552,#8553,#8554,#8562,#8570,#8578,#8586,#8594,
    #8602,#8610,#8619,#8627,#8636,#8642));
#8552 = ORIENTED_EDGE('',*,*,#8358,.F.);
#8553 = ORIENTED_EDGE('',*,*,#8406,.T.);
#8554 = ORIENTED_EDGE('',*,*,#8555,.T.);
#8555 = EDGE_CURVE('',#8399,#8556,#8558,.T.);
#8556 = VERTEX_POINT('',#8557);
#8557 = CARTESIAN_POINT('',(3.11,-2.7,0.));
#8558 = LINE('',#8559,#8560);
#8559 = CARTESIAN_POINT('',(4.11,-2.7,0.));
#8560 = VECTOR('',#8561,1.);
#8561 = DIRECTION('',(-1.,0.,0.));
#8562 = ORIENTED_EDGE('',*,*,#8563,.T.);
#8563 = EDGE_CURVE('',#8556,#8564,#8566,.T.);
#8564 = VERTEX_POINT('',#8565);
#8565 = CARTESIAN_POINT('',(3.11,-2.16,0.));
#8566 = LINE('',#8567,#8568);
#8567 = CARTESIAN_POINT('',(3.11,-2.7,0.));
#8568 = VECTOR('',#8569,1.);
#8569 = DIRECTION('',(0.,1.,0.));
#8570 = ORIENTED_EDGE('',*,*,#8571,.T.);
#8571 = EDGE_CURVE('',#8564,#8572,#8574,.T.);
#8572 = VERTEX_POINT('',#8573);
#8573 = CARTESIAN_POINT('',(-1.13,-2.16,0.));
#8574 = LINE('',#8575,#8576);
#8575 = CARTESIAN_POINT('',(3.11,-2.16,0.));
#8576 = VECTOR('',#8577,1.);
#8577 = DIRECTION('',(-1.,0.,0.));
#8578 = ORIENTED_EDGE('',*,*,#8579,.T.);
#8579 = EDGE_CURVE('',#8572,#8580,#8582,.T.);
#8580 = VERTEX_POINT('',#8581);
#8581 = CARTESIAN_POINT('',(-1.13,2.16,0.));
#8582 = LINE('',#8583,#8584);
#8583 = CARTESIAN_POINT('',(-1.13,-2.16,0.));
#8584 = VECTOR('',#8585,1.);
#8585 = DIRECTION('',(0.,1.,0.));
#8586 = ORIENTED_EDGE('',*,*,#8587,.T.);
#8587 = EDGE_CURVE('',#8580,#8588,#8590,.T.);
#8588 = VERTEX_POINT('',#8589);
#8589 = CARTESIAN_POINT('',(3.11,2.16,0.));
#8590 = LINE('',#8591,#8592);
#8591 = CARTESIAN_POINT('',(-1.13,2.16,0.));
#8592 = VECTOR('',#8593,1.);
#8593 = DIRECTION('',(1.,0.,0.));
#8594 = ORIENTED_EDGE('',*,*,#8595,.T.);
#8595 = EDGE_CURVE('',#8588,#8596,#8598,.T.);
#8596 = VERTEX_POINT('',#8597);
#8597 = CARTESIAN_POINT('',(3.11,2.7,0.));
#8598 = LINE('',#8599,#8600);
#8599 = CARTESIAN_POINT('',(3.11,2.16,0.));
#8600 = VECTOR('',#8601,1.);
#8601 = DIRECTION('',(0.,1.,0.));
#8602 = ORIENTED_EDGE('',*,*,#8603,.T.);
#8603 = EDGE_CURVE('',#8596,#8604,#8606,.T.);
#8604 = VERTEX_POINT('',#8605);
#8605 = CARTESIAN_POINT('',(4.07,2.7,0.));
#8606 = LINE('',#8607,#8608);
#8607 = CARTESIAN_POINT('',(3.11,2.7,0.));
#8608 = VECTOR('',#8609,1.);
#8609 = DIRECTION('',(1.,0.,0.));
#8610 = ORIENTED_EDGE('',*,*,#8611,.F.);
#8611 = EDGE_CURVE('',#8612,#8604,#8614,.T.);
#8612 = VERTEX_POINT('',#8613);
#8613 = CARTESIAN_POINT('',(4.11,2.66,0.));
#8614 = CIRCLE('',#8615,4.E-02);
#8615 = AXIS2_PLACEMENT_3D('',#8616,#8617,#8618);
#8616 = CARTESIAN_POINT('',(4.07,2.66,0.));
#8617 = DIRECTION('',(-0.,0.,1.));
#8618 = DIRECTION('',(0.,-1.,0.));
#8619 = ORIENTED_EDGE('',*,*,#8620,.F.);
#8620 = EDGE_CURVE('',#8621,#8612,#8623,.T.);
#8621 = VERTEX_POINT('',#8622);
#8622 = CARTESIAN_POINT('',(4.11,1.97,0.));
#8623 = LINE('',#8624,#8625);
#8624 = CARTESIAN_POINT('',(4.11,-2.7,0.));
#8625 = VECTOR('',#8626,1.);
#8626 = DIRECTION('',(0.,1.,0.));
#8627 = ORIENTED_EDGE('',*,*,#8628,.T.);
#8628 = EDGE_CURVE('',#8621,#8629,#8631,.T.);
#8629 = VERTEX_POINT('',#8630);
#8630 = CARTESIAN_POINT('',(4.03,1.89,0.));
#8631 = CIRCLE('',#8632,8.E-02);
#8632 = AXIS2_PLACEMENT_3D('',#8633,#8634,#8635);
#8633 = CARTESIAN_POINT('',(4.11,1.89,0.));
#8634 = DIRECTION('',(0.,0.,1.));
#8635 = DIRECTION('',(1.,0.,0.));
#8636 = ORIENTED_EDGE('',*,*,#8637,.T.);
#8637 = EDGE_CURVE('',#8629,#8530,#8638,.T.);
#8638 = LINE('',#8639,#8640);
#8639 = CARTESIAN_POINT('',(4.03,1.89,0.));
#8640 = VECTOR('',#8641,1.);
#8641 = DIRECTION('',(0.,-1.,0.));
#8642 = ORIENTED_EDGE('',*,*,#8537,.T.);
#8643 = PLANE('',#8644);
#8644 = AXIS2_PLACEMENT_3D('',#8645,#8646,#8647);
#8645 = CARTESIAN_POINT('',(1.705187969925,6.260656153901E-17,0.));
#8646 = DIRECTION('',(-0.,-0.,-1.));
#8647 = DIRECTION('',(-1.,0.,0.));
#8648 = ADVANCED_FACE('',(#8649),#8660,.T.);
#8649 = FACE_BOUND('',#8650,.T.);
#8650 = EDGE_LOOP('',(#8651,#8652,#8653,#8654));
#8651 = ORIENTED_EDGE('',*,*,#8555,.F.);
#8652 = ORIENTED_EDGE('',*,*,#8398,.T.);
#8653 = ORIENTED_EDGE('',*,*,#8422,.T.);
#8654 = ORIENTED_EDGE('',*,*,#8655,.F.);
#8655 = EDGE_CURVE('',#8556,#8423,#8656,.T.);
#8656 = LINE('',#8657,#8658);
#8657 = CARTESIAN_POINT('',(3.11,-2.7,0.));
#8658 = VECTOR('',#8659,1.);
#8659 = DIRECTION('',(0.,0.,1.));
#8660 = PLANE('',#8661);
#8661 = AXIS2_PLACEMENT_3D('',#8662,#8663,#8664);
#8662 = CARTESIAN_POINT('',(4.11,-2.7,0.));
#8663 = DIRECTION('',(0.,-1.,0.));
#8664 = DIRECTION('',(-1.,0.,0.));
#8665 = ADVANCED_FACE('',(#8666),#8677,.T.);
#8666 = FACE_BOUND('',#8667,.T.);
#8667 = EDGE_LOOP('',(#8668,#8674,#8675,#8676));
#8668 = ORIENTED_EDGE('',*,*,#8669,.T.);
#8669 = EDGE_CURVE('',#8629,#8496,#8670,.T.);
#8670 = LINE('',#8671,#8672);
#8671 = CARTESIAN_POINT('',(4.03,1.89,0.));
#8672 = VECTOR('',#8673,1.);
#8673 = DIRECTION('',(0.,0.,1.));
#8674 = ORIENTED_EDGE('',*,*,#8504,.T.);
#8675 = ORIENTED_EDGE('',*,*,#8529,.F.);
#8676 = ORIENTED_EDGE('',*,*,#8637,.F.);
#8677 = PLANE('',#8678);
#8678 = AXIS2_PLACEMENT_3D('',#8679,#8680,#8681);
#8679 = CARTESIAN_POINT('',(4.03,1.89,0.));
#8680 = DIRECTION('',(1.,0.,0.));
#8681 = DIRECTION('',(0.,-1.,0.));
#8682 = ADVANCED_FACE('',(#8683),#8694,.F.);
#8683 = FACE_BOUND('',#8684,.F.);
#8684 = EDGE_LOOP('',(#8685,#8686,#8687,#8693));
#8685 = ORIENTED_EDGE('',*,*,#8669,.T.);
#8686 = ORIENTED_EDGE('',*,*,#8495,.T.);
#8687 = ORIENTED_EDGE('',*,*,#8688,.T.);
#8688 = EDGE_CURVE('',#8488,#8621,#8689,.T.);
#8689 = LINE('',#8690,#8691);
#8690 = CARTESIAN_POINT('',(4.11,1.97,0.));
#8691 = VECTOR('',#8692,1.);
#8692 = DIRECTION('',(-0.,-0.,-1.));
#8693 = ORIENTED_EDGE('',*,*,#8628,.T.);
#8694 = CYLINDRICAL_SURFACE('',#8695,8.E-02);
#8695 = AXIS2_PLACEMENT_3D('',#8696,#8697,#8698);
#8696 = CARTESIAN_POINT('',(4.11,1.89,0.));
#8697 = DIRECTION('',(-0.,-0.,-1.));
#8698 = DIRECTION('',(1.,0.,0.));
#8699 = ADVANCED_FACE('',(#8700),#8711,.T.);
#8700 = FACE_BOUND('',#8701,.T.);
#8701 = EDGE_LOOP('',(#8702,#8703,#8704,#8710));
#8702 = ORIENTED_EDGE('',*,*,#8688,.T.);
#8703 = ORIENTED_EDGE('',*,*,#8620,.T.);
#8704 = ORIENTED_EDGE('',*,*,#8705,.T.);
#8705 = EDGE_CURVE('',#8612,#8479,#8706,.T.);
#8706 = LINE('',#8707,#8708);
#8707 = CARTESIAN_POINT('',(4.11,2.66,0.));
#8708 = VECTOR('',#8709,1.);
#8709 = DIRECTION('',(0.,0.,1.));
#8710 = ORIENTED_EDGE('',*,*,#8487,.T.);
#8711 = PLANE('',#8712);
#8712 = AXIS2_PLACEMENT_3D('',#8713,#8714,#8715);
#8713 = CARTESIAN_POINT('',(4.11,0.,0.));
#8714 = DIRECTION('',(1.,0.,0.));
#8715 = DIRECTION('',(0.,-1.,0.));
#8716 = ADVANCED_FACE('',(#8717),#8728,.T.);
#8717 = FACE_BOUND('',#8718,.T.);
#8718 = EDGE_LOOP('',(#8719,#8720,#8726,#8727));
#8719 = ORIENTED_EDGE('',*,*,#8611,.T.);
#8720 = ORIENTED_EDGE('',*,*,#8721,.T.);
#8721 = EDGE_CURVE('',#8604,#8471,#8722,.T.);
#8722 = LINE('',#8723,#8724);
#8723 = CARTESIAN_POINT('',(4.07,2.7,0.));
#8724 = VECTOR('',#8725,1.);
#8725 = DIRECTION('',(0.,0.,1.));
#8726 = ORIENTED_EDGE('',*,*,#8478,.F.);
#8727 = ORIENTED_EDGE('',*,*,#8705,.F.);
#8728 = CYLINDRICAL_SURFACE('',#8729,4.E-02);
#8729 = AXIS2_PLACEMENT_3D('',#8730,#8731,#8732);
#8730 = CARTESIAN_POINT('',(4.07,2.66,0.));
#8731 = DIRECTION('',(0.,0.,1.));
#8732 = DIRECTION('',(1.,0.,0.));
#8733 = ADVANCED_FACE('',(#8734),#8745,.T.);
#8734 = FACE_BOUND('',#8735,.T.);
#8735 = EDGE_LOOP('',(#8736,#8737,#8743,#8744));
#8736 = ORIENTED_EDGE('',*,*,#8603,.F.);
#8737 = ORIENTED_EDGE('',*,*,#8738,.T.);
#8738 = EDGE_CURVE('',#8596,#8463,#8739,.T.);
#8739 = LINE('',#8740,#8741);
#8740 = CARTESIAN_POINT('',(3.11,2.7,0.));
#8741 = VECTOR('',#8742,1.);
#8742 = DIRECTION('',(0.,0.,1.));
#8743 = ORIENTED_EDGE('',*,*,#8470,.T.);
#8744 = ORIENTED_EDGE('',*,*,#8721,.F.);
#8745 = PLANE('',#8746);
#8746 = AXIS2_PLACEMENT_3D('',#8747,#8748,#8749);
#8747 = CARTESIAN_POINT('',(3.11,2.7,0.));
#8748 = DIRECTION('',(0.,1.,0.));
#8749 = DIRECTION('',(1.,0.,0.));
#8750 = ADVANCED_FACE('',(#8751),#8762,.T.);
#8751 = FACE_BOUND('',#8752,.T.);
#8752 = EDGE_LOOP('',(#8753,#8759,#8760,#8761));
#8753 = ORIENTED_EDGE('',*,*,#8754,.T.);
#8754 = EDGE_CURVE('',#8588,#8455,#8755,.T.);
#8755 = LINE('',#8756,#8757);
#8756 = CARTESIAN_POINT('',(3.11,2.16,0.));
#8757 = VECTOR('',#8758,1.);
#8758 = DIRECTION('',(0.,0.,1.));
#8759 = ORIENTED_EDGE('',*,*,#8462,.T.);
#8760 = ORIENTED_EDGE('',*,*,#8738,.F.);
#8761 = ORIENTED_EDGE('',*,*,#8595,.F.);
#8762 = PLANE('',#8763);
#8763 = AXIS2_PLACEMENT_3D('',#8764,#8765,#8766);
#8764 = CARTESIAN_POINT('',(3.11,2.16,0.));
#8765 = DIRECTION('',(-1.,0.,0.));
#8766 = DIRECTION('',(0.,1.,0.));
#8767 = ADVANCED_FACE('',(#8768),#8779,.T.);
#8768 = FACE_BOUND('',#8769,.T.);
#8769 = EDGE_LOOP('',(#8770,#8776,#8777,#8778));
#8770 = ORIENTED_EDGE('',*,*,#8771,.T.);
#8771 = EDGE_CURVE('',#8580,#8447,#8772,.T.);
#8772 = LINE('',#8773,#8774);
#8773 = CARTESIAN_POINT('',(-1.13,2.16,0.));
#8774 = VECTOR('',#8775,1.);
#8775 = DIRECTION('',(0.,0.,1.));
#8776 = ORIENTED_EDGE('',*,*,#8454,.T.);
#8777 = ORIENTED_EDGE('',*,*,#8754,.F.);
#8778 = ORIENTED_EDGE('',*,*,#8587,.F.);
#8779 = PLANE('',#8780);
#8780 = AXIS2_PLACEMENT_3D('',#8781,#8782,#8783);
#8781 = CARTESIAN_POINT('',(-1.13,2.16,0.));
#8782 = DIRECTION('',(0.,1.,0.));
#8783 = DIRECTION('',(1.,0.,0.));
#8784 = ADVANCED_FACE('',(#8785),#8796,.T.);
#8785 = FACE_BOUND('',#8786,.T.);
#8786 = EDGE_LOOP('',(#8787,#8793,#8794,#8795));
#8787 = ORIENTED_EDGE('',*,*,#8788,.T.);
#8788 = EDGE_CURVE('',#8572,#8439,#8789,.T.);
#8789 = LINE('',#8790,#8791);
#8790 = CARTESIAN_POINT('',(-1.13,-2.16,0.));
#8791 = VECTOR('',#8792,1.);
#8792 = DIRECTION('',(0.,0.,1.));
#8793 = ORIENTED_EDGE('',*,*,#8446,.T.);
#8794 = ORIENTED_EDGE('',*,*,#8771,.F.);
#8795 = ORIENTED_EDGE('',*,*,#8579,.F.);
#8796 = PLANE('',#8797);
#8797 = AXIS2_PLACEMENT_3D('',#8798,#8799,#8800);
#8798 = CARTESIAN_POINT('',(-1.13,-2.16,0.));
#8799 = DIRECTION('',(-1.,0.,0.));
#8800 = DIRECTION('',(0.,1.,0.));
#8801 = ADVANCED_FACE('',(#8802),#8813,.T.);
#8802 = FACE_BOUND('',#8803,.T.);
#8803 = EDGE_LOOP('',(#8804,#8810,#8811,#8812));
#8804 = ORIENTED_EDGE('',*,*,#8805,.T.);
#8805 = EDGE_CURVE('',#8564,#8431,#8806,.T.);
#8806 = LINE('',#8807,#8808);
#8807 = CARTESIAN_POINT('',(3.11,-2.16,0.));
#8808 = VECTOR('',#8809,1.);
#8809 = DIRECTION('',(0.,0.,1.));
#8810 = ORIENTED_EDGE('',*,*,#8438,.T.);
#8811 = ORIENTED_EDGE('',*,*,#8788,.F.);
#8812 = ORIENTED_EDGE('',*,*,#8571,.F.);
#8813 = PLANE('',#8814);
#8814 = AXIS2_PLACEMENT_3D('',#8815,#8816,#8817);
#8815 = CARTESIAN_POINT('',(3.11,-2.16,0.));
#8816 = DIRECTION('',(0.,-1.,0.));
#8817 = DIRECTION('',(-1.,0.,0.));
#8818 = ADVANCED_FACE('',(#8819),#8825,.T.);
#8819 = FACE_BOUND('',#8820,.T.);
#8820 = EDGE_LOOP('',(#8821,#8822,#8823,#8824));
#8821 = ORIENTED_EDGE('',*,*,#8655,.T.);
#8822 = ORIENTED_EDGE('',*,*,#8430,.T.);
#8823 = ORIENTED_EDGE('',*,*,#8805,.F.);
#8824 = ORIENTED_EDGE('',*,*,#8563,.F.);
#8825 = PLANE('',#8826);
#8826 = AXIS2_PLACEMENT_3D('',#8827,#8828,#8829);
#8827 = CARTESIAN_POINT('',(3.11,-2.7,0.));
#8828 = DIRECTION('',(-1.,0.,0.));
#8829 = DIRECTION('',(0.,1.,0.));
#8830 = MANIFOLD_SOLID_BREP('',#8831);
#8831 = CLOSED_SHELL('',(#8832,#8890,#8956,#9012,#9036,#9092,#9151,#9168
    ,#9185,#9252,#9269,#9300,#9324,#9349,#9366,#9390,#9415,#9432,#9455,
    #9472,#9491,#9508));
#8832 = ADVANCED_FACE('',(#8833),#8885,.T.);
#8833 = FACE_BOUND('',#8834,.T.);
#8834 = EDGE_LOOP('',(#8835,#8846,#8854,#8863,#8871,#8879));
#8835 = ORIENTED_EDGE('',*,*,#8836,.T.);
#8836 = EDGE_CURVE('',#8837,#8839,#8841,.T.);
#8837 = VERTEX_POINT('',#8838);
#8838 = CARTESIAN_POINT('',(-4.237701336216,-1.785,0.93988764291));
#8839 = VERTEX_POINT('',#8840);
#8840 = CARTESIAN_POINT('',(-4.24,-1.785,0.939877074976));
#8841 = CIRCLE('',#8842,0.25);
#8842 = AXIS2_PLACEMENT_3D('',#8843,#8844,#8845);
#8843 = CARTESIAN_POINT('',(-4.237701336216,-1.785,0.68988764291));
#8844 = DIRECTION('',(0.,-1.,0.));
#8845 = DIRECTION('',(-3.5527136788E-15,0.,1.));
#8846 = ORIENTED_EDGE('',*,*,#8847,.T.);
#8847 = EDGE_CURVE('',#8839,#8848,#8850,.T.);
#8848 = VERTEX_POINT('',#8849);
#8849 = CARTESIAN_POINT('',(-4.24,-1.785,1.439884120332));
#8850 = LINE('',#8851,#8852);
#8851 = CARTESIAN_POINT('',(-4.24,-1.785,0.437372862773));
#8852 = VECTOR('',#8853,1.);
#8853 = DIRECTION('',(0.,5.472315783042E-31,1.));
#8854 = ORIENTED_EDGE('',*,*,#8855,.T.);
#8855 = EDGE_CURVE('',#8848,#8856,#8858,.T.);
#8856 = VERTEX_POINT('',#8857);
#8857 = CARTESIAN_POINT('',(-4.237701336216,-1.785,1.43988764291));
#8858 = CIRCLE('',#8859,0.75);
#8859 = AXIS2_PLACEMENT_3D('',#8860,#8861,#8862);
#8860 = CARTESIAN_POINT('',(-4.237701336216,-1.785,0.68988764291));
#8861 = DIRECTION('',(0.,1.,-0.));
#8862 = DIRECTION('',(-0.939692620786,0.,0.342020143326));
#8863 = ORIENTED_EDGE('',*,*,#8864,.T.);
#8864 = EDGE_CURVE('',#8856,#8865,#8867,.T.);
#8865 = VERTEX_POINT('',#8866);
#8866 = CARTESIAN_POINT('',(-3.49,-1.785,1.43988764291));
#8867 = LINE('',#8868,#8869);
#8868 = CARTESIAN_POINT('',(-4.237701336216,-1.785,1.43988764291));
#8869 = VECTOR('',#8870,1.);
#8870 = DIRECTION('',(1.,0.,-1.110223024625E-16));
#8871 = ORIENTED_EDGE('',*,*,#8872,.T.);
#8872 = EDGE_CURVE('',#8865,#8873,#8875,.T.);
#8873 = VERTEX_POINT('',#8874);
#8874 = CARTESIAN_POINT('',(-3.49,-1.785,0.93988764291));
#8875 = LINE('',#8876,#8877);
#8876 = CARTESIAN_POINT('',(-3.49,-1.785,0.437372862773));
#8877 = VECTOR('',#8878,1.);
#8878 = DIRECTION('',(0.,-5.472315783042E-31,-1.));
#8879 = ORIENTED_EDGE('',*,*,#8880,.T.);
#8880 = EDGE_CURVE('',#8873,#8837,#8881,.T.);
#8881 = LINE('',#8882,#8883);
#8882 = CARTESIAN_POINT('',(-2.237701336216,-1.785,0.93988764291));
#8883 = VECTOR('',#8884,1.);
#8884 = DIRECTION('',(-1.,0.,1.110223024625E-16));
#8885 = PLANE('',#8886);
#8886 = AXIS2_PLACEMENT_3D('',#8887,#8888,#8889);
#8887 = CARTESIAN_POINT('',(-4.091426690538,-1.785,0.874745725546));
#8888 = DIRECTION('',(1.925014880134E-31,1.,-5.472315783042E-31));
#8889 = DIRECTION('',(0.,5.472315783042E-31,1.));
#8890 = ADVANCED_FACE('',(#8891),#8951,.F.);
#8891 = FACE_BOUND('',#8892,.F.);
#8892 = EDGE_LOOP('',(#8893,#8901,#8910,#8918,#8927,#8935,#8944,#8950));
#8893 = ORIENTED_EDGE('',*,*,#8894,.F.);
#8894 = EDGE_CURVE('',#8895,#8839,#8897,.T.);
#8895 = VERTEX_POINT('',#8896);
#8896 = CARTESIAN_POINT('',(-4.24,-1.905,0.939877074976));
#8897 = LINE('',#8898,#8899);
#8898 = CARTESIAN_POINT('',(-4.24,-1.785,0.939877074976));
#8899 = VECTOR('',#8900,1.);
#8900 = DIRECTION('',(0.,1.,0.));
#8901 = ORIENTED_EDGE('',*,*,#8902,.T.);
#8902 = EDGE_CURVE('',#8895,#8903,#8905,.T.);
#8903 = VERTEX_POINT('',#8904);
#8904 = CARTESIAN_POINT('',(-4.472624491413,-1.905,0.775392678742));
#8905 = CIRCLE('',#8906,0.25);
#8906 = AXIS2_PLACEMENT_3D('',#8907,#8908,#8909);
#8907 = CARTESIAN_POINT('',(-4.237701336216,-1.905,0.68988764291));
#8908 = DIRECTION('',(0.,-1.,0.));
#8909 = DIRECTION('',(-3.5527136788E-15,0.,1.));
#8910 = ORIENTED_EDGE('',*,*,#8911,.T.);
#8911 = EDGE_CURVE('',#8903,#8912,#8914,.T.);
#8912 = VERTEX_POINT('',#8913);
#8913 = CARTESIAN_POINT('',(-4.472624491413,-2.655,0.775392678742));
#8914 = LINE('',#8915,#8916);
#8915 = CARTESIAN_POINT('',(-4.472624491413,-1.905,0.775392678742));
#8916 = VECTOR('',#8917,1.);
#8917 = DIRECTION('',(0.,-1.,0.));
#8918 = ORIENTED_EDGE('',*,*,#8919,.F.);
#8919 = EDGE_CURVE('',#8920,#8912,#8922,.T.);
#8920 = VERTEX_POINT('',#8921);
#8921 = CARTESIAN_POINT('',(-4.24,-2.655,0.939877074976));
#8922 = CIRCLE('',#8923,0.25);
#8923 = AXIS2_PLACEMENT_3D('',#8924,#8925,#8926);
#8924 = CARTESIAN_POINT('',(-4.237701336216,-2.655,0.68988764291));
#8925 = DIRECTION('',(0.,-1.,0.));
#8926 = DIRECTION('',(-3.5527136788E-15,0.,1.));
#8927 = ORIENTED_EDGE('',*,*,#8928,.F.);
#8928 = EDGE_CURVE('',#8929,#8920,#8931,.T.);
#8929 = VERTEX_POINT('',#8930);
#8930 = CARTESIAN_POINT('',(-4.24,-2.775,0.939877074976));
#8931 = LINE('',#8932,#8933);
#8932 = CARTESIAN_POINT('',(-4.24,-1.785,0.939877074976));
#8933 = VECTOR('',#8934,1.);
#8934 = DIRECTION('',(0.,1.,0.));
#8935 = ORIENTED_EDGE('',*,*,#8936,.F.);
#8936 = EDGE_CURVE('',#8937,#8929,#8939,.T.);
#8937 = VERTEX_POINT('',#8938);
#8938 = CARTESIAN_POINT('',(-4.237701336216,-2.775,0.93988764291));
#8939 = CIRCLE('',#8940,0.25);
#8940 = AXIS2_PLACEMENT_3D('',#8941,#8942,#8943);
#8941 = CARTESIAN_POINT('',(-4.237701336216,-2.775,0.68988764291));
#8942 = DIRECTION('',(0.,-1.,0.));
#8943 = DIRECTION('',(-3.5527136788E-15,0.,1.));
#8944 = ORIENTED_EDGE('',*,*,#8945,.F.);
#8945 = EDGE_CURVE('',#8837,#8937,#8946,.T.);
#8946 = LINE('',#8947,#8948);
#8947 = CARTESIAN_POINT('',(-4.237701336216,-1.785,0.93988764291));
#8948 = VECTOR('',#8949,1.);
#8949 = DIRECTION('',(0.,-1.,0.));
#8950 = ORIENTED_EDGE('',*,*,#8836,.T.);
#8951 = CYLINDRICAL_SURFACE('',#8952,0.25);
#8952 = AXIS2_PLACEMENT_3D('',#8953,#8954,#8955);
#8953 = CARTESIAN_POINT('',(-4.237701336216,-1.785,0.68988764291));
#8954 = DIRECTION('',(0.,1.,0.));
#8955 = DIRECTION('',(-3.5527136788E-15,0.,1.));
#8956 = ADVANCED_FACE('',(#8957),#9007,.T.);
#8957 = FACE_BOUND('',#8958,.T.);
#8958 = EDGE_LOOP('',(#8959,#8960,#8968,#8976,#8984,#8992,#9000,#9006));
#8959 = ORIENTED_EDGE('',*,*,#8880,.F.);
#8960 = ORIENTED_EDGE('',*,*,#8961,.T.);
#8961 = EDGE_CURVE('',#8873,#8962,#8964,.T.);
#8962 = VERTEX_POINT('',#8963);
#8963 = CARTESIAN_POINT('',(-3.49,-1.905,0.93988764291));
#8964 = LINE('',#8965,#8966);
#8965 = CARTESIAN_POINT('',(-3.49,0.7325,0.93988764291));
#8966 = VECTOR('',#8967,1.);
#8967 = DIRECTION('',(0.,-1.,0.));
#8968 = ORIENTED_EDGE('',*,*,#8969,.F.);
#8969 = EDGE_CURVE('',#8970,#8962,#8972,.T.);
#8970 = VERTEX_POINT('',#8971);
#8971 = CARTESIAN_POINT('',(-2.237701336216,-1.905,0.93988764291));
#8972 = LINE('',#8973,#8974);
#8973 = CARTESIAN_POINT('',(-2.237701336216,-1.905,0.93988764291));
#8974 = VECTOR('',#8975,1.);
#8975 = DIRECTION('',(-1.,0.,1.110223024625E-16));
#8976 = ORIENTED_EDGE('',*,*,#8977,.T.);
#8977 = EDGE_CURVE('',#8970,#8978,#8980,.T.);
#8978 = VERTEX_POINT('',#8979);
#8979 = CARTESIAN_POINT('',(-2.237701336216,-2.655,0.93988764291));
#8980 = LINE('',#8981,#8982);
#8981 = CARTESIAN_POINT('',(-2.237701336216,-1.905,0.93988764291));
#8982 = VECTOR('',#8983,1.);
#8983 = DIRECTION('',(0.,-1.,0.));
#8984 = ORIENTED_EDGE('',*,*,#8985,.T.);
#8985 = EDGE_CURVE('',#8978,#8986,#8988,.T.);
#8986 = VERTEX_POINT('',#8987);
#8987 = CARTESIAN_POINT('',(-3.49,-2.655,0.93988764291));
#8988 = LINE('',#8989,#8990);
#8989 = CARTESIAN_POINT('',(-2.237701336216,-2.655,0.93988764291));
#8990 = VECTOR('',#8991,1.);
#8991 = DIRECTION('',(-1.,0.,1.110223024625E-16));
#8992 = ORIENTED_EDGE('',*,*,#8993,.T.);
#8993 = EDGE_CURVE('',#8986,#8994,#8996,.T.);
#8994 = VERTEX_POINT('',#8995);
#8995 = CARTESIAN_POINT('',(-3.49,-2.775,0.93988764291));
#8996 = LINE('',#8997,#8998);
#8997 = CARTESIAN_POINT('',(-3.49,0.7325,0.93988764291));
#8998 = VECTOR('',#8999,1.);
#8999 = DIRECTION('',(0.,-1.,0.));
#9000 = ORIENTED_EDGE('',*,*,#9001,.T.);
#9001 = EDGE_CURVE('',#8994,#8937,#9002,.T.);
#9002 = LINE('',#9003,#9004);
#9003 = CARTESIAN_POINT('',(-2.237701336216,-2.775,0.93988764291));
#9004 = VECTOR('',#9005,1.);
#9005 = DIRECTION('',(-1.,0.,1.110223024625E-16));
#9006 = ORIENTED_EDGE('',*,*,#8945,.F.);
#9007 = PLANE('',#9008);
#9008 = AXIS2_PLACEMENT_3D('',#9009,#9010,#9011);
#9009 = CARTESIAN_POINT('',(-2.237701336216,-1.785,0.93988764291));
#9010 = DIRECTION('',(-1.110223024625E-16,-0.,-1.));
#9011 = DIRECTION('',(-1.,0.,1.110223024625E-16));
#9012 = ADVANCED_FACE('',(#9013),#9031,.T.);
#9013 = FACE_BOUND('',#9014,.T.);
#9014 = EDGE_LOOP('',(#9015,#9016,#9024,#9030));
#9015 = ORIENTED_EDGE('',*,*,#8872,.F.);
#9016 = ORIENTED_EDGE('',*,*,#9017,.F.);
#9017 = EDGE_CURVE('',#9018,#8865,#9020,.T.);
#9018 = VERTEX_POINT('',#9019);
#9019 = CARTESIAN_POINT('',(-3.49,-1.905,1.43988764291));
#9020 = LINE('',#9021,#9022);
#9021 = CARTESIAN_POINT('',(-3.49,0.7325,1.43988764291));
#9022 = VECTOR('',#9023,1.);
#9023 = DIRECTION('',(0.,1.,0.));
#9024 = ORIENTED_EDGE('',*,*,#9025,.T.);
#9025 = EDGE_CURVE('',#9018,#8962,#9026,.T.);
#9026 = LINE('',#9027,#9028);
#9027 = CARTESIAN_POINT('',(-3.49,-1.905,0.437372862773));
#9028 = VECTOR('',#9029,1.);
#9029 = DIRECTION('',(0.,-5.472315783042E-31,-1.));
#9030 = ORIENTED_EDGE('',*,*,#8961,.F.);
#9031 = PLANE('',#9032);
#9032 = AXIS2_PLACEMENT_3D('',#9033,#9034,#9035);
#9033 = CARTESIAN_POINT('',(-3.49,3.25,0.));
#9034 = DIRECTION('',(1.,0.,0.));
#9035 = DIRECTION('',(0.,-1.,0.));
#9036 = ADVANCED_FACE('',(#9037),#9087,.T.);
#9037 = FACE_BOUND('',#9038,.T.);
#9038 = EDGE_LOOP('',(#9039,#9040,#9048,#9056,#9064,#9072,#9080,#9086));
#9039 = ORIENTED_EDGE('',*,*,#8864,.F.);
#9040 = ORIENTED_EDGE('',*,*,#9041,.T.);
#9041 = EDGE_CURVE('',#8856,#9042,#9044,.T.);
#9042 = VERTEX_POINT('',#9043);
#9043 = CARTESIAN_POINT('',(-4.237701336216,-2.775,1.43988764291));
#9044 = LINE('',#9045,#9046);
#9045 = CARTESIAN_POINT('',(-4.237701336216,-1.785,1.43988764291));
#9046 = VECTOR('',#9047,1.);
#9047 = DIRECTION('',(0.,-1.,0.));
#9048 = ORIENTED_EDGE('',*,*,#9049,.T.);
#9049 = EDGE_CURVE('',#9042,#9050,#9052,.T.);
#9050 = VERTEX_POINT('',#9051);
#9051 = CARTESIAN_POINT('',(-3.49,-2.775,1.43988764291));
#9052 = LINE('',#9053,#9054);
#9053 = CARTESIAN_POINT('',(-4.237701336216,-2.775,1.43988764291));
#9054 = VECTOR('',#9055,1.);
#9055 = DIRECTION('',(1.,0.,-1.110223024625E-16));
#9056 = ORIENTED_EDGE('',*,*,#9057,.T.);
#9057 = EDGE_CURVE('',#9050,#9058,#9060,.T.);
#9058 = VERTEX_POINT('',#9059);
#9059 = CARTESIAN_POINT('',(-3.49,-2.655,1.43988764291));
#9060 = LINE('',#9061,#9062);
#9061 = CARTESIAN_POINT('',(-3.49,0.7325,1.43988764291));
#9062 = VECTOR('',#9063,1.);
#9063 = DIRECTION('',(0.,1.,0.));
#9064 = ORIENTED_EDGE('',*,*,#9065,.T.);
#9065 = EDGE_CURVE('',#9058,#9066,#9068,.T.);
#9066 = VERTEX_POINT('',#9067);
#9067 = CARTESIAN_POINT('',(-2.237701336216,-2.655,1.43988764291));
#9068 = LINE('',#9069,#9070);
#9069 = CARTESIAN_POINT('',(-4.237701336216,-2.655,1.43988764291));
#9070 = VECTOR('',#9071,1.);
#9071 = DIRECTION('',(1.,0.,-1.110223024625E-16));
#9072 = ORIENTED_EDGE('',*,*,#9073,.F.);
#9073 = EDGE_CURVE('',#9074,#9066,#9076,.T.);
#9074 = VERTEX_POINT('',#9075);
#9075 = CARTESIAN_POINT('',(-2.237701336216,-1.905,1.43988764291));
#9076 = LINE('',#9077,#9078);
#9077 = CARTESIAN_POINT('',(-2.237701336216,-1.905,1.43988764291));
#9078 = VECTOR('',#9079,1.);
#9079 = DIRECTION('',(0.,-1.,0.));
#9080 = ORIENTED_EDGE('',*,*,#9081,.F.);
#9081 = EDGE_CURVE('',#9018,#9074,#9082,.T.);
#9082 = LINE('',#9083,#9084);
#9083 = CARTESIAN_POINT('',(-4.237701336216,-1.905,1.43988764291));
#9084 = VECTOR('',#9085,1.);
#9085 = DIRECTION('',(1.,0.,-1.110223024625E-16));
#9086 = ORIENTED_EDGE('',*,*,#9017,.T.);
#9087 = PLANE('',#9088);
#9088 = AXIS2_PLACEMENT_3D('',#9089,#9090,#9091);
#9089 = CARTESIAN_POINT('',(-4.237701336216,-1.785,1.43988764291));
#9090 = DIRECTION('',(1.110223024625E-16,0.,1.));
#9091 = DIRECTION('',(1.,0.,-1.110223024625E-16));
#9092 = ADVANCED_FACE('',(#9093),#9146,.T.);
#9093 = FACE_BOUND('',#9094,.T.);
#9094 = EDGE_LOOP('',(#9095,#9096,#9104,#9113,#9121,#9130,#9138,#9145));
#9095 = ORIENTED_EDGE('',*,*,#8855,.F.);
#9096 = ORIENTED_EDGE('',*,*,#9097,.F.);
#9097 = EDGE_CURVE('',#9098,#8848,#9100,.T.);
#9098 = VERTEX_POINT('',#9099);
#9099 = CARTESIAN_POINT('',(-4.24,-1.905,1.439884120332));
#9100 = LINE('',#9101,#9102);
#9101 = CARTESIAN_POINT('',(-4.24,-1.785,1.439884120332));
#9102 = VECTOR('',#9103,1.);
#9103 = DIRECTION('',(0.,1.,0.));
#9104 = ORIENTED_EDGE('',*,*,#9105,.F.);
#9105 = EDGE_CURVE('',#9106,#9098,#9108,.T.);
#9106 = VERTEX_POINT('',#9107);
#9107 = CARTESIAN_POINT('',(-4.942470801806,-1.905,0.946402750404));
#9108 = CIRCLE('',#9109,0.75);
#9109 = AXIS2_PLACEMENT_3D('',#9110,#9111,#9112);
#9110 = CARTESIAN_POINT('',(-4.237701336216,-1.905,0.68988764291));
#9111 = DIRECTION('',(0.,1.,-0.));
#9112 = DIRECTION('',(-0.939692620786,0.,0.342020143326));
#9113 = ORIENTED_EDGE('',*,*,#9114,.T.);
#9114 = EDGE_CURVE('',#9106,#9115,#9117,.T.);
#9115 = VERTEX_POINT('',#9116);
#9116 = CARTESIAN_POINT('',(-4.942470801806,-2.655,0.946402750404));
#9117 = LINE('',#9118,#9119);
#9118 = CARTESIAN_POINT('',(-4.942470801806,-1.905,0.946402750404));
#9119 = VECTOR('',#9120,1.);
#9120 = DIRECTION('',(0.,-1.,0.));
#9121 = ORIENTED_EDGE('',*,*,#9122,.T.);
#9122 = EDGE_CURVE('',#9115,#9123,#9125,.T.);
#9123 = VERTEX_POINT('',#9124);
#9124 = CARTESIAN_POINT('',(-4.24,-2.655,1.439884120332));
#9125 = CIRCLE('',#9126,0.75);
#9126 = AXIS2_PLACEMENT_3D('',#9127,#9128,#9129);
#9127 = CARTESIAN_POINT('',(-4.237701336216,-2.655,0.68988764291));
#9128 = DIRECTION('',(0.,1.,-0.));
#9129 = DIRECTION('',(-0.939692620786,0.,0.342020143326));
#9130 = ORIENTED_EDGE('',*,*,#9131,.F.);
#9131 = EDGE_CURVE('',#9132,#9123,#9134,.T.);
#9132 = VERTEX_POINT('',#9133);
#9133 = CARTESIAN_POINT('',(-4.24,-2.775,1.439884120332));
#9134 = LINE('',#9135,#9136);
#9135 = CARTESIAN_POINT('',(-4.24,-1.785,1.439884120332));
#9136 = VECTOR('',#9137,1.);
#9137 = DIRECTION('',(0.,1.,0.));
#9138 = ORIENTED_EDGE('',*,*,#9139,.T.);
#9139 = EDGE_CURVE('',#9132,#9042,#9140,.T.);
#9140 = CIRCLE('',#9141,0.75);
#9141 = AXIS2_PLACEMENT_3D('',#9142,#9143,#9144);
#9142 = CARTESIAN_POINT('',(-4.237701336216,-2.775,0.68988764291));
#9143 = DIRECTION('',(0.,1.,-0.));
#9144 = DIRECTION('',(-0.939692620786,0.,0.342020143326));
#9145 = ORIENTED_EDGE('',*,*,#9041,.F.);
#9146 = CYLINDRICAL_SURFACE('',#9147,0.75);
#9147 = AXIS2_PLACEMENT_3D('',#9148,#9149,#9150);
#9148 = CARTESIAN_POINT('',(-4.237701336216,-1.785,0.68988764291));
#9149 = DIRECTION('',(0.,1.,0.));
#9150 = DIRECTION('',(-0.939692620786,0.,0.342020143326));
#9151 = ADVANCED_FACE('',(#9152),#9163,.T.);
#9152 = FACE_BOUND('',#9153,.T.);
#9153 = EDGE_LOOP('',(#9154,#9155,#9161,#9162));
#9154 = ORIENTED_EDGE('',*,*,#8894,.F.);
#9155 = ORIENTED_EDGE('',*,*,#9156,.T.);
#9156 = EDGE_CURVE('',#8895,#9098,#9157,.T.);
#9157 = LINE('',#9158,#9159);
#9158 = CARTESIAN_POINT('',(-4.24,-1.905,0.437372862773));
#9159 = VECTOR('',#9160,1.);
#9160 = DIRECTION('',(0.,5.472315783042E-31,1.));
#9161 = ORIENTED_EDGE('',*,*,#9097,.T.);
#9162 = ORIENTED_EDGE('',*,*,#8847,.F.);
#9163 = PLANE('',#9164);
#9164 = AXIS2_PLACEMENT_3D('',#9165,#9166,#9167);
#9165 = CARTESIAN_POINT('',(-4.24,-3.25,0.));
#9166 = DIRECTION('',(-1.,0.,0.));
#9167 = DIRECTION('',(0.,1.,0.));
#9168 = ADVANCED_FACE('',(#9169),#9180,.T.);
#9169 = FACE_BOUND('',#9170,.T.);
#9170 = EDGE_LOOP('',(#9171,#9172,#9173,#9179));
#9171 = ORIENTED_EDGE('',*,*,#9025,.F.);
#9172 = ORIENTED_EDGE('',*,*,#9081,.T.);
#9173 = ORIENTED_EDGE('',*,*,#9174,.T.);
#9174 = EDGE_CURVE('',#9074,#8970,#9175,.T.);
#9175 = LINE('',#9176,#9177);
#9176 = CARTESIAN_POINT('',(-2.237701336216,-1.905,1.43988764291));
#9177 = VECTOR('',#9178,1.);
#9178 = DIRECTION('',(0.,0.,-1.));
#9179 = ORIENTED_EDGE('',*,*,#8969,.T.);
#9180 = PLANE('',#9181);
#9181 = AXIS2_PLACEMENT_3D('',#9182,#9183,#9184);
#9182 = CARTESIAN_POINT('',(-4.091426690538,-1.905,0.874745725546));
#9183 = DIRECTION('',(1.925014880134E-31,1.,-5.472315783042E-31));
#9184 = DIRECTION('',(0.,5.472315783042E-31,1.));
#9185 = ADVANCED_FACE('',(#9186),#9247,.T.);
#9186 = FACE_BOUND('',#9187,.T.);
#9187 = EDGE_LOOP('',(#9188,#9198,#9206,#9215,#9221,#9222,#9223,#9224,
    #9232,#9241));
#9188 = ORIENTED_EDGE('',*,*,#9189,.T.);
#9189 = EDGE_CURVE('',#9190,#9192,#9194,.T.);
#9190 = VERTEX_POINT('',#9191);
#9191 = CARTESIAN_POINT('',(-5.79,-1.905,-2.70609920631E-16));
#9192 = VERTEX_POINT('',#9193);
#9193 = CARTESIAN_POINT('',(-5.79,-1.905,0.5));
#9194 = LINE('',#9195,#9196);
#9195 = CARTESIAN_POINT('',(-5.79,-1.905,-2.70609920631E-16));
#9196 = VECTOR('',#9197,1.);
#9197 = DIRECTION('',(1.7763568394E-15,0.,1.));
#9198 = ORIENTED_EDGE('',*,*,#9199,.T.);
#9199 = EDGE_CURVE('',#9192,#9200,#9202,.T.);
#9200 = VERTEX_POINT('',#9201);
#9201 = CARTESIAN_POINT('',(-5.28,-1.905,0.5));
#9202 = LINE('',#9203,#9204);
#9203 = CARTESIAN_POINT('',(-5.79,-1.905,0.5));
#9204 = VECTOR('',#9205,1.);
#9205 = DIRECTION('',(1.,0.,0.));
#9206 = ORIENTED_EDGE('',*,*,#9207,.T.);
#9207 = EDGE_CURVE('',#9200,#9208,#9210,.T.);
#9208 = VERTEX_POINT('',#9209);
#9209 = CARTESIAN_POINT('',(-5.045076844804,-1.905,0.664494964169));
#9210 = CIRCLE('',#9211,0.25);
#9211 = AXIS2_PLACEMENT_3D('',#9212,#9213,#9214);
#9212 = CARTESIAN_POINT('',(-5.28,-1.905,0.75));
#9213 = DIRECTION('',(0.,-1.,0.));
#9214 = DIRECTION('',(0.,0.,-1.));
#9215 = ORIENTED_EDGE('',*,*,#9216,.T.);
#9216 = EDGE_CURVE('',#9208,#9106,#9217,.T.);
#9217 = LINE('',#9218,#9219);
#9218 = CARTESIAN_POINT('',(-5.045076844804,-1.905,0.664494964169));
#9219 = VECTOR('',#9220,1.);
#9220 = DIRECTION('',(0.342020143326,0.,0.939692620786));
#9221 = ORIENTED_EDGE('',*,*,#9105,.T.);
#9222 = ORIENTED_EDGE('',*,*,#9156,.F.);
#9223 = ORIENTED_EDGE('',*,*,#8902,.T.);
#9224 = ORIENTED_EDGE('',*,*,#9225,.T.);
#9225 = EDGE_CURVE('',#8903,#9226,#9228,.T.);
#9226 = VERTEX_POINT('',#9227);
#9227 = CARTESIAN_POINT('',(-4.575230534411,-1.905,0.493484892506));
#9228 = LINE('',#9229,#9230);
#9229 = CARTESIAN_POINT('',(-4.472624491413,-1.905,0.775392678742));
#9230 = VECTOR('',#9231,1.);
#9231 = DIRECTION('',(-0.342020143326,0.,-0.939692620786));
#9232 = ORIENTED_EDGE('',*,*,#9233,.T.);
#9233 = EDGE_CURVE('',#9226,#9234,#9236,.T.);
#9234 = VERTEX_POINT('',#9235);
#9235 = CARTESIAN_POINT('',(-5.28,-1.905,-2.22044604925E-16));
#9236 = CIRCLE('',#9237,0.75);
#9237 = AXIS2_PLACEMENT_3D('',#9238,#9239,#9240);
#9238 = CARTESIAN_POINT('',(-5.28,-1.905,0.75));
#9239 = DIRECTION('',(0.,1.,0.));
#9240 = DIRECTION('',(0.939692620786,0.,-0.342020143326));
#9241 = ORIENTED_EDGE('',*,*,#9242,.T.);
#9242 = EDGE_CURVE('',#9234,#9190,#9243,.T.);
#9243 = LINE('',#9244,#9245);
#9244 = CARTESIAN_POINT('',(-5.28,-1.905,-2.22044604925E-16));
#9245 = VECTOR('',#9246,1.);
#9246 = DIRECTION('',(-1.,0.,-9.522610922745E-17));
#9247 = PLANE('',#9248);
#9248 = AXIS2_PLACEMENT_3D('',#9249,#9250,#9251);
#9249 = CARTESIAN_POINT('',(-4.091426690538,-1.905,0.874745725546));
#9250 = DIRECTION('',(1.925014880134E-31,1.,-5.472315783042E-31));
#9251 = DIRECTION('',(0.,5.472315783042E-31,1.));
#9252 = ADVANCED_FACE('',(#9253),#9264,.T.);
#9253 = FACE_BOUND('',#9254,.T.);
#9254 = EDGE_LOOP('',(#9255,#9256,#9262,#9263));
#9255 = ORIENTED_EDGE('',*,*,#9073,.T.);
#9256 = ORIENTED_EDGE('',*,*,#9257,.T.);
#9257 = EDGE_CURVE('',#9066,#8978,#9258,.T.);
#9258 = LINE('',#9259,#9260);
#9259 = CARTESIAN_POINT('',(-2.237701336216,-2.655,1.43988764291));
#9260 = VECTOR('',#9261,1.);
#9261 = DIRECTION('',(0.,0.,-1.));
#9262 = ORIENTED_EDGE('',*,*,#8977,.F.);
#9263 = ORIENTED_EDGE('',*,*,#9174,.F.);
#9264 = PLANE('',#9265);
#9265 = AXIS2_PLACEMENT_3D('',#9266,#9267,#9268);
#9266 = CARTESIAN_POINT('',(-2.237701336216,-1.905,1.43988764291));
#9267 = DIRECTION('',(1.,0.,0.));
#9268 = DIRECTION('',(0.,0.,-1.));
#9269 = ADVANCED_FACE('',(#9270),#9295,.T.);
#9270 = FACE_BOUND('',#9271,.T.);
#9271 = EDGE_LOOP('',(#9272,#9280,#9288,#9294));
#9272 = ORIENTED_EDGE('',*,*,#9273,.T.);
#9273 = EDGE_CURVE('',#9190,#9274,#9276,.T.);
#9274 = VERTEX_POINT('',#9275);
#9275 = CARTESIAN_POINT('',(-5.79,-2.655,-2.70609920631E-16));
#9276 = LINE('',#9277,#9278);
#9277 = CARTESIAN_POINT('',(-5.79,-1.905,-2.70609920631E-16));
#9278 = VECTOR('',#9279,1.);
#9279 = DIRECTION('',(0.,-1.,0.));
#9280 = ORIENTED_EDGE('',*,*,#9281,.T.);
#9281 = EDGE_CURVE('',#9274,#9282,#9284,.T.);
#9282 = VERTEX_POINT('',#9283);
#9283 = CARTESIAN_POINT('',(-5.79,-2.655,0.5));
#9284 = LINE('',#9285,#9286);
#9285 = CARTESIAN_POINT('',(-5.79,-2.655,-2.70609920631E-16));
#9286 = VECTOR('',#9287,1.);
#9287 = DIRECTION('',(1.7763568394E-15,0.,1.));
#9288 = ORIENTED_EDGE('',*,*,#9289,.F.);
#9289 = EDGE_CURVE('',#9192,#9282,#9290,.T.);
#9290 = LINE('',#9291,#9292);
#9291 = CARTESIAN_POINT('',(-5.79,-1.905,0.5));
#9292 = VECTOR('',#9293,1.);
#9293 = DIRECTION('',(0.,-1.,0.));
#9294 = ORIENTED_EDGE('',*,*,#9189,.F.);
#9295 = PLANE('',#9296);
#9296 = AXIS2_PLACEMENT_3D('',#9297,#9298,#9299);
#9297 = CARTESIAN_POINT('',(-5.79,-1.905,-2.70609920631E-16));
#9298 = DIRECTION('',(-1.,0.,1.7763568394E-15));
#9299 = DIRECTION('',(1.7763568394E-15,0.,1.));
#9300 = ADVANCED_FACE('',(#9301),#9319,.T.);
#9301 = FACE_BOUND('',#9302,.T.);
#9302 = EDGE_LOOP('',(#9303,#9311,#9317,#9318));
#9303 = ORIENTED_EDGE('',*,*,#9304,.T.);
#9304 = EDGE_CURVE('',#9234,#9305,#9307,.T.);
#9305 = VERTEX_POINT('',#9306);
#9306 = CARTESIAN_POINT('',(-5.28,-2.655,-2.22044604925E-16));
#9307 = LINE('',#9308,#9309);
#9308 = CARTESIAN_POINT('',(-5.28,-1.905,-2.22044604925E-16));
#9309 = VECTOR('',#9310,1.);
#9310 = DIRECTION('',(0.,-1.,0.));
#9311 = ORIENTED_EDGE('',*,*,#9312,.T.);
#9312 = EDGE_CURVE('',#9305,#9274,#9313,.T.);
#9313 = LINE('',#9314,#9315);
#9314 = CARTESIAN_POINT('',(-5.28,-2.655,-2.22044604925E-16));
#9315 = VECTOR('',#9316,1.);
#9316 = DIRECTION('',(-1.,0.,-9.522610922745E-17));
#9317 = ORIENTED_EDGE('',*,*,#9273,.F.);
#9318 = ORIENTED_EDGE('',*,*,#9242,.F.);
#9319 = PLANE('',#9320);
#9320 = AXIS2_PLACEMENT_3D('',#9321,#9322,#9323);
#9321 = CARTESIAN_POINT('',(-5.28,-1.905,-2.22044604925E-16));
#9322 = DIRECTION('',(9.522610922745E-17,0.,-1.));
#9323 = DIRECTION('',(-1.,0.,-9.522610922745E-17));
#9324 = ADVANCED_FACE('',(#9325),#9344,.T.);
#9325 = FACE_BOUND('',#9326,.T.);
#9326 = EDGE_LOOP('',(#9327,#9335,#9342,#9343));
#9327 = ORIENTED_EDGE('',*,*,#9328,.T.);
#9328 = EDGE_CURVE('',#9226,#9329,#9331,.T.);
#9329 = VERTEX_POINT('',#9330);
#9330 = CARTESIAN_POINT('',(-4.575230534411,-2.655,0.493484892506));
#9331 = LINE('',#9332,#9333);
#9332 = CARTESIAN_POINT('',(-4.575230534411,-1.905,0.493484892506));
#9333 = VECTOR('',#9334,1.);
#9334 = DIRECTION('',(0.,-1.,0.));
#9335 = ORIENTED_EDGE('',*,*,#9336,.T.);
#9336 = EDGE_CURVE('',#9329,#9305,#9337,.T.);
#9337 = CIRCLE('',#9338,0.75);
#9338 = AXIS2_PLACEMENT_3D('',#9339,#9340,#9341);
#9339 = CARTESIAN_POINT('',(-5.28,-2.655,0.75));
#9340 = DIRECTION('',(0.,1.,0.));
#9341 = DIRECTION('',(0.939692620786,0.,-0.342020143326));
#9342 = ORIENTED_EDGE('',*,*,#9304,.F.);
#9343 = ORIENTED_EDGE('',*,*,#9233,.F.);
#9344 = CYLINDRICAL_SURFACE('',#9345,0.75);
#9345 = AXIS2_PLACEMENT_3D('',#9346,#9347,#9348);
#9346 = CARTESIAN_POINT('',(-5.28,-1.905,0.75));
#9347 = DIRECTION('',(0.,1.,0.));
#9348 = DIRECTION('',(0.939692620786,0.,-0.342020143326));
#9349 = ADVANCED_FACE('',(#9350),#9361,.T.);
#9350 = FACE_BOUND('',#9351,.T.);
#9351 = EDGE_LOOP('',(#9352,#9353,#9359,#9360));
#9352 = ORIENTED_EDGE('',*,*,#8911,.T.);
#9353 = ORIENTED_EDGE('',*,*,#9354,.T.);
#9354 = EDGE_CURVE('',#8912,#9329,#9355,.T.);
#9355 = LINE('',#9356,#9357);
#9356 = CARTESIAN_POINT('',(-4.472624491413,-2.655,0.775392678742));
#9357 = VECTOR('',#9358,1.);
#9358 = DIRECTION('',(-0.342020143326,0.,-0.939692620786));
#9359 = ORIENTED_EDGE('',*,*,#9328,.F.);
#9360 = ORIENTED_EDGE('',*,*,#9225,.F.);
#9361 = PLANE('',#9362);
#9362 = AXIS2_PLACEMENT_3D('',#9363,#9364,#9365);
#9363 = CARTESIAN_POINT('',(-4.472624491413,-1.905,0.775392678742));
#9364 = DIRECTION('',(0.939692620786,0.,-0.342020143326));
#9365 = DIRECTION('',(-0.342020143326,0.,-0.939692620786));
#9366 = ADVANCED_FACE('',(#9367),#9385,.T.);
#9367 = FACE_BOUND('',#9368,.T.);
#9368 = EDGE_LOOP('',(#9369,#9377,#9383,#9384));
#9369 = ORIENTED_EDGE('',*,*,#9370,.T.);
#9370 = EDGE_CURVE('',#9208,#9371,#9373,.T.);
#9371 = VERTEX_POINT('',#9372);
#9372 = CARTESIAN_POINT('',(-5.045076844804,-2.655,0.664494964169));
#9373 = LINE('',#9374,#9375);
#9374 = CARTESIAN_POINT('',(-5.045076844804,-1.905,0.664494964169));
#9375 = VECTOR('',#9376,1.);
#9376 = DIRECTION('',(0.,-1.,0.));
#9377 = ORIENTED_EDGE('',*,*,#9378,.T.);
#9378 = EDGE_CURVE('',#9371,#9115,#9379,.T.);
#9379 = LINE('',#9380,#9381);
#9380 = CARTESIAN_POINT('',(-5.045076844804,-2.655,0.664494964169));
#9381 = VECTOR('',#9382,1.);
#9382 = DIRECTION('',(0.342020143326,0.,0.939692620786));
#9383 = ORIENTED_EDGE('',*,*,#9114,.F.);
#9384 = ORIENTED_EDGE('',*,*,#9216,.F.);
#9385 = PLANE('',#9386);
#9386 = AXIS2_PLACEMENT_3D('',#9387,#9388,#9389);
#9387 = CARTESIAN_POINT('',(-5.045076844804,-1.905,0.664494964169));
#9388 = DIRECTION('',(-0.939692620786,0.,0.342020143326));
#9389 = DIRECTION('',(0.342020143326,0.,0.939692620786));
#9390 = ADVANCED_FACE('',(#9391),#9410,.F.);
#9391 = FACE_BOUND('',#9392,.F.);
#9392 = EDGE_LOOP('',(#9393,#9394,#9395,#9404));
#9393 = ORIENTED_EDGE('',*,*,#9207,.T.);
#9394 = ORIENTED_EDGE('',*,*,#9370,.T.);
#9395 = ORIENTED_EDGE('',*,*,#9396,.F.);
#9396 = EDGE_CURVE('',#9397,#9371,#9399,.T.);
#9397 = VERTEX_POINT('',#9398);
#9398 = CARTESIAN_POINT('',(-5.28,-2.655,0.5));
#9399 = CIRCLE('',#9400,0.25);
#9400 = AXIS2_PLACEMENT_3D('',#9401,#9402,#9403);
#9401 = CARTESIAN_POINT('',(-5.28,-2.655,0.75));
#9402 = DIRECTION('',(0.,-1.,0.));
#9403 = DIRECTION('',(0.,0.,-1.));
#9404 = ORIENTED_EDGE('',*,*,#9405,.F.);
#9405 = EDGE_CURVE('',#9200,#9397,#9406,.T.);
#9406 = LINE('',#9407,#9408);
#9407 = CARTESIAN_POINT('',(-5.28,-1.905,0.5));
#9408 = VECTOR('',#9409,1.);
#9409 = DIRECTION('',(0.,-1.,0.));
#9410 = CYLINDRICAL_SURFACE('',#9411,0.25);
#9411 = AXIS2_PLACEMENT_3D('',#9412,#9413,#9414);
#9412 = CARTESIAN_POINT('',(-5.28,-1.905,0.75));
#9413 = DIRECTION('',(0.,1.,0.));
#9414 = DIRECTION('',(0.,0.,-1.));
#9415 = ADVANCED_FACE('',(#9416),#9427,.T.);
#9416 = FACE_BOUND('',#9417,.T.);
#9417 = EDGE_LOOP('',(#9418,#9419,#9425,#9426));
#9418 = ORIENTED_EDGE('',*,*,#9289,.T.);
#9419 = ORIENTED_EDGE('',*,*,#9420,.T.);
#9420 = EDGE_CURVE('',#9282,#9397,#9421,.T.);
#9421 = LINE('',#9422,#9423);
#9422 = CARTESIAN_POINT('',(-5.79,-2.655,0.5));
#9423 = VECTOR('',#9424,1.);
#9424 = DIRECTION('',(1.,0.,0.));
#9425 = ORIENTED_EDGE('',*,*,#9405,.F.);
#9426 = ORIENTED_EDGE('',*,*,#9199,.F.);
#9427 = PLANE('',#9428);
#9428 = AXIS2_PLACEMENT_3D('',#9429,#9430,#9431);
#9429 = CARTESIAN_POINT('',(-5.79,-1.905,0.5));
#9430 = DIRECTION('',(0.,0.,1.));
#9431 = DIRECTION('',(1.,0.,0.));
#9432 = ADVANCED_FACE('',(#9433),#9450,.F.);
#9433 = FACE_BOUND('',#9434,.F.);
#9434 = EDGE_LOOP('',(#9435,#9436,#9437,#9438,#9439,#9440,#9446,#9447,
    #9448,#9449));
#9435 = ORIENTED_EDGE('',*,*,#9281,.T.);
#9436 = ORIENTED_EDGE('',*,*,#9420,.T.);
#9437 = ORIENTED_EDGE('',*,*,#9396,.T.);
#9438 = ORIENTED_EDGE('',*,*,#9378,.T.);
#9439 = ORIENTED_EDGE('',*,*,#9122,.T.);
#9440 = ORIENTED_EDGE('',*,*,#9441,.F.);
#9441 = EDGE_CURVE('',#8920,#9123,#9442,.T.);
#9442 = LINE('',#9443,#9444);
#9443 = CARTESIAN_POINT('',(-4.24,-2.655,0.437372862773));
#9444 = VECTOR('',#9445,1.);
#9445 = DIRECTION('',(0.,5.472315783042E-31,1.));
#9446 = ORIENTED_EDGE('',*,*,#8919,.T.);
#9447 = ORIENTED_EDGE('',*,*,#9354,.T.);
#9448 = ORIENTED_EDGE('',*,*,#9336,.T.);
#9449 = ORIENTED_EDGE('',*,*,#9312,.T.);
#9450 = PLANE('',#9451);
#9451 = AXIS2_PLACEMENT_3D('',#9452,#9453,#9454);
#9452 = CARTESIAN_POINT('',(-4.091426690538,-2.655,0.874745725546));
#9453 = DIRECTION('',(1.925014880134E-31,1.,-5.472315783042E-31));
#9454 = DIRECTION('',(0.,5.472315783042E-31,1.));
#9455 = ADVANCED_FACE('',(#9456),#9467,.T.);
#9456 = FACE_BOUND('',#9457,.T.);
#9457 = EDGE_LOOP('',(#9458,#9459,#9465,#9466));
#9458 = ORIENTED_EDGE('',*,*,#8928,.F.);
#9459 = ORIENTED_EDGE('',*,*,#9460,.T.);
#9460 = EDGE_CURVE('',#8929,#9132,#9461,.T.);
#9461 = LINE('',#9462,#9463);
#9462 = CARTESIAN_POINT('',(-4.24,-2.775,0.437372862773));
#9463 = VECTOR('',#9464,1.);
#9464 = DIRECTION('',(0.,5.472315783042E-31,1.));
#9465 = ORIENTED_EDGE('',*,*,#9131,.T.);
#9466 = ORIENTED_EDGE('',*,*,#9441,.F.);
#9467 = PLANE('',#9468);
#9468 = AXIS2_PLACEMENT_3D('',#9469,#9470,#9471);
#9469 = CARTESIAN_POINT('',(-4.24,-3.25,0.));
#9470 = DIRECTION('',(-1.,0.,0.));
#9471 = DIRECTION('',(0.,1.,0.));
#9472 = ADVANCED_FACE('',(#9473),#9486,.F.);
#9473 = FACE_BOUND('',#9474,.F.);
#9474 = EDGE_LOOP('',(#9475,#9476,#9477,#9478,#9479,#9485));
#9475 = ORIENTED_EDGE('',*,*,#8936,.T.);
#9476 = ORIENTED_EDGE('',*,*,#9460,.T.);
#9477 = ORIENTED_EDGE('',*,*,#9139,.T.);
#9478 = ORIENTED_EDGE('',*,*,#9049,.T.);
#9479 = ORIENTED_EDGE('',*,*,#9480,.T.);
#9480 = EDGE_CURVE('',#9050,#8994,#9481,.T.);
#9481 = LINE('',#9482,#9483);
#9482 = CARTESIAN_POINT('',(-3.49,-2.775,0.437372862773));
#9483 = VECTOR('',#9484,1.);
#9484 = DIRECTION('',(0.,-5.472315783042E-31,-1.));
#9485 = ORIENTED_EDGE('',*,*,#9001,.T.);
#9486 = PLANE('',#9487);
#9487 = AXIS2_PLACEMENT_3D('',#9488,#9489,#9490);
#9488 = CARTESIAN_POINT('',(-4.091426690538,-2.775,0.874745725546));
#9489 = DIRECTION('',(1.925014880134E-31,1.,-5.472315783042E-31));
#9490 = DIRECTION('',(0.,5.472315783042E-31,1.));
#9491 = ADVANCED_FACE('',(#9492),#9503,.T.);
#9492 = FACE_BOUND('',#9493,.T.);
#9493 = EDGE_LOOP('',(#9494,#9500,#9501,#9502));
#9494 = ORIENTED_EDGE('',*,*,#9495,.F.);
#9495 = EDGE_CURVE('',#9058,#8986,#9496,.T.);
#9496 = LINE('',#9497,#9498);
#9497 = CARTESIAN_POINT('',(-3.49,-2.655,0.437372862773));
#9498 = VECTOR('',#9499,1.);
#9499 = DIRECTION('',(0.,-5.472315783042E-31,-1.));
#9500 = ORIENTED_EDGE('',*,*,#9057,.F.);
#9501 = ORIENTED_EDGE('',*,*,#9480,.T.);
#9502 = ORIENTED_EDGE('',*,*,#8993,.F.);
#9503 = PLANE('',#9504);
#9504 = AXIS2_PLACEMENT_3D('',#9505,#9506,#9507);
#9505 = CARTESIAN_POINT('',(-3.49,3.25,0.));
#9506 = DIRECTION('',(1.,0.,0.));
#9507 = DIRECTION('',(0.,-1.,0.));
#9508 = ADVANCED_FACE('',(#9509),#9515,.F.);
#9509 = FACE_BOUND('',#9510,.F.);
#9510 = EDGE_LOOP('',(#9511,#9512,#9513,#9514));
#9511 = ORIENTED_EDGE('',*,*,#9495,.F.);
#9512 = ORIENTED_EDGE('',*,*,#9065,.T.);
#9513 = ORIENTED_EDGE('',*,*,#9257,.T.);
#9514 = ORIENTED_EDGE('',*,*,#8985,.T.);
#9515 = PLANE('',#9516);
#9516 = AXIS2_PLACEMENT_3D('',#9517,#9518,#9519);
#9517 = CARTESIAN_POINT('',(-4.091426690538,-2.655,0.874745725546));
#9518 = DIRECTION('',(1.925014880134E-31,1.,-5.472315783042E-31));
#9519 = DIRECTION('',(0.,5.472315783042E-31,1.));
#9520 = MANIFOLD_SOLID_BREP('',#9521);
#9521 = CLOSED_SHELL('',(#9522,#9562,#9625,#9649,#9705,#9722,#9739,#9756
    ,#9773,#9790));
#9522 = ADVANCED_FACE('',(#9523),#9557,.T.);
#9523 = FACE_BOUND('',#9524,.T.);
#9524 = EDGE_LOOP('',(#9525,#9535,#9543,#9551));
#9525 = ORIENTED_EDGE('',*,*,#9526,.T.);
#9526 = EDGE_CURVE('',#9527,#9529,#9531,.T.);
#9527 = VERTEX_POINT('',#9528);
#9528 = CARTESIAN_POINT('',(-3.49,0.495,0.93988764291));
#9529 = VERTEX_POINT('',#9530);
#9530 = CARTESIAN_POINT('',(-3.91,0.495,0.93988764291));
#9531 = LINE('',#9532,#9533);
#9532 = CARTESIAN_POINT('',(-2.237701336216,0.495,0.93988764291));
#9533 = VECTOR('',#9534,1.);
#9534 = DIRECTION('',(-1.,0.,1.110223024625E-16));
#9535 = ORIENTED_EDGE('',*,*,#9536,.T.);
#9536 = EDGE_CURVE('',#9529,#9537,#9539,.T.);
#9537 = VERTEX_POINT('',#9538);
#9538 = CARTESIAN_POINT('',(-3.91,0.495,1.43988764291));
#9539 = LINE('',#9540,#9541);
#9540 = CARTESIAN_POINT('',(-3.91,0.495,0.));
#9541 = VECTOR('',#9542,1.);
#9542 = DIRECTION('',(0.,0.,1.));
#9543 = ORIENTED_EDGE('',*,*,#9544,.T.);
#9544 = EDGE_CURVE('',#9537,#9545,#9547,.T.);
#9545 = VERTEX_POINT('',#9546);
#9546 = CARTESIAN_POINT('',(-3.49,0.495,1.43988764291));
#9547 = LINE('',#9548,#9549);
#9548 = CARTESIAN_POINT('',(-4.237701336216,0.495,1.43988764291));
#9549 = VECTOR('',#9550,1.);
#9550 = DIRECTION('',(1.,0.,-1.110223024625E-16));
#9551 = ORIENTED_EDGE('',*,*,#9552,.T.);
#9552 = EDGE_CURVE('',#9545,#9527,#9553,.T.);
#9553 = LINE('',#9554,#9555);
#9554 = CARTESIAN_POINT('',(-3.49,0.495,0.437372862773));
#9555 = VECTOR('',#9556,1.);
#9556 = DIRECTION('',(0.,-5.472315783042E-31,-1.));
#9557 = PLANE('',#9558);
#9558 = AXIS2_PLACEMENT_3D('',#9559,#9560,#9561);
#9559 = CARTESIAN_POINT('',(-4.091426690538,0.495,0.874745725546));
#9560 = DIRECTION('',(1.925014880134E-31,1.,-5.472315783042E-31));
#9561 = DIRECTION('',(0.,5.472315783042E-31,1.));
#9562 = ADVANCED_FACE('',(#9563),#9620,.T.);
#9563 = FACE_BOUND('',#9564,.T.);
#9564 = EDGE_LOOP('',(#9565,#9566,#9574,#9582,#9590,#9598,#9606,#9614));
#9565 = ORIENTED_EDGE('',*,*,#9526,.F.);
#9566 = ORIENTED_EDGE('',*,*,#9567,.T.);
#9567 = EDGE_CURVE('',#9527,#9568,#9570,.T.);
#9568 = VERTEX_POINT('',#9569);
#9569 = CARTESIAN_POINT('',(-3.49,0.375,0.93988764291));
#9570 = LINE('',#9571,#9572);
#9571 = CARTESIAN_POINT('',(-3.49,1.8725,0.93988764291));
#9572 = VECTOR('',#9573,1.);
#9573 = DIRECTION('',(0.,-1.,0.));
#9574 = ORIENTED_EDGE('',*,*,#9575,.F.);
#9575 = EDGE_CURVE('',#9576,#9568,#9578,.T.);
#9576 = VERTEX_POINT('',#9577);
#9577 = CARTESIAN_POINT('',(-2.237701336216,0.375,0.93988764291));
#9578 = LINE('',#9579,#9580);
#9579 = CARTESIAN_POINT('',(-2.237701336216,0.375,0.93988764291));
#9580 = VECTOR('',#9581,1.);
#9581 = DIRECTION('',(-1.,0.,1.110223024625E-16));
#9582 = ORIENTED_EDGE('',*,*,#9583,.T.);
#9583 = EDGE_CURVE('',#9576,#9584,#9586,.T.);
#9584 = VERTEX_POINT('',#9585);
#9585 = CARTESIAN_POINT('',(-2.237701336216,-0.375,0.93988764291));
#9586 = LINE('',#9587,#9588);
#9587 = CARTESIAN_POINT('',(-2.237701336216,0.375,0.93988764291));
#9588 = VECTOR('',#9589,1.);
#9589 = DIRECTION('',(0.,-1.,0.));
#9590 = ORIENTED_EDGE('',*,*,#9591,.T.);
#9591 = EDGE_CURVE('',#9584,#9592,#9594,.T.);
#9592 = VERTEX_POINT('',#9593);
#9593 = CARTESIAN_POINT('',(-3.49,-0.375,0.93988764291));
#9594 = LINE('',#9595,#9596);
#9595 = CARTESIAN_POINT('',(-2.237701336216,-0.375,0.93988764291));
#9596 = VECTOR('',#9597,1.);
#9597 = DIRECTION('',(-1.,0.,1.110223024625E-16));
#9598 = ORIENTED_EDGE('',*,*,#9599,.T.);
#9599 = EDGE_CURVE('',#9592,#9600,#9602,.T.);
#9600 = VERTEX_POINT('',#9601);
#9601 = CARTESIAN_POINT('',(-3.49,-0.495,0.93988764291));
#9602 = LINE('',#9603,#9604);
#9603 = CARTESIAN_POINT('',(-3.49,1.8725,0.93988764291));
#9604 = VECTOR('',#9605,1.);
#9605 = DIRECTION('',(0.,-1.,0.));
#9606 = ORIENTED_EDGE('',*,*,#9607,.T.);
#9607 = EDGE_CURVE('',#9600,#9608,#9610,.T.);
#9608 = VERTEX_POINT('',#9609);
#9609 = CARTESIAN_POINT('',(-3.91,-0.495,0.93988764291));
#9610 = LINE('',#9611,#9612);
#9611 = CARTESIAN_POINT('',(-2.237701336216,-0.495,0.93988764291));
#9612 = VECTOR('',#9613,1.);
#9613 = DIRECTION('',(-1.,0.,1.110223024625E-16));
#9614 = ORIENTED_EDGE('',*,*,#9615,.T.);
#9615 = EDGE_CURVE('',#9608,#9529,#9616,.T.);
#9616 = LINE('',#9617,#9618);
#9617 = CARTESIAN_POINT('',(-3.91,5.551115123126E-17,0.93988764291));
#9618 = VECTOR('',#9619,1.);
#9619 = DIRECTION('',(0.,1.,0.));
#9620 = PLANE('',#9621);
#9621 = AXIS2_PLACEMENT_3D('',#9622,#9623,#9624);
#9622 = CARTESIAN_POINT('',(-2.237701336216,0.495,0.93988764291));
#9623 = DIRECTION('',(-1.110223024625E-16,-0.,-1.));
#9624 = DIRECTION('',(-1.,0.,1.110223024625E-16));
#9625 = ADVANCED_FACE('',(#9626),#9644,.T.);
#9626 = FACE_BOUND('',#9627,.T.);
#9627 = EDGE_LOOP('',(#9628,#9629,#9637,#9643));
#9628 = ORIENTED_EDGE('',*,*,#9552,.F.);
#9629 = ORIENTED_EDGE('',*,*,#9630,.F.);
#9630 = EDGE_CURVE('',#9631,#9545,#9633,.T.);
#9631 = VERTEX_POINT('',#9632);
#9632 = CARTESIAN_POINT('',(-3.49,0.375,1.43988764291));
#9633 = LINE('',#9634,#9635);
#9634 = CARTESIAN_POINT('',(-3.49,1.8725,1.43988764291));
#9635 = VECTOR('',#9636,1.);
#9636 = DIRECTION('',(0.,1.,0.));
#9637 = ORIENTED_EDGE('',*,*,#9638,.T.);
#9638 = EDGE_CURVE('',#9631,#9568,#9639,.T.);
#9639 = LINE('',#9640,#9641);
#9640 = CARTESIAN_POINT('',(-3.49,0.375,0.437372862773));
#9641 = VECTOR('',#9642,1.);
#9642 = DIRECTION('',(0.,-5.472315783042E-31,-1.));
#9643 = ORIENTED_EDGE('',*,*,#9567,.F.);
#9644 = PLANE('',#9645);
#9645 = AXIS2_PLACEMENT_3D('',#9646,#9647,#9648);
#9646 = CARTESIAN_POINT('',(-3.49,3.25,0.));
#9647 = DIRECTION('',(1.,0.,0.));
#9648 = DIRECTION('',(0.,-1.,0.));
#9649 = ADVANCED_FACE('',(#9650),#9700,.T.);
#9650 = FACE_BOUND('',#9651,.T.);
#9651 = EDGE_LOOP('',(#9652,#9653,#9661,#9669,#9677,#9685,#9693,#9699));
#9652 = ORIENTED_EDGE('',*,*,#9544,.F.);
#9653 = ORIENTED_EDGE('',*,*,#9654,.T.);
#9654 = EDGE_CURVE('',#9537,#9655,#9657,.T.);
#9655 = VERTEX_POINT('',#9656);
#9656 = CARTESIAN_POINT('',(-3.91,-0.495,1.43988764291));
#9657 = LINE('',#9658,#9659);
#9658 = CARTESIAN_POINT('',(-3.91,5.551115123126E-17,1.43988764291));
#9659 = VECTOR('',#9660,1.);
#9660 = DIRECTION('',(0.,-1.,0.));
#9661 = ORIENTED_EDGE('',*,*,#9662,.T.);
#9662 = EDGE_CURVE('',#9655,#9663,#9665,.T.);
#9663 = VERTEX_POINT('',#9664);
#9664 = CARTESIAN_POINT('',(-3.49,-0.495,1.43988764291));
#9665 = LINE('',#9666,#9667);
#9666 = CARTESIAN_POINT('',(-4.237701336216,-0.495,1.43988764291));
#9667 = VECTOR('',#9668,1.);
#9668 = DIRECTION('',(1.,0.,-1.110223024625E-16));
#9669 = ORIENTED_EDGE('',*,*,#9670,.T.);
#9670 = EDGE_CURVE('',#9663,#9671,#9673,.T.);
#9671 = VERTEX_POINT('',#9672);
#9672 = CARTESIAN_POINT('',(-3.49,-0.375,1.43988764291));
#9673 = LINE('',#9674,#9675);
#9674 = CARTESIAN_POINT('',(-3.49,1.8725,1.43988764291));
#9675 = VECTOR('',#9676,1.);
#9676 = DIRECTION('',(0.,1.,0.));
#9677 = ORIENTED_EDGE('',*,*,#9678,.T.);
#9678 = EDGE_CURVE('',#9671,#9679,#9681,.T.);
#9679 = VERTEX_POINT('',#9680);
#9680 = CARTESIAN_POINT('',(-2.237701336216,-0.375,1.43988764291));
#9681 = LINE('',#9682,#9683);
#9682 = CARTESIAN_POINT('',(-4.237701336216,-0.375,1.43988764291));
#9683 = VECTOR('',#9684,1.);
#9684 = DIRECTION('',(1.,0.,-1.110223024625E-16));
#9685 = ORIENTED_EDGE('',*,*,#9686,.F.);
#9686 = EDGE_CURVE('',#9687,#9679,#9689,.T.);
#9687 = VERTEX_POINT('',#9688);
#9688 = CARTESIAN_POINT('',(-2.237701336216,0.375,1.43988764291));
#9689 = LINE('',#9690,#9691);
#9690 = CARTESIAN_POINT('',(-2.237701336216,0.375,1.43988764291));
#9691 = VECTOR('',#9692,1.);
#9692 = DIRECTION('',(0.,-1.,0.));
#9693 = ORIENTED_EDGE('',*,*,#9694,.F.);
#9694 = EDGE_CURVE('',#9631,#9687,#9695,.T.);
#9695 = LINE('',#9696,#9697);
#9696 = CARTESIAN_POINT('',(-4.237701336216,0.375,1.43988764291));
#9697 = VECTOR('',#9698,1.);
#9698 = DIRECTION('',(1.,0.,-1.110223024625E-16));
#9699 = ORIENTED_EDGE('',*,*,#9630,.T.);
#9700 = PLANE('',#9701);
#9701 = AXIS2_PLACEMENT_3D('',#9702,#9703,#9704);
#9702 = CARTESIAN_POINT('',(-4.237701336216,0.495,1.43988764291));
#9703 = DIRECTION('',(1.110223024625E-16,0.,1.));
#9704 = DIRECTION('',(1.,0.,-1.110223024625E-16));
#9705 = ADVANCED_FACE('',(#9706),#9717,.T.);
#9706 = FACE_BOUND('',#9707,.T.);
#9707 = EDGE_LOOP('',(#9708,#9709,#9715,#9716));
#9708 = ORIENTED_EDGE('',*,*,#9615,.F.);
#9709 = ORIENTED_EDGE('',*,*,#9710,.T.);
#9710 = EDGE_CURVE('',#9608,#9655,#9711,.T.);
#9711 = LINE('',#9712,#9713);
#9712 = CARTESIAN_POINT('',(-3.91,-0.495,0.));
#9713 = VECTOR('',#9714,1.);
#9714 = DIRECTION('',(0.,0.,1.));
#9715 = ORIENTED_EDGE('',*,*,#9654,.F.);
#9716 = ORIENTED_EDGE('',*,*,#9536,.F.);
#9717 = PLANE('',#9718);
#9718 = AXIS2_PLACEMENT_3D('',#9719,#9720,#9721);
#9719 = CARTESIAN_POINT('',(-3.91,-0.495,0.));
#9720 = DIRECTION('',(-1.,0.,0.));
#9721 = DIRECTION('',(0.,1.,0.));
#9722 = ADVANCED_FACE('',(#9723),#9734,.F.);
#9723 = FACE_BOUND('',#9724,.F.);
#9724 = EDGE_LOOP('',(#9725,#9726,#9727,#9728));
#9725 = ORIENTED_EDGE('',*,*,#9607,.T.);
#9726 = ORIENTED_EDGE('',*,*,#9710,.T.);
#9727 = ORIENTED_EDGE('',*,*,#9662,.T.);
#9728 = ORIENTED_EDGE('',*,*,#9729,.T.);
#9729 = EDGE_CURVE('',#9663,#9600,#9730,.T.);
#9730 = LINE('',#9731,#9732);
#9731 = CARTESIAN_POINT('',(-3.49,-0.495,0.437372862773));
#9732 = VECTOR('',#9733,1.);
#9733 = DIRECTION('',(0.,-5.472315783042E-31,-1.));
#9734 = PLANE('',#9735);
#9735 = AXIS2_PLACEMENT_3D('',#9736,#9737,#9738);
#9736 = CARTESIAN_POINT('',(-4.091426690538,-0.495,0.874745725546));
#9737 = DIRECTION('',(1.925014880134E-31,1.,-5.472315783042E-31));
#9738 = DIRECTION('',(0.,5.472315783042E-31,1.));
#9739 = ADVANCED_FACE('',(#9740),#9751,.T.);
#9740 = FACE_BOUND('',#9741,.T.);
#9741 = EDGE_LOOP('',(#9742,#9748,#9749,#9750));
#9742 = ORIENTED_EDGE('',*,*,#9743,.F.);
#9743 = EDGE_CURVE('',#9671,#9592,#9744,.T.);
#9744 = LINE('',#9745,#9746);
#9745 = CARTESIAN_POINT('',(-3.49,-0.375,0.437372862773));
#9746 = VECTOR('',#9747,1.);
#9747 = DIRECTION('',(0.,-5.472315783042E-31,-1.));
#9748 = ORIENTED_EDGE('',*,*,#9670,.F.);
#9749 = ORIENTED_EDGE('',*,*,#9729,.T.);
#9750 = ORIENTED_EDGE('',*,*,#9599,.F.);
#9751 = PLANE('',#9752);
#9752 = AXIS2_PLACEMENT_3D('',#9753,#9754,#9755);
#9753 = CARTESIAN_POINT('',(-3.49,3.25,0.));
#9754 = DIRECTION('',(1.,0.,0.));
#9755 = DIRECTION('',(0.,-1.,0.));
#9756 = ADVANCED_FACE('',(#9757),#9768,.F.);
#9757 = FACE_BOUND('',#9758,.F.);
#9758 = EDGE_LOOP('',(#9759,#9760,#9761,#9767));
#9759 = ORIENTED_EDGE('',*,*,#9743,.F.);
#9760 = ORIENTED_EDGE('',*,*,#9678,.T.);
#9761 = ORIENTED_EDGE('',*,*,#9762,.T.);
#9762 = EDGE_CURVE('',#9679,#9584,#9763,.T.);
#9763 = LINE('',#9764,#9765);
#9764 = CARTESIAN_POINT('',(-2.237701336216,-0.375,1.43988764291));
#9765 = VECTOR('',#9766,1.);
#9766 = DIRECTION('',(0.,0.,-1.));
#9767 = ORIENTED_EDGE('',*,*,#9591,.T.);
#9768 = PLANE('',#9769);
#9769 = AXIS2_PLACEMENT_3D('',#9770,#9771,#9772);
#9770 = CARTESIAN_POINT('',(-4.091426690538,-0.375,0.874745725546));
#9771 = DIRECTION('',(1.925014880134E-31,1.,-5.472315783042E-31));
#9772 = DIRECTION('',(0.,5.472315783042E-31,1.));
#9773 = ADVANCED_FACE('',(#9774),#9785,.T.);
#9774 = FACE_BOUND('',#9775,.T.);
#9775 = EDGE_LOOP('',(#9776,#9777,#9778,#9779));
#9776 = ORIENTED_EDGE('',*,*,#9686,.T.);
#9777 = ORIENTED_EDGE('',*,*,#9762,.T.);
#9778 = ORIENTED_EDGE('',*,*,#9583,.F.);
#9779 = ORIENTED_EDGE('',*,*,#9780,.F.);
#9780 = EDGE_CURVE('',#9687,#9576,#9781,.T.);
#9781 = LINE('',#9782,#9783);
#9782 = CARTESIAN_POINT('',(-2.237701336216,0.375,1.43988764291));
#9783 = VECTOR('',#9784,1.);
#9784 = DIRECTION('',(0.,0.,-1.));
#9785 = PLANE('',#9786);
#9786 = AXIS2_PLACEMENT_3D('',#9787,#9788,#9789);
#9787 = CARTESIAN_POINT('',(-2.237701336216,0.375,1.43988764291));
#9788 = DIRECTION('',(1.,0.,0.));
#9789 = DIRECTION('',(0.,0.,-1.));
#9790 = ADVANCED_FACE('',(#9791),#9797,.T.);
#9791 = FACE_BOUND('',#9792,.T.);
#9792 = EDGE_LOOP('',(#9793,#9794,#9795,#9796));
#9793 = ORIENTED_EDGE('',*,*,#9638,.F.);
#9794 = ORIENTED_EDGE('',*,*,#9694,.T.);
#9795 = ORIENTED_EDGE('',*,*,#9780,.T.);
#9796 = ORIENTED_EDGE('',*,*,#9575,.T.);
#9797 = PLANE('',#9798);
#9798 = AXIS2_PLACEMENT_3D('',#9799,#9800,#9801);
#9799 = CARTESIAN_POINT('',(-4.091426690538,0.375,0.874745725546));
#9800 = DIRECTION('',(1.925014880134E-31,1.,-5.472315783042E-31));
#9801 = DIRECTION('',(0.,5.472315783042E-31,1.));
#9802 = MANIFOLD_SOLID_BREP('',#9803);
#9803 = CLOSED_SHELL('',(#9804,#9862,#9928,#9984,#10008,#10064,#10123,
    #10140,#10157,#10224,#10241,#10272,#10296,#10321,#10338,#10362,
    #10387,#10404,#10427,#10444,#10463,#10480));
#9804 = ADVANCED_FACE('',(#9805),#9857,.T.);
#9805 = FACE_BOUND('',#9806,.T.);
#9806 = EDGE_LOOP('',(#9807,#9818,#9826,#9835,#9843,#9851));
#9807 = ORIENTED_EDGE('',*,*,#9808,.T.);
#9808 = EDGE_CURVE('',#9809,#9811,#9813,.T.);
#9809 = VERTEX_POINT('',#9810);
#9810 = CARTESIAN_POINT('',(-4.237701336216,2.775,0.93988764291));
#9811 = VERTEX_POINT('',#9812);
#9812 = CARTESIAN_POINT('',(-4.24,2.775,0.939877074976));
#9813 = CIRCLE('',#9814,0.25);
#9814 = AXIS2_PLACEMENT_3D('',#9815,#9816,#9817);
#9815 = CARTESIAN_POINT('',(-4.237701336216,2.775,0.68988764291));
#9816 = DIRECTION('',(0.,-1.,0.));
#9817 = DIRECTION('',(-3.5527136788E-15,0.,1.));
#9818 = ORIENTED_EDGE('',*,*,#9819,.T.);
#9819 = EDGE_CURVE('',#9811,#9820,#9822,.T.);
#9820 = VERTEX_POINT('',#9821);
#9821 = CARTESIAN_POINT('',(-4.24,2.775,1.439884120332));
#9822 = LINE('',#9823,#9824);
#9823 = CARTESIAN_POINT('',(-4.24,2.775,0.437372862773));
#9824 = VECTOR('',#9825,1.);
#9825 = DIRECTION('',(0.,5.472315783042E-31,1.));
#9826 = ORIENTED_EDGE('',*,*,#9827,.T.);
#9827 = EDGE_CURVE('',#9820,#9828,#9830,.T.);
#9828 = VERTEX_POINT('',#9829);
#9829 = CARTESIAN_POINT('',(-4.237701336216,2.775,1.43988764291));
#9830 = CIRCLE('',#9831,0.75);
#9831 = AXIS2_PLACEMENT_3D('',#9832,#9833,#9834);
#9832 = CARTESIAN_POINT('',(-4.237701336216,2.775,0.68988764291));
#9833 = DIRECTION('',(0.,1.,-0.));
#9834 = DIRECTION('',(-0.939692620786,0.,0.342020143326));
#9835 = ORIENTED_EDGE('',*,*,#9836,.T.);
#9836 = EDGE_CURVE('',#9828,#9837,#9839,.T.);
#9837 = VERTEX_POINT('',#9838);
#9838 = CARTESIAN_POINT('',(-3.49,2.775,1.43988764291));
#9839 = LINE('',#9840,#9841);
#9840 = CARTESIAN_POINT('',(-4.237701336216,2.775,1.43988764291));
#9841 = VECTOR('',#9842,1.);
#9842 = DIRECTION('',(1.,0.,-1.110223024625E-16));
#9843 = ORIENTED_EDGE('',*,*,#9844,.T.);
#9844 = EDGE_CURVE('',#9837,#9845,#9847,.T.);
#9845 = VERTEX_POINT('',#9846);
#9846 = CARTESIAN_POINT('',(-3.49,2.775,0.93988764291));
#9847 = LINE('',#9848,#9849);
#9848 = CARTESIAN_POINT('',(-3.49,2.775,0.437372862773));
#9849 = VECTOR('',#9850,1.);
#9850 = DIRECTION('',(0.,-5.472315783042E-31,-1.));
#9851 = ORIENTED_EDGE('',*,*,#9852,.T.);
#9852 = EDGE_CURVE('',#9845,#9809,#9853,.T.);
#9853 = LINE('',#9854,#9855);
#9854 = CARTESIAN_POINT('',(-2.237701336216,2.775,0.93988764291));
#9855 = VECTOR('',#9856,1.);
#9856 = DIRECTION('',(-1.,0.,1.110223024625E-16));
#9857 = PLANE('',#9858);
#9858 = AXIS2_PLACEMENT_3D('',#9859,#9860,#9861);
#9859 = CARTESIAN_POINT('',(-4.091426690538,2.775,0.874745725546));
#9860 = DIRECTION('',(1.925014880134E-31,1.,-5.472315783042E-31));
#9861 = DIRECTION('',(0.,5.472315783042E-31,1.));
#9862 = ADVANCED_FACE('',(#9863),#9923,.F.);
#9863 = FACE_BOUND('',#9864,.F.);
#9864 = EDGE_LOOP('',(#9865,#9873,#9882,#9890,#9899,#9907,#9916,#9922));
#9865 = ORIENTED_EDGE('',*,*,#9866,.F.);
#9866 = EDGE_CURVE('',#9867,#9811,#9869,.T.);
#9867 = VERTEX_POINT('',#9868);
#9868 = CARTESIAN_POINT('',(-4.24,2.655,0.939877074976));
#9869 = LINE('',#9870,#9871);
#9870 = CARTESIAN_POINT('',(-4.24,2.775,0.939877074976));
#9871 = VECTOR('',#9872,1.);
#9872 = DIRECTION('',(0.,1.,0.));
#9873 = ORIENTED_EDGE('',*,*,#9874,.T.);
#9874 = EDGE_CURVE('',#9867,#9875,#9877,.T.);
#9875 = VERTEX_POINT('',#9876);
#9876 = CARTESIAN_POINT('',(-4.472624491413,2.655,0.775392678742));
#9877 = CIRCLE('',#9878,0.25);
#9878 = AXIS2_PLACEMENT_3D('',#9879,#9880,#9881);
#9879 = CARTESIAN_POINT('',(-4.237701336216,2.655,0.68988764291));
#9880 = DIRECTION('',(0.,-1.,0.));
#9881 = DIRECTION('',(-3.5527136788E-15,0.,1.));
#9882 = ORIENTED_EDGE('',*,*,#9883,.T.);
#9883 = EDGE_CURVE('',#9875,#9884,#9886,.T.);
#9884 = VERTEX_POINT('',#9885);
#9885 = CARTESIAN_POINT('',(-4.472624491413,1.905,0.775392678742));
#9886 = LINE('',#9887,#9888);
#9887 = CARTESIAN_POINT('',(-4.472624491413,2.655,0.775392678742));
#9888 = VECTOR('',#9889,1.);
#9889 = DIRECTION('',(0.,-1.,0.));
#9890 = ORIENTED_EDGE('',*,*,#9891,.F.);
#9891 = EDGE_CURVE('',#9892,#9884,#9894,.T.);
#9892 = VERTEX_POINT('',#9893);
#9893 = CARTESIAN_POINT('',(-4.24,1.905,0.939877074976));
#9894 = CIRCLE('',#9895,0.25);
#9895 = AXIS2_PLACEMENT_3D('',#9896,#9897,#9898);
#9896 = CARTESIAN_POINT('',(-4.237701336216,1.905,0.68988764291));
#9897 = DIRECTION('',(0.,-1.,0.));
#9898 = DIRECTION('',(-3.5527136788E-15,0.,1.));
#9899 = ORIENTED_EDGE('',*,*,#9900,.F.);
#9900 = EDGE_CURVE('',#9901,#9892,#9903,.T.);
#9901 = VERTEX_POINT('',#9902);
#9902 = CARTESIAN_POINT('',(-4.24,1.785,0.939877074976));
#9903 = LINE('',#9904,#9905);
#9904 = CARTESIAN_POINT('',(-4.24,2.775,0.939877074976));
#9905 = VECTOR('',#9906,1.);
#9906 = DIRECTION('',(0.,1.,0.));
#9907 = ORIENTED_EDGE('',*,*,#9908,.F.);
#9908 = EDGE_CURVE('',#9909,#9901,#9911,.T.);
#9909 = VERTEX_POINT('',#9910);
#9910 = CARTESIAN_POINT('',(-4.237701336216,1.785,0.93988764291));
#9911 = CIRCLE('',#9912,0.25);
#9912 = AXIS2_PLACEMENT_3D('',#9913,#9914,#9915);
#9913 = CARTESIAN_POINT('',(-4.237701336216,1.785,0.68988764291));
#9914 = DIRECTION('',(0.,-1.,0.));
#9915 = DIRECTION('',(-3.5527136788E-15,0.,1.));
#9916 = ORIENTED_EDGE('',*,*,#9917,.F.);
#9917 = EDGE_CURVE('',#9809,#9909,#9918,.T.);
#9918 = LINE('',#9919,#9920);
#9919 = CARTESIAN_POINT('',(-4.237701336216,2.775,0.93988764291));
#9920 = VECTOR('',#9921,1.);
#9921 = DIRECTION('',(0.,-1.,0.));
#9922 = ORIENTED_EDGE('',*,*,#9808,.T.);
#9923 = CYLINDRICAL_SURFACE('',#9924,0.25);
#9924 = AXIS2_PLACEMENT_3D('',#9925,#9926,#9927);
#9925 = CARTESIAN_POINT('',(-4.237701336216,2.775,0.68988764291));
#9926 = DIRECTION('',(0.,1.,0.));
#9927 = DIRECTION('',(-3.5527136788E-15,0.,1.));
#9928 = ADVANCED_FACE('',(#9929),#9979,.T.);
#9929 = FACE_BOUND('',#9930,.T.);
#9930 = EDGE_LOOP('',(#9931,#9932,#9940,#9948,#9956,#9964,#9972,#9978));
#9931 = ORIENTED_EDGE('',*,*,#9852,.F.);
#9932 = ORIENTED_EDGE('',*,*,#9933,.T.);
#9933 = EDGE_CURVE('',#9845,#9934,#9936,.T.);
#9934 = VERTEX_POINT('',#9935);
#9935 = CARTESIAN_POINT('',(-3.49,2.655,0.93988764291));
#9936 = LINE('',#9937,#9938);
#9937 = CARTESIAN_POINT('',(-3.49,3.0125,0.93988764291));
#9938 = VECTOR('',#9939,1.);
#9939 = DIRECTION('',(0.,-1.,0.));
#9940 = ORIENTED_EDGE('',*,*,#9941,.F.);
#9941 = EDGE_CURVE('',#9942,#9934,#9944,.T.);
#9942 = VERTEX_POINT('',#9943);
#9943 = CARTESIAN_POINT('',(-2.237701336216,2.655,0.93988764291));
#9944 = LINE('',#9945,#9946);
#9945 = CARTESIAN_POINT('',(-2.237701336216,2.655,0.93988764291));
#9946 = VECTOR('',#9947,1.);
#9947 = DIRECTION('',(-1.,0.,1.110223024625E-16));
#9948 = ORIENTED_EDGE('',*,*,#9949,.T.);
#9949 = EDGE_CURVE('',#9942,#9950,#9952,.T.);
#9950 = VERTEX_POINT('',#9951);
#9951 = CARTESIAN_POINT('',(-2.237701336216,1.905,0.93988764291));
#9952 = LINE('',#9953,#9954);
#9953 = CARTESIAN_POINT('',(-2.237701336216,2.655,0.93988764291));
#9954 = VECTOR('',#9955,1.);
#9955 = DIRECTION('',(0.,-1.,0.));
#9956 = ORIENTED_EDGE('',*,*,#9957,.T.);
#9957 = EDGE_CURVE('',#9950,#9958,#9960,.T.);
#9958 = VERTEX_POINT('',#9959);
#9959 = CARTESIAN_POINT('',(-3.49,1.905,0.93988764291));
#9960 = LINE('',#9961,#9962);
#9961 = CARTESIAN_POINT('',(-2.237701336216,1.905,0.93988764291));
#9962 = VECTOR('',#9963,1.);
#9963 = DIRECTION('',(-1.,0.,1.110223024625E-16));
#9964 = ORIENTED_EDGE('',*,*,#9965,.T.);
#9965 = EDGE_CURVE('',#9958,#9966,#9968,.T.);
#9966 = VERTEX_POINT('',#9967);
#9967 = CARTESIAN_POINT('',(-3.49,1.785,0.93988764291));
#9968 = LINE('',#9969,#9970);
#9969 = CARTESIAN_POINT('',(-3.49,3.0125,0.93988764291));
#9970 = VECTOR('',#9971,1.);
#9971 = DIRECTION('',(0.,-1.,0.));
#9972 = ORIENTED_EDGE('',*,*,#9973,.T.);
#9973 = EDGE_CURVE('',#9966,#9909,#9974,.T.);
#9974 = LINE('',#9975,#9976);
#9975 = CARTESIAN_POINT('',(-2.237701336216,1.785,0.93988764291));
#9976 = VECTOR('',#9977,1.);
#9977 = DIRECTION('',(-1.,0.,1.110223024625E-16));
#9978 = ORIENTED_EDGE('',*,*,#9917,.F.);
#9979 = PLANE('',#9980);
#9980 = AXIS2_PLACEMENT_3D('',#9981,#9982,#9983);
#9981 = CARTESIAN_POINT('',(-2.237701336216,2.775,0.93988764291));
#9982 = DIRECTION('',(-1.110223024625E-16,-0.,-1.));
#9983 = DIRECTION('',(-1.,0.,1.110223024625E-16));
#9984 = ADVANCED_FACE('',(#9985),#10003,.T.);
#9985 = FACE_BOUND('',#9986,.T.);
#9986 = EDGE_LOOP('',(#9987,#9988,#9996,#10002));
#9987 = ORIENTED_EDGE('',*,*,#9844,.F.);
#9988 = ORIENTED_EDGE('',*,*,#9989,.F.);
#9989 = EDGE_CURVE('',#9990,#9837,#9992,.T.);
#9990 = VERTEX_POINT('',#9991);
#9991 = CARTESIAN_POINT('',(-3.49,2.655,1.43988764291));
#9992 = LINE('',#9993,#9994);
#9993 = CARTESIAN_POINT('',(-3.49,3.0125,1.43988764291));
#9994 = VECTOR('',#9995,1.);
#9995 = DIRECTION('',(0.,1.,0.));
#9996 = ORIENTED_EDGE('',*,*,#9997,.T.);
#9997 = EDGE_CURVE('',#9990,#9934,#9998,.T.);
#9998 = LINE('',#9999,#10000);
#9999 = CARTESIAN_POINT('',(-3.49,2.655,0.437372862773));
#10000 = VECTOR('',#10001,1.);
#10001 = DIRECTION('',(0.,-5.472315783042E-31,-1.));
#10002 = ORIENTED_EDGE('',*,*,#9933,.F.);
#10003 = PLANE('',#10004);
#10004 = AXIS2_PLACEMENT_3D('',#10005,#10006,#10007);
#10005 = CARTESIAN_POINT('',(-3.49,3.25,0.));
#10006 = DIRECTION('',(1.,0.,0.));
#10007 = DIRECTION('',(0.,-1.,0.));
#10008 = ADVANCED_FACE('',(#10009),#10059,.T.);
#10009 = FACE_BOUND('',#10010,.T.);
#10010 = EDGE_LOOP('',(#10011,#10012,#10020,#10028,#10036,#10044,#10052,
    #10058));
#10011 = ORIENTED_EDGE('',*,*,#9836,.F.);
#10012 = ORIENTED_EDGE('',*,*,#10013,.T.);
#10013 = EDGE_CURVE('',#9828,#10014,#10016,.T.);
#10014 = VERTEX_POINT('',#10015);
#10015 = CARTESIAN_POINT('',(-4.237701336216,1.785,1.43988764291));
#10016 = LINE('',#10017,#10018);
#10017 = CARTESIAN_POINT('',(-4.237701336216,2.775,1.43988764291));
#10018 = VECTOR('',#10019,1.);
#10019 = DIRECTION('',(0.,-1.,0.));
#10020 = ORIENTED_EDGE('',*,*,#10021,.T.);
#10021 = EDGE_CURVE('',#10014,#10022,#10024,.T.);
#10022 = VERTEX_POINT('',#10023);
#10023 = CARTESIAN_POINT('',(-3.49,1.785,1.43988764291));
#10024 = LINE('',#10025,#10026);
#10025 = CARTESIAN_POINT('',(-4.237701336216,1.785,1.43988764291));
#10026 = VECTOR('',#10027,1.);
#10027 = DIRECTION('',(1.,0.,-1.110223024625E-16));
#10028 = ORIENTED_EDGE('',*,*,#10029,.T.);
#10029 = EDGE_CURVE('',#10022,#10030,#10032,.T.);
#10030 = VERTEX_POINT('',#10031);
#10031 = CARTESIAN_POINT('',(-3.49,1.905,1.43988764291));
#10032 = LINE('',#10033,#10034);
#10033 = CARTESIAN_POINT('',(-3.49,3.0125,1.43988764291));
#10034 = VECTOR('',#10035,1.);
#10035 = DIRECTION('',(0.,1.,0.));
#10036 = ORIENTED_EDGE('',*,*,#10037,.T.);
#10037 = EDGE_CURVE('',#10030,#10038,#10040,.T.);
#10038 = VERTEX_POINT('',#10039);
#10039 = CARTESIAN_POINT('',(-2.237701336216,1.905,1.43988764291));
#10040 = LINE('',#10041,#10042);
#10041 = CARTESIAN_POINT('',(-4.237701336216,1.905,1.43988764291));
#10042 = VECTOR('',#10043,1.);
#10043 = DIRECTION('',(1.,0.,-1.110223024625E-16));
#10044 = ORIENTED_EDGE('',*,*,#10045,.F.);
#10045 = EDGE_CURVE('',#10046,#10038,#10048,.T.);
#10046 = VERTEX_POINT('',#10047);
#10047 = CARTESIAN_POINT('',(-2.237701336216,2.655,1.43988764291));
#10048 = LINE('',#10049,#10050);
#10049 = CARTESIAN_POINT('',(-2.237701336216,2.655,1.43988764291));
#10050 = VECTOR('',#10051,1.);
#10051 = DIRECTION('',(0.,-1.,0.));
#10052 = ORIENTED_EDGE('',*,*,#10053,.F.);
#10053 = EDGE_CURVE('',#9990,#10046,#10054,.T.);
#10054 = LINE('',#10055,#10056);
#10055 = CARTESIAN_POINT('',(-4.237701336216,2.655,1.43988764291));
#10056 = VECTOR('',#10057,1.);
#10057 = DIRECTION('',(1.,0.,-1.110223024625E-16));
#10058 = ORIENTED_EDGE('',*,*,#9989,.T.);
#10059 = PLANE('',#10060);
#10060 = AXIS2_PLACEMENT_3D('',#10061,#10062,#10063);
#10061 = CARTESIAN_POINT('',(-4.237701336216,2.775,1.43988764291));
#10062 = DIRECTION('',(1.110223024625E-16,0.,1.));
#10063 = DIRECTION('',(1.,0.,-1.110223024625E-16));
#10064 = ADVANCED_FACE('',(#10065),#10118,.T.);
#10065 = FACE_BOUND('',#10066,.T.);
#10066 = EDGE_LOOP('',(#10067,#10068,#10076,#10085,#10093,#10102,#10110,
    #10117));
#10067 = ORIENTED_EDGE('',*,*,#9827,.F.);
#10068 = ORIENTED_EDGE('',*,*,#10069,.F.);
#10069 = EDGE_CURVE('',#10070,#9820,#10072,.T.);
#10070 = VERTEX_POINT('',#10071);
#10071 = CARTESIAN_POINT('',(-4.24,2.655,1.439884120332));
#10072 = LINE('',#10073,#10074);
#10073 = CARTESIAN_POINT('',(-4.24,2.775,1.439884120332));
#10074 = VECTOR('',#10075,1.);
#10075 = DIRECTION('',(0.,1.,0.));
#10076 = ORIENTED_EDGE('',*,*,#10077,.F.);
#10077 = EDGE_CURVE('',#10078,#10070,#10080,.T.);
#10078 = VERTEX_POINT('',#10079);
#10079 = CARTESIAN_POINT('',(-4.942470801806,2.655,0.946402750404));
#10080 = CIRCLE('',#10081,0.75);
#10081 = AXIS2_PLACEMENT_3D('',#10082,#10083,#10084);
#10082 = CARTESIAN_POINT('',(-4.237701336216,2.655,0.68988764291));
#10083 = DIRECTION('',(0.,1.,-0.));
#10084 = DIRECTION('',(-0.939692620786,0.,0.342020143326));
#10085 = ORIENTED_EDGE('',*,*,#10086,.T.);
#10086 = EDGE_CURVE('',#10078,#10087,#10089,.T.);
#10087 = VERTEX_POINT('',#10088);
#10088 = CARTESIAN_POINT('',(-4.942470801806,1.905,0.946402750404));
#10089 = LINE('',#10090,#10091);
#10090 = CARTESIAN_POINT('',(-4.942470801806,2.655,0.946402750404));
#10091 = VECTOR('',#10092,1.);
#10092 = DIRECTION('',(0.,-1.,0.));
#10093 = ORIENTED_EDGE('',*,*,#10094,.T.);
#10094 = EDGE_CURVE('',#10087,#10095,#10097,.T.);
#10095 = VERTEX_POINT('',#10096);
#10096 = CARTESIAN_POINT('',(-4.24,1.905,1.439884120332));
#10097 = CIRCLE('',#10098,0.75);
#10098 = AXIS2_PLACEMENT_3D('',#10099,#10100,#10101);
#10099 = CARTESIAN_POINT('',(-4.237701336216,1.905,0.68988764291));
#10100 = DIRECTION('',(0.,1.,-0.));
#10101 = DIRECTION('',(-0.939692620786,0.,0.342020143326));
#10102 = ORIENTED_EDGE('',*,*,#10103,.F.);
#10103 = EDGE_CURVE('',#10104,#10095,#10106,.T.);
#10104 = VERTEX_POINT('',#10105);
#10105 = CARTESIAN_POINT('',(-4.24,1.785,1.439884120332));
#10106 = LINE('',#10107,#10108);
#10107 = CARTESIAN_POINT('',(-4.24,2.775,1.439884120332));
#10108 = VECTOR('',#10109,1.);
#10109 = DIRECTION('',(0.,1.,0.));
#10110 = ORIENTED_EDGE('',*,*,#10111,.T.);
#10111 = EDGE_CURVE('',#10104,#10014,#10112,.T.);
#10112 = CIRCLE('',#10113,0.75);
#10113 = AXIS2_PLACEMENT_3D('',#10114,#10115,#10116);
#10114 = CARTESIAN_POINT('',(-4.237701336216,1.785,0.68988764291));
#10115 = DIRECTION('',(0.,1.,-0.));
#10116 = DIRECTION('',(-0.939692620786,0.,0.342020143326));
#10117 = ORIENTED_EDGE('',*,*,#10013,.F.);
#10118 = CYLINDRICAL_SURFACE('',#10119,0.75);
#10119 = AXIS2_PLACEMENT_3D('',#10120,#10121,#10122);
#10120 = CARTESIAN_POINT('',(-4.237701336216,2.775,0.68988764291));
#10121 = DIRECTION('',(0.,1.,0.));
#10122 = DIRECTION('',(-0.939692620786,0.,0.342020143326));
#10123 = ADVANCED_FACE('',(#10124),#10135,.T.);
#10124 = FACE_BOUND('',#10125,.T.);
#10125 = EDGE_LOOP('',(#10126,#10127,#10128,#10134));
#10126 = ORIENTED_EDGE('',*,*,#9819,.F.);
#10127 = ORIENTED_EDGE('',*,*,#9866,.F.);
#10128 = ORIENTED_EDGE('',*,*,#10129,.T.);
#10129 = EDGE_CURVE('',#9867,#10070,#10130,.T.);
#10130 = LINE('',#10131,#10132);
#10131 = CARTESIAN_POINT('',(-4.24,2.655,0.437372862773));
#10132 = VECTOR('',#10133,1.);
#10133 = DIRECTION('',(0.,5.472315783042E-31,1.));
#10134 = ORIENTED_EDGE('',*,*,#10069,.T.);
#10135 = PLANE('',#10136);
#10136 = AXIS2_PLACEMENT_3D('',#10137,#10138,#10139);
#10137 = CARTESIAN_POINT('',(-4.24,-3.25,0.));
#10138 = DIRECTION('',(-1.,0.,0.));
#10139 = DIRECTION('',(0.,1.,0.));
#10140 = ADVANCED_FACE('',(#10141),#10152,.T.);
#10141 = FACE_BOUND('',#10142,.T.);
#10142 = EDGE_LOOP('',(#10143,#10144,#10145,#10151));
#10143 = ORIENTED_EDGE('',*,*,#9997,.F.);
#10144 = ORIENTED_EDGE('',*,*,#10053,.T.);
#10145 = ORIENTED_EDGE('',*,*,#10146,.T.);
#10146 = EDGE_CURVE('',#10046,#9942,#10147,.T.);
#10147 = LINE('',#10148,#10149);
#10148 = CARTESIAN_POINT('',(-2.237701336216,2.655,1.43988764291));
#10149 = VECTOR('',#10150,1.);
#10150 = DIRECTION('',(0.,0.,-1.));
#10151 = ORIENTED_EDGE('',*,*,#9941,.T.);
#10152 = PLANE('',#10153);
#10153 = AXIS2_PLACEMENT_3D('',#10154,#10155,#10156);
#10154 = CARTESIAN_POINT('',(-4.091426690538,2.655,0.874745725546));
#10155 = DIRECTION('',(1.925014880134E-31,1.,-5.472315783042E-31));
#10156 = DIRECTION('',(0.,5.472315783042E-31,1.));
#10157 = ADVANCED_FACE('',(#10158),#10219,.T.);
#10158 = FACE_BOUND('',#10159,.T.);
#10159 = EDGE_LOOP('',(#10160,#10170,#10178,#10187,#10193,#10194,#10195,
    #10196,#10204,#10213));
#10160 = ORIENTED_EDGE('',*,*,#10161,.T.);
#10161 = EDGE_CURVE('',#10162,#10164,#10166,.T.);
#10162 = VERTEX_POINT('',#10163);
#10163 = CARTESIAN_POINT('',(-5.79,2.655,-2.70609920631E-16));
#10164 = VERTEX_POINT('',#10165);
#10165 = CARTESIAN_POINT('',(-5.79,2.655,0.5));
#10166 = LINE('',#10167,#10168);
#10167 = CARTESIAN_POINT('',(-5.79,2.655,-2.70609920631E-16));
#10168 = VECTOR('',#10169,1.);
#10169 = DIRECTION('',(1.7763568394E-15,0.,1.));
#10170 = ORIENTED_EDGE('',*,*,#10171,.T.);
#10171 = EDGE_CURVE('',#10164,#10172,#10174,.T.);
#10172 = VERTEX_POINT('',#10173);
#10173 = CARTESIAN_POINT('',(-5.28,2.655,0.5));
#10174 = LINE('',#10175,#10176);
#10175 = CARTESIAN_POINT('',(-5.79,2.655,0.5));
#10176 = VECTOR('',#10177,1.);
#10177 = DIRECTION('',(1.,0.,0.));
#10178 = ORIENTED_EDGE('',*,*,#10179,.T.);
#10179 = EDGE_CURVE('',#10172,#10180,#10182,.T.);
#10180 = VERTEX_POINT('',#10181);
#10181 = CARTESIAN_POINT('',(-5.045076844804,2.655,0.664494964169));
#10182 = CIRCLE('',#10183,0.25);
#10183 = AXIS2_PLACEMENT_3D('',#10184,#10185,#10186);
#10184 = CARTESIAN_POINT('',(-5.28,2.655,0.75));
#10185 = DIRECTION('',(0.,-1.,0.));
#10186 = DIRECTION('',(0.,0.,-1.));
#10187 = ORIENTED_EDGE('',*,*,#10188,.T.);
#10188 = EDGE_CURVE('',#10180,#10078,#10189,.T.);
#10189 = LINE('',#10190,#10191);
#10190 = CARTESIAN_POINT('',(-5.045076844804,2.655,0.664494964169));
#10191 = VECTOR('',#10192,1.);
#10192 = DIRECTION('',(0.342020143326,0.,0.939692620786));
#10193 = ORIENTED_EDGE('',*,*,#10077,.T.);
#10194 = ORIENTED_EDGE('',*,*,#10129,.F.);
#10195 = ORIENTED_EDGE('',*,*,#9874,.T.);
#10196 = ORIENTED_EDGE('',*,*,#10197,.T.);
#10197 = EDGE_CURVE('',#9875,#10198,#10200,.T.);
#10198 = VERTEX_POINT('',#10199);
#10199 = CARTESIAN_POINT('',(-4.575230534411,2.655,0.493484892506));
#10200 = LINE('',#10201,#10202);
#10201 = CARTESIAN_POINT('',(-4.472624491413,2.655,0.775392678742));
#10202 = VECTOR('',#10203,1.);
#10203 = DIRECTION('',(-0.342020143326,0.,-0.939692620786));
#10204 = ORIENTED_EDGE('',*,*,#10205,.T.);
#10205 = EDGE_CURVE('',#10198,#10206,#10208,.T.);
#10206 = VERTEX_POINT('',#10207);
#10207 = CARTESIAN_POINT('',(-5.28,2.655,-2.22044604925E-16));
#10208 = CIRCLE('',#10209,0.75);
#10209 = AXIS2_PLACEMENT_3D('',#10210,#10211,#10212);
#10210 = CARTESIAN_POINT('',(-5.28,2.655,0.75));
#10211 = DIRECTION('',(0.,1.,0.));
#10212 = DIRECTION('',(0.939692620786,0.,-0.342020143326));
#10213 = ORIENTED_EDGE('',*,*,#10214,.T.);
#10214 = EDGE_CURVE('',#10206,#10162,#10215,.T.);
#10215 = LINE('',#10216,#10217);
#10216 = CARTESIAN_POINT('',(-5.28,2.655,-2.22044604925E-16));
#10217 = VECTOR('',#10218,1.);
#10218 = DIRECTION('',(-1.,0.,-9.522610922745E-17));
#10219 = PLANE('',#10220);
#10220 = AXIS2_PLACEMENT_3D('',#10221,#10222,#10223);
#10221 = CARTESIAN_POINT('',(-4.091426690538,2.655,0.874745725546));
#10222 = DIRECTION('',(1.925014880134E-31,1.,-5.472315783042E-31));
#10223 = DIRECTION('',(0.,5.472315783042E-31,1.));
#10224 = ADVANCED_FACE('',(#10225),#10236,.T.);
#10225 = FACE_BOUND('',#10226,.T.);
#10226 = EDGE_LOOP('',(#10227,#10228,#10234,#10235));
#10227 = ORIENTED_EDGE('',*,*,#10045,.T.);
#10228 = ORIENTED_EDGE('',*,*,#10229,.T.);
#10229 = EDGE_CURVE('',#10038,#9950,#10230,.T.);
#10230 = LINE('',#10231,#10232);
#10231 = CARTESIAN_POINT('',(-2.237701336216,1.905,1.43988764291));
#10232 = VECTOR('',#10233,1.);
#10233 = DIRECTION('',(0.,0.,-1.));
#10234 = ORIENTED_EDGE('',*,*,#9949,.F.);
#10235 = ORIENTED_EDGE('',*,*,#10146,.F.);
#10236 = PLANE('',#10237);
#10237 = AXIS2_PLACEMENT_3D('',#10238,#10239,#10240);
#10238 = CARTESIAN_POINT('',(-2.237701336216,2.655,1.43988764291));
#10239 = DIRECTION('',(1.,0.,0.));
#10240 = DIRECTION('',(0.,0.,-1.));
#10241 = ADVANCED_FACE('',(#10242),#10267,.T.);
#10242 = FACE_BOUND('',#10243,.T.);
#10243 = EDGE_LOOP('',(#10244,#10252,#10260,#10266));
#10244 = ORIENTED_EDGE('',*,*,#10245,.T.);
#10245 = EDGE_CURVE('',#10162,#10246,#10248,.T.);
#10246 = VERTEX_POINT('',#10247);
#10247 = CARTESIAN_POINT('',(-5.79,1.905,-2.70609920631E-16));
#10248 = LINE('',#10249,#10250);
#10249 = CARTESIAN_POINT('',(-5.79,2.655,-2.70609920631E-16));
#10250 = VECTOR('',#10251,1.);
#10251 = DIRECTION('',(0.,-1.,0.));
#10252 = ORIENTED_EDGE('',*,*,#10253,.T.);
#10253 = EDGE_CURVE('',#10246,#10254,#10256,.T.);
#10254 = VERTEX_POINT('',#10255);
#10255 = CARTESIAN_POINT('',(-5.79,1.905,0.5));
#10256 = LINE('',#10257,#10258);
#10257 = CARTESIAN_POINT('',(-5.79,1.905,-2.70609920631E-16));
#10258 = VECTOR('',#10259,1.);
#10259 = DIRECTION('',(1.7763568394E-15,0.,1.));
#10260 = ORIENTED_EDGE('',*,*,#10261,.F.);
#10261 = EDGE_CURVE('',#10164,#10254,#10262,.T.);
#10262 = LINE('',#10263,#10264);
#10263 = CARTESIAN_POINT('',(-5.79,2.655,0.5));
#10264 = VECTOR('',#10265,1.);
#10265 = DIRECTION('',(0.,-1.,0.));
#10266 = ORIENTED_EDGE('',*,*,#10161,.F.);
#10267 = PLANE('',#10268);
#10268 = AXIS2_PLACEMENT_3D('',#10269,#10270,#10271);
#10269 = CARTESIAN_POINT('',(-5.79,2.655,-2.70609920631E-16));
#10270 = DIRECTION('',(-1.,0.,1.7763568394E-15));
#10271 = DIRECTION('',(1.7763568394E-15,0.,1.));
#10272 = ADVANCED_FACE('',(#10273),#10291,.T.);
#10273 = FACE_BOUND('',#10274,.T.);
#10274 = EDGE_LOOP('',(#10275,#10283,#10289,#10290));
#10275 = ORIENTED_EDGE('',*,*,#10276,.T.);
#10276 = EDGE_CURVE('',#10206,#10277,#10279,.T.);
#10277 = VERTEX_POINT('',#10278);
#10278 = CARTESIAN_POINT('',(-5.28,1.905,-2.22044604925E-16));
#10279 = LINE('',#10280,#10281);
#10280 = CARTESIAN_POINT('',(-5.28,2.655,-2.22044604925E-16));
#10281 = VECTOR('',#10282,1.);
#10282 = DIRECTION('',(0.,-1.,0.));
#10283 = ORIENTED_EDGE('',*,*,#10284,.T.);
#10284 = EDGE_CURVE('',#10277,#10246,#10285,.T.);
#10285 = LINE('',#10286,#10287);
#10286 = CARTESIAN_POINT('',(-5.28,1.905,-2.22044604925E-16));
#10287 = VECTOR('',#10288,1.);
#10288 = DIRECTION('',(-1.,0.,-9.522610922745E-17));
#10289 = ORIENTED_EDGE('',*,*,#10245,.F.);
#10290 = ORIENTED_EDGE('',*,*,#10214,.F.);
#10291 = PLANE('',#10292);
#10292 = AXIS2_PLACEMENT_3D('',#10293,#10294,#10295);
#10293 = CARTESIAN_POINT('',(-5.28,2.655,-2.22044604925E-16));
#10294 = DIRECTION('',(9.522610922745E-17,0.,-1.));
#10295 = DIRECTION('',(-1.,0.,-9.522610922745E-17));
#10296 = ADVANCED_FACE('',(#10297),#10316,.T.);
#10297 = FACE_BOUND('',#10298,.T.);
#10298 = EDGE_LOOP('',(#10299,#10307,#10314,#10315));
#10299 = ORIENTED_EDGE('',*,*,#10300,.T.);
#10300 = EDGE_CURVE('',#10198,#10301,#10303,.T.);
#10301 = VERTEX_POINT('',#10302);
#10302 = CARTESIAN_POINT('',(-4.575230534411,1.905,0.493484892506));
#10303 = LINE('',#10304,#10305);
#10304 = CARTESIAN_POINT('',(-4.575230534411,2.655,0.493484892506));
#10305 = VECTOR('',#10306,1.);
#10306 = DIRECTION('',(0.,-1.,0.));
#10307 = ORIENTED_EDGE('',*,*,#10308,.T.);
#10308 = EDGE_CURVE('',#10301,#10277,#10309,.T.);
#10309 = CIRCLE('',#10310,0.75);
#10310 = AXIS2_PLACEMENT_3D('',#10311,#10312,#10313);
#10311 = CARTESIAN_POINT('',(-5.28,1.905,0.75));
#10312 = DIRECTION('',(0.,1.,0.));
#10313 = DIRECTION('',(0.939692620786,0.,-0.342020143326));
#10314 = ORIENTED_EDGE('',*,*,#10276,.F.);
#10315 = ORIENTED_EDGE('',*,*,#10205,.F.);
#10316 = CYLINDRICAL_SURFACE('',#10317,0.75);
#10317 = AXIS2_PLACEMENT_3D('',#10318,#10319,#10320);
#10318 = CARTESIAN_POINT('',(-5.28,2.655,0.75));
#10319 = DIRECTION('',(0.,1.,0.));
#10320 = DIRECTION('',(0.939692620786,0.,-0.342020143326));
#10321 = ADVANCED_FACE('',(#10322),#10333,.T.);
#10322 = FACE_BOUND('',#10323,.T.);
#10323 = EDGE_LOOP('',(#10324,#10325,#10331,#10332));
#10324 = ORIENTED_EDGE('',*,*,#9883,.T.);
#10325 = ORIENTED_EDGE('',*,*,#10326,.T.);
#10326 = EDGE_CURVE('',#9884,#10301,#10327,.T.);
#10327 = LINE('',#10328,#10329);
#10328 = CARTESIAN_POINT('',(-4.472624491413,1.905,0.775392678742));
#10329 = VECTOR('',#10330,1.);
#10330 = DIRECTION('',(-0.342020143326,0.,-0.939692620786));
#10331 = ORIENTED_EDGE('',*,*,#10300,.F.);
#10332 = ORIENTED_EDGE('',*,*,#10197,.F.);
#10333 = PLANE('',#10334);
#10334 = AXIS2_PLACEMENT_3D('',#10335,#10336,#10337);
#10335 = CARTESIAN_POINT('',(-4.472624491413,2.655,0.775392678742));
#10336 = DIRECTION('',(0.939692620786,0.,-0.342020143326));
#10337 = DIRECTION('',(-0.342020143326,0.,-0.939692620786));
#10338 = ADVANCED_FACE('',(#10339),#10357,.T.);
#10339 = FACE_BOUND('',#10340,.T.);
#10340 = EDGE_LOOP('',(#10341,#10349,#10355,#10356));
#10341 = ORIENTED_EDGE('',*,*,#10342,.T.);
#10342 = EDGE_CURVE('',#10180,#10343,#10345,.T.);
#10343 = VERTEX_POINT('',#10344);
#10344 = CARTESIAN_POINT('',(-5.045076844804,1.905,0.664494964169));
#10345 = LINE('',#10346,#10347);
#10346 = CARTESIAN_POINT('',(-5.045076844804,2.655,0.664494964169));
#10347 = VECTOR('',#10348,1.);
#10348 = DIRECTION('',(0.,-1.,0.));
#10349 = ORIENTED_EDGE('',*,*,#10350,.T.);
#10350 = EDGE_CURVE('',#10343,#10087,#10351,.T.);
#10351 = LINE('',#10352,#10353);
#10352 = CARTESIAN_POINT('',(-5.045076844804,1.905,0.664494964169));
#10353 = VECTOR('',#10354,1.);
#10354 = DIRECTION('',(0.342020143326,0.,0.939692620786));
#10355 = ORIENTED_EDGE('',*,*,#10086,.F.);
#10356 = ORIENTED_EDGE('',*,*,#10188,.F.);
#10357 = PLANE('',#10358);
#10358 = AXIS2_PLACEMENT_3D('',#10359,#10360,#10361);
#10359 = CARTESIAN_POINT('',(-5.045076844804,2.655,0.664494964169));
#10360 = DIRECTION('',(-0.939692620786,0.,0.342020143326));
#10361 = DIRECTION('',(0.342020143326,0.,0.939692620786));
#10362 = ADVANCED_FACE('',(#10363),#10382,.F.);
#10363 = FACE_BOUND('',#10364,.F.);
#10364 = EDGE_LOOP('',(#10365,#10366,#10367,#10376));
#10365 = ORIENTED_EDGE('',*,*,#10179,.T.);
#10366 = ORIENTED_EDGE('',*,*,#10342,.T.);
#10367 = ORIENTED_EDGE('',*,*,#10368,.F.);
#10368 = EDGE_CURVE('',#10369,#10343,#10371,.T.);
#10369 = VERTEX_POINT('',#10370);
#10370 = CARTESIAN_POINT('',(-5.28,1.905,0.5));
#10371 = CIRCLE('',#10372,0.25);
#10372 = AXIS2_PLACEMENT_3D('',#10373,#10374,#10375);
#10373 = CARTESIAN_POINT('',(-5.28,1.905,0.75));
#10374 = DIRECTION('',(0.,-1.,0.));
#10375 = DIRECTION('',(0.,0.,-1.));
#10376 = ORIENTED_EDGE('',*,*,#10377,.F.);
#10377 = EDGE_CURVE('',#10172,#10369,#10378,.T.);
#10378 = LINE('',#10379,#10380);
#10379 = CARTESIAN_POINT('',(-5.28,2.655,0.5));
#10380 = VECTOR('',#10381,1.);
#10381 = DIRECTION('',(0.,-1.,0.));
#10382 = CYLINDRICAL_SURFACE('',#10383,0.25);
#10383 = AXIS2_PLACEMENT_3D('',#10384,#10385,#10386);
#10384 = CARTESIAN_POINT('',(-5.28,2.655,0.75));
#10385 = DIRECTION('',(0.,1.,0.));
#10386 = DIRECTION('',(0.,0.,-1.));
#10387 = ADVANCED_FACE('',(#10388),#10399,.T.);
#10388 = FACE_BOUND('',#10389,.T.);
#10389 = EDGE_LOOP('',(#10390,#10391,#10397,#10398));
#10390 = ORIENTED_EDGE('',*,*,#10261,.T.);
#10391 = ORIENTED_EDGE('',*,*,#10392,.T.);
#10392 = EDGE_CURVE('',#10254,#10369,#10393,.T.);
#10393 = LINE('',#10394,#10395);
#10394 = CARTESIAN_POINT('',(-5.79,1.905,0.5));
#10395 = VECTOR('',#10396,1.);
#10396 = DIRECTION('',(1.,0.,0.));
#10397 = ORIENTED_EDGE('',*,*,#10377,.F.);
#10398 = ORIENTED_EDGE('',*,*,#10171,.F.);
#10399 = PLANE('',#10400);
#10400 = AXIS2_PLACEMENT_3D('',#10401,#10402,#10403);
#10401 = CARTESIAN_POINT('',(-5.79,2.655,0.5));
#10402 = DIRECTION('',(0.,0.,1.));
#10403 = DIRECTION('',(1.,0.,0.));
#10404 = ADVANCED_FACE('',(#10405),#10422,.F.);
#10405 = FACE_BOUND('',#10406,.F.);
#10406 = EDGE_LOOP('',(#10407,#10408,#10409,#10410,#10411,#10412,#10418,
    #10419,#10420,#10421));
#10407 = ORIENTED_EDGE('',*,*,#10253,.T.);
#10408 = ORIENTED_EDGE('',*,*,#10392,.T.);
#10409 = ORIENTED_EDGE('',*,*,#10368,.T.);
#10410 = ORIENTED_EDGE('',*,*,#10350,.T.);
#10411 = ORIENTED_EDGE('',*,*,#10094,.T.);
#10412 = ORIENTED_EDGE('',*,*,#10413,.F.);
#10413 = EDGE_CURVE('',#9892,#10095,#10414,.T.);
#10414 = LINE('',#10415,#10416);
#10415 = CARTESIAN_POINT('',(-4.24,1.905,0.437372862773));
#10416 = VECTOR('',#10417,1.);
#10417 = DIRECTION('',(0.,5.472315783042E-31,1.));
#10418 = ORIENTED_EDGE('',*,*,#9891,.T.);
#10419 = ORIENTED_EDGE('',*,*,#10326,.T.);
#10420 = ORIENTED_EDGE('',*,*,#10308,.T.);
#10421 = ORIENTED_EDGE('',*,*,#10284,.T.);
#10422 = PLANE('',#10423);
#10423 = AXIS2_PLACEMENT_3D('',#10424,#10425,#10426);
#10424 = CARTESIAN_POINT('',(-4.091426690538,1.905,0.874745725546));
#10425 = DIRECTION('',(1.925014880134E-31,1.,-5.472315783042E-31));
#10426 = DIRECTION('',(0.,5.472315783042E-31,1.));
#10427 = ADVANCED_FACE('',(#10428),#10439,.T.);
#10428 = FACE_BOUND('',#10429,.T.);
#10429 = EDGE_LOOP('',(#10430,#10431,#10432,#10438));
#10430 = ORIENTED_EDGE('',*,*,#10413,.F.);
#10431 = ORIENTED_EDGE('',*,*,#9900,.F.);
#10432 = ORIENTED_EDGE('',*,*,#10433,.T.);
#10433 = EDGE_CURVE('',#9901,#10104,#10434,.T.);
#10434 = LINE('',#10435,#10436);
#10435 = CARTESIAN_POINT('',(-4.24,1.785,0.437372862773));
#10436 = VECTOR('',#10437,1.);
#10437 = DIRECTION('',(0.,5.472315783042E-31,1.));
#10438 = ORIENTED_EDGE('',*,*,#10103,.T.);
#10439 = PLANE('',#10440);
#10440 = AXIS2_PLACEMENT_3D('',#10441,#10442,#10443);
#10441 = CARTESIAN_POINT('',(-4.24,-3.25,0.));
#10442 = DIRECTION('',(-1.,0.,0.));
#10443 = DIRECTION('',(0.,1.,0.));
#10444 = ADVANCED_FACE('',(#10445),#10458,.F.);
#10445 = FACE_BOUND('',#10446,.F.);
#10446 = EDGE_LOOP('',(#10447,#10448,#10449,#10450,#10451,#10457));
#10447 = ORIENTED_EDGE('',*,*,#9908,.T.);
#10448 = ORIENTED_EDGE('',*,*,#10433,.T.);
#10449 = ORIENTED_EDGE('',*,*,#10111,.T.);
#10450 = ORIENTED_EDGE('',*,*,#10021,.T.);
#10451 = ORIENTED_EDGE('',*,*,#10452,.T.);
#10452 = EDGE_CURVE('',#10022,#9966,#10453,.T.);
#10453 = LINE('',#10454,#10455);
#10454 = CARTESIAN_POINT('',(-3.49,1.785,0.437372862773));
#10455 = VECTOR('',#10456,1.);
#10456 = DIRECTION('',(0.,-5.472315783042E-31,-1.));
#10457 = ORIENTED_EDGE('',*,*,#9973,.T.);
#10458 = PLANE('',#10459);
#10459 = AXIS2_PLACEMENT_3D('',#10460,#10461,#10462);
#10460 = CARTESIAN_POINT('',(-4.091426690538,1.785,0.874745725546));
#10461 = DIRECTION('',(1.925014880134E-31,1.,-5.472315783042E-31));
#10462 = DIRECTION('',(0.,5.472315783042E-31,1.));
#10463 = ADVANCED_FACE('',(#10464),#10475,.T.);
#10464 = FACE_BOUND('',#10465,.T.);
#10465 = EDGE_LOOP('',(#10466,#10472,#10473,#10474));
#10466 = ORIENTED_EDGE('',*,*,#10467,.F.);
#10467 = EDGE_CURVE('',#10030,#9958,#10468,.T.);
#10468 = LINE('',#10469,#10470);
#10469 = CARTESIAN_POINT('',(-3.49,1.905,0.437372862773));
#10470 = VECTOR('',#10471,1.);
#10471 = DIRECTION('',(0.,-5.472315783042E-31,-1.));
#10472 = ORIENTED_EDGE('',*,*,#10029,.F.);
#10473 = ORIENTED_EDGE('',*,*,#10452,.T.);
#10474 = ORIENTED_EDGE('',*,*,#9965,.F.);
#10475 = PLANE('',#10476);
#10476 = AXIS2_PLACEMENT_3D('',#10477,#10478,#10479);
#10477 = CARTESIAN_POINT('',(-3.49,3.25,0.));
#10478 = DIRECTION('',(1.,0.,0.));
#10479 = DIRECTION('',(0.,-1.,0.));
#10480 = ADVANCED_FACE('',(#10481),#10487,.F.);
#10481 = FACE_BOUND('',#10482,.F.);
#10482 = EDGE_LOOP('',(#10483,#10484,#10485,#10486));
#10483 = ORIENTED_EDGE('',*,*,#10467,.F.);
#10484 = ORIENTED_EDGE('',*,*,#10037,.T.);
#10485 = ORIENTED_EDGE('',*,*,#10229,.T.);
#10486 = ORIENTED_EDGE('',*,*,#9957,.T.);
#10487 = PLANE('',#10488);
#10488 = AXIS2_PLACEMENT_3D('',#10489,#10490,#10491);
#10489 = CARTESIAN_POINT('',(-4.091426690538,1.905,0.874745725546));
#10490 = DIRECTION('',(1.925014880134E-31,1.,-5.472315783042E-31));
#10491 = DIRECTION('',(0.,5.472315783042E-31,1.));
#10492 = ( GEOMETRIC_REPRESENTATION_CONTEXT(3) 
GLOBAL_UNCERTAINTY_ASSIGNED_CONTEXT((#10496)) 
GLOBAL_UNIT_ASSIGNED_CONTEXT((#10493,#10494,#10495)) 
REPRESENTATION_CONTEXT('Context #1',
  '3D Context with UNIT and UNCERTAINTY') );
#10493 = ( LENGTH_UNIT() NAMED_UNIT(*) SI_UNIT(.MILLI.,.METRE.) );
#10494 = ( NAMED_UNIT(*) PLANE_ANGLE_UNIT() SI_UNIT($,.RADIAN.) );
#10495 = ( NAMED_UNIT(*) SI_UNIT($,.STERADIAN.) SOLID_ANGLE_UNIT() );
#10496 = UNCERTAINTY_MEASURE_WITH_UNIT(LENGTH_MEASURE(1.E-07),#10493,
  'distance_accuracy_value','confusion accuracy');
#10497 = CONTEXT_DEPENDENT_SHAPE_REPRESENTATION(#10498,#10500);
#10498 = ( REPRESENTATION_RELATIONSHIP('','',#7999,#7976) 
REPRESENTATION_RELATIONSHIP_WITH_TRANSFORMATION(#10499) 
SHAPE_REPRESENTATION_RELATIONSHIP() );
#10499 = ITEM_DEFINED_TRANSFORMATION('','',#11,#7977);
#10500 = PRODUCT_DEFINITION_SHAPE('Placement','Placement of an item',
  #10501);
#10501 = NEXT_ASSEMBLY_USAGE_OCCURRENCE('11','','',#7971,#7994,$);
#10502 = PRODUCT_RELATED_PRODUCT_CATEGORY('part',$,(#7996));
#10503 = SHAPE_DEFINITION_REPRESENTATION(#10504,#10510);
#10504 = PRODUCT_DEFINITION_SHAPE('','',#10505);
#10505 = PRODUCT_DEFINITION('design','',#10506,#10509);
#10506 = PRODUCT_DEFINITION_FORMATION('','',#10507);
#10507 = PRODUCT('LM317_Regulator_PCB','LM317_Regulator_PCB','',(#10508)
  );
#10508 = PRODUCT_CONTEXT('',#2,'mechanical');
#10509 = PRODUCT_DEFINITION_CONTEXT('part definition',#2,'design');
#10510 = ADVANCED_BREP_SHAPE_REPRESENTATION('',(#11,#10511),#11090);
#10511 = MANIFOLD_SOLID_BREP('',#10512);
#10512 = CLOSED_SHELL('',(#10513,#10553,#10584,#10615,#10753,#10891,
    #10903,#10920,#10937,#10954,#10971,#10988,#11005,#11022,#11039,
    #11056,#11073));
#10513 = ADVANCED_FACE('',(#10514),#10548,.T.);
#10514 = FACE_BOUND('',#10515,.T.);
#10515 = EDGE_LOOP('',(#10516,#10526,#10534,#10542));
#10516 = ORIENTED_EDGE('',*,*,#10517,.T.);
#10517 = EDGE_CURVE('',#10518,#10520,#10522,.T.);
#10518 = VERTEX_POINT('',#10519);
#10519 = CARTESIAN_POINT('',(150.,-30.,0.));
#10520 = VERTEX_POINT('',#10521);
#10521 = CARTESIAN_POINT('',(150.,-30.,1.51));
#10522 = LINE('',#10523,#10524);
#10523 = CARTESIAN_POINT('',(150.,-30.,0.));
#10524 = VECTOR('',#10525,1.);
#10525 = DIRECTION('',(0.,0.,1.));
#10526 = ORIENTED_EDGE('',*,*,#10527,.T.);
#10527 = EDGE_CURVE('',#10520,#10528,#10530,.T.);
#10528 = VERTEX_POINT('',#10529);
#10529 = CARTESIAN_POINT('',(100.,-30.,1.51));
#10530 = LINE('',#10531,#10532);
#10531 = CARTESIAN_POINT('',(150.,-30.,1.51));
#10532 = VECTOR('',#10533,1.);
#10533 = DIRECTION('',(-1.,0.,0.));
#10534 = ORIENTED_EDGE('',*,*,#10535,.F.);
#10535 = EDGE_CURVE('',#10536,#10528,#10538,.T.);
#10536 = VERTEX_POINT('',#10537);
#10537 = CARTESIAN_POINT('',(100.,-30.,0.));
#10538 = LINE('',#10539,#10540);
#10539 = CARTESIAN_POINT('',(100.,-30.,0.));
#10540 = VECTOR('',#10541,1.);
#10541 = DIRECTION('',(0.,0.,1.));
#10542 = ORIENTED_EDGE('',*,*,#10543,.F.);
#10543 = EDGE_CURVE('',#10518,#10536,#10544,.T.);
#10544 = LINE('',#10545,#10546);
#10545 = CARTESIAN_POINT('',(150.,-30.,0.));
#10546 = VECTOR('',#10547,1.);
#10547 = DIRECTION('',(-1.,0.,0.));
#10548 = PLANE('',#10549);
#10549 = AXIS2_PLACEMENT_3D('',#10550,#10551,#10552);
#10550 = CARTESIAN_POINT('',(150.,-30.,0.));
#10551 = DIRECTION('',(0.,-1.,0.));
#10552 = DIRECTION('',(-1.,0.,0.));
#10553 = ADVANCED_FACE('',(#10554),#10579,.T.);
#10554 = FACE_BOUND('',#10555,.T.);
#10555 = EDGE_LOOP('',(#10556,#10566,#10572,#10573));
#10556 = ORIENTED_EDGE('',*,*,#10557,.T.);
#10557 = EDGE_CURVE('',#10558,#10560,#10562,.T.);
#10558 = VERTEX_POINT('',#10559);
#10559 = CARTESIAN_POINT('',(150.,-0.,0.));
#10560 = VERTEX_POINT('',#10561);
#10561 = CARTESIAN_POINT('',(150.,0.,1.51));
#10562 = LINE('',#10563,#10564);
#10563 = CARTESIAN_POINT('',(150.,-0.,0.));
#10564 = VECTOR('',#10565,1.);
#10565 = DIRECTION('',(0.,0.,1.));
#10566 = ORIENTED_EDGE('',*,*,#10567,.T.);
#10567 = EDGE_CURVE('',#10560,#10520,#10568,.T.);
#10568 = LINE('',#10569,#10570);
#10569 = CARTESIAN_POINT('',(150.,0.,1.51));
#10570 = VECTOR('',#10571,1.);
#10571 = DIRECTION('',(0.,-1.,0.));
#10572 = ORIENTED_EDGE('',*,*,#10517,.F.);
#10573 = ORIENTED_EDGE('',*,*,#10574,.F.);
#10574 = EDGE_CURVE('',#10558,#10518,#10575,.T.);
#10575 = LINE('',#10576,#10577);
#10576 = CARTESIAN_POINT('',(150.,-0.,0.));
#10577 = VECTOR('',#10578,1.);
#10578 = DIRECTION('',(0.,-1.,0.));
#10579 = PLANE('',#10580);
#10580 = AXIS2_PLACEMENT_3D('',#10581,#10582,#10583);
#10581 = CARTESIAN_POINT('',(150.,-0.,0.));
#10582 = DIRECTION('',(1.,0.,-0.));
#10583 = DIRECTION('',(0.,-1.,0.));
#10584 = ADVANCED_FACE('',(#10585),#10610,.T.);
#10585 = FACE_BOUND('',#10586,.T.);
#10586 = EDGE_LOOP('',(#10587,#10588,#10596,#10604));
#10587 = ORIENTED_EDGE('',*,*,#10535,.T.);
#10588 = ORIENTED_EDGE('',*,*,#10589,.T.);
#10589 = EDGE_CURVE('',#10528,#10590,#10592,.T.);
#10590 = VERTEX_POINT('',#10591);
#10591 = CARTESIAN_POINT('',(100.,0.,1.51));
#10592 = LINE('',#10593,#10594);
#10593 = CARTESIAN_POINT('',(100.,-30.,1.51));
#10594 = VECTOR('',#10595,1.);
#10595 = DIRECTION('',(0.,1.,0.));
#10596 = ORIENTED_EDGE('',*,*,#10597,.F.);
#10597 = EDGE_CURVE('',#10598,#10590,#10600,.T.);
#10598 = VERTEX_POINT('',#10599);
#10599 = CARTESIAN_POINT('',(100.,-0.,0.));
#10600 = LINE('',#10601,#10602);
#10601 = CARTESIAN_POINT('',(100.,-0.,0.));
#10602 = VECTOR('',#10603,1.);
#10603 = DIRECTION('',(0.,0.,1.));
#10604 = ORIENTED_EDGE('',*,*,#10605,.F.);
#10605 = EDGE_CURVE('',#10536,#10598,#10606,.T.);
#10606 = LINE('',#10607,#10608);
#10607 = CARTESIAN_POINT('',(100.,-30.,0.));
#10608 = VECTOR('',#10609,1.);
#10609 = DIRECTION('',(0.,1.,0.));
#10610 = PLANE('',#10611);
#10611 = AXIS2_PLACEMENT_3D('',#10612,#10613,#10614);
#10612 = CARTESIAN_POINT('',(100.,-30.,0.));
#10613 = DIRECTION('',(-1.,0.,0.));
#10614 = DIRECTION('',(0.,1.,0.));
#10615 = ADVANCED_FACE('',(#10616,#10627,#10638,#10649,#10660,#10671,
    #10682,#10693,#10704,#10715,#10726,#10737),#10748,.F.);
#10616 = FACE_BOUND('',#10617,.F.);
#10617 = EDGE_LOOP('',(#10618,#10619,#10620,#10626));
#10618 = ORIENTED_EDGE('',*,*,#10543,.F.);
#10619 = ORIENTED_EDGE('',*,*,#10574,.F.);
#10620 = ORIENTED_EDGE('',*,*,#10621,.F.);
#10621 = EDGE_CURVE('',#10598,#10558,#10622,.T.);
#10622 = LINE('',#10623,#10624);
#10623 = CARTESIAN_POINT('',(100.,-0.,0.));
#10624 = VECTOR('',#10625,1.);
#10625 = DIRECTION('',(1.,0.,0.));
#10626 = ORIENTED_EDGE('',*,*,#10605,.F.);
#10627 = FACE_BOUND('',#10628,.F.);
#10628 = EDGE_LOOP('',(#10629));
#10629 = ORIENTED_EDGE('',*,*,#10630,.T.);
#10630 = EDGE_CURVE('',#10631,#10631,#10633,.T.);
#10631 = VERTEX_POINT('',#10632);
#10632 = CARTESIAN_POINT('',(104.,-27.1,0.));
#10633 = CIRCLE('',#10634,1.1);
#10634 = AXIS2_PLACEMENT_3D('',#10635,#10636,#10637);
#10635 = CARTESIAN_POINT('',(104.,-26.,0.));
#10636 = DIRECTION('',(-0.,0.,-1.));
#10637 = DIRECTION('',(-0.,-1.,0.));
#10638 = FACE_BOUND('',#10639,.F.);
#10639 = EDGE_LOOP('',(#10640));
#10640 = ORIENTED_EDGE('',*,*,#10641,.T.);
#10641 = EDGE_CURVE('',#10642,#10642,#10644,.T.);
#10642 = VERTEX_POINT('',#10643);
#10643 = CARTESIAN_POINT('',(119.92,-25.4,0.));
#10644 = CIRCLE('',#10645,0.4);
#10645 = AXIS2_PLACEMENT_3D('',#10646,#10647,#10648);
#10646 = CARTESIAN_POINT('',(119.92,-25.,0.));
#10647 = DIRECTION('',(-0.,0.,-1.));
#10648 = DIRECTION('',(3.5527136788E-14,-1.,-0.));
#10649 = FACE_BOUND('',#10650,.F.);
#10650 = EDGE_LOOP('',(#10651));
#10651 = ORIENTED_EDGE('',*,*,#10652,.T.);
#10652 = EDGE_CURVE('',#10653,#10653,#10655,.T.);
#10653 = VERTEX_POINT('',#10654);
#10654 = CARTESIAN_POINT('',(122.46,-25.4,0.));
#10655 = CIRCLE('',#10656,0.4);
#10656 = AXIS2_PLACEMENT_3D('',#10657,#10658,#10659);
#10657 = CARTESIAN_POINT('',(122.46,-25.,0.));
#10658 = DIRECTION('',(-0.,0.,-1.));
#10659 = DIRECTION('',(-3.552713678801E-14,-1.,0.));
#10660 = FACE_BOUND('',#10661,.F.);
#10661 = EDGE_LOOP('',(#10662));
#10662 = ORIENTED_EDGE('',*,*,#10663,.T.);
#10663 = EDGE_CURVE('',#10664,#10664,#10666,.T.);
#10664 = VERTEX_POINT('',#10665);
#10665 = CARTESIAN_POINT('',(105.8275,-19.185,0.));
#10666 = CIRCLE('',#10667,0.65);
#10667 = AXIS2_PLACEMENT_3D('',#10668,#10669,#10670);
#10668 = CARTESIAN_POINT('',(105.8275,-18.535,0.));
#10669 = DIRECTION('',(-0.,0.,-1.));
#10670 = DIRECTION('',(-0.,-1.,0.));
#10671 = FACE_BOUND('',#10672,.F.);
#10672 = EDGE_LOOP('',(#10673));
#10673 = ORIENTED_EDGE('',*,*,#10674,.T.);
#10674 = EDGE_CURVE('',#10675,#10675,#10677,.T.);
#10675 = VERTEX_POINT('',#10676);
#10676 = CARTESIAN_POINT('',(125.,-25.4,0.));
#10677 = CIRCLE('',#10678,0.4);
#10678 = AXIS2_PLACEMENT_3D('',#10679,#10680,#10681);
#10679 = CARTESIAN_POINT('',(125.,-25.,0.));
#10680 = DIRECTION('',(-0.,0.,-1.));
#10681 = DIRECTION('',(-0.,-1.,0.));
#10682 = FACE_BOUND('',#10683,.F.);
#10683 = EDGE_LOOP('',(#10684));
#10684 = ORIENTED_EDGE('',*,*,#10685,.T.);
#10685 = EDGE_CURVE('',#10686,#10686,#10688,.T.);
#10686 = VERTEX_POINT('',#10687);
#10687 = CARTESIAN_POINT('',(146.,-27.1,0.));
#10688 = CIRCLE('',#10689,1.1);
#10689 = AXIS2_PLACEMENT_3D('',#10690,#10691,#10692);
#10690 = CARTESIAN_POINT('',(146.,-26.,0.));
#10691 = DIRECTION('',(-0.,0.,-1.));
#10692 = DIRECTION('',(-0.,-1.,0.));
#10693 = FACE_BOUND('',#10694,.F.);
#10694 = EDGE_LOOP('',(#10695));
#10695 = ORIENTED_EDGE('',*,*,#10696,.T.);
#10696 = EDGE_CURVE('',#10697,#10697,#10699,.T.);
#10697 = VERTEX_POINT('',#10698);
#10698 = CARTESIAN_POINT('',(144.1725,-19.195,0.));
#10699 = CIRCLE('',#10700,0.65);
#10700 = AXIS2_PLACEMENT_3D('',#10701,#10702,#10703);
#10701 = CARTESIAN_POINT('',(144.1725,-18.545,0.));
#10702 = DIRECTION('',(-0.,0.,-1.));
#10703 = DIRECTION('',(-0.,-1.,0.));
#10704 = FACE_BOUND('',#10705,.F.);
#10705 = EDGE_LOOP('',(#10706));
#10706 = ORIENTED_EDGE('',*,*,#10707,.T.);
#10707 = EDGE_CURVE('',#10708,#10708,#10710,.T.);
#10708 = VERTEX_POINT('',#10709);
#10709 = CARTESIAN_POINT('',(105.8275,-14.105,0.));
#10710 = CIRCLE('',#10711,0.65);
#10711 = AXIS2_PLACEMENT_3D('',#10712,#10713,#10714);
#10712 = CARTESIAN_POINT('',(105.8275,-13.455,0.));
#10713 = DIRECTION('',(-0.,0.,-1.));
#10714 = DIRECTION('',(-0.,-1.,0.));
#10715 = FACE_BOUND('',#10716,.F.);
#10716 = EDGE_LOOP('',(#10717));
#10717 = ORIENTED_EDGE('',*,*,#10718,.T.);
#10718 = EDGE_CURVE('',#10719,#10719,#10721,.T.);
#10719 = VERTEX_POINT('',#10720);
#10720 = CARTESIAN_POINT('',(104.,-5.1,0.));
#10721 = CIRCLE('',#10722,1.1);
#10722 = AXIS2_PLACEMENT_3D('',#10723,#10724,#10725);
#10723 = CARTESIAN_POINT('',(104.,-4.,0.));
#10724 = DIRECTION('',(-0.,0.,-1.));
#10725 = DIRECTION('',(-0.,-1.,0.));
#10726 = FACE_BOUND('',#10727,.F.);
#10727 = EDGE_LOOP('',(#10728));
#10728 = ORIENTED_EDGE('',*,*,#10729,.T.);
#10729 = EDGE_CURVE('',#10730,#10730,#10732,.T.);
#10730 = VERTEX_POINT('',#10731);
#10731 = CARTESIAN_POINT('',(144.1725,-14.115,0.));
#10732 = CIRCLE('',#10733,0.65);
#10733 = AXIS2_PLACEMENT_3D('',#10734,#10735,#10736);
#10734 = CARTESIAN_POINT('',(144.1725,-13.465,0.));
#10735 = DIRECTION('',(-0.,0.,-1.));
#10736 = DIRECTION('',(-0.,-1.,0.));
#10737 = FACE_BOUND('',#10738,.F.);
#10738 = EDGE_LOOP('',(#10739));
#10739 = ORIENTED_EDGE('',*,*,#10740,.T.);
#10740 = EDGE_CURVE('',#10741,#10741,#10743,.T.);
#10741 = VERTEX_POINT('',#10742);
#10742 = CARTESIAN_POINT('',(146.,-5.1,0.));
#10743 = CIRCLE('',#10744,1.1);
#10744 = AXIS2_PLACEMENT_3D('',#10745,#10746,#10747);
#10745 = CARTESIAN_POINT('',(146.,-4.,0.));
#10746 = DIRECTION('',(-0.,0.,-1.));
#10747 = DIRECTION('',(-0.,-1.,0.));
#10748 = PLANE('',#10749);
#10749 = AXIS2_PLACEMENT_3D('',#10750,#10751,#10752);
#10750 = CARTESIAN_POINT('',(0.,0.,0.));
#10751 = DIRECTION('',(0.,0.,1.));
#10752 = DIRECTION('',(1.,0.,-0.));
#10753 = ADVANCED_FACE('',(#10754,#10765,#10776,#10787,#10798,#10809,
    #10820,#10831,#10842,#10853,#10864,#10875),#10886,.T.);
#10754 = FACE_BOUND('',#10755,.T.);
#10755 = EDGE_LOOP('',(#10756,#10757,#10758,#10764));
#10756 = ORIENTED_EDGE('',*,*,#10527,.F.);
#10757 = ORIENTED_EDGE('',*,*,#10567,.F.);
#10758 = ORIENTED_EDGE('',*,*,#10759,.F.);
#10759 = EDGE_CURVE('',#10590,#10560,#10760,.T.);
#10760 = LINE('',#10761,#10762);
#10761 = CARTESIAN_POINT('',(100.,0.,1.51));
#10762 = VECTOR('',#10763,1.);
#10763 = DIRECTION('',(1.,0.,0.));
#10764 = ORIENTED_EDGE('',*,*,#10589,.F.);
#10765 = FACE_BOUND('',#10766,.T.);
#10766 = EDGE_LOOP('',(#10767));
#10767 = ORIENTED_EDGE('',*,*,#10768,.T.);
#10768 = EDGE_CURVE('',#10769,#10769,#10771,.T.);
#10769 = VERTEX_POINT('',#10770);
#10770 = CARTESIAN_POINT('',(104.,-27.1,1.51));
#10771 = CIRCLE('',#10772,1.1);
#10772 = AXIS2_PLACEMENT_3D('',#10773,#10774,#10775);
#10773 = CARTESIAN_POINT('',(104.,-26.,1.51));
#10774 = DIRECTION('',(-0.,0.,-1.));
#10775 = DIRECTION('',(-0.,-1.,0.));
#10776 = FACE_BOUND('',#10777,.T.);
#10777 = EDGE_LOOP('',(#10778));
#10778 = ORIENTED_EDGE('',*,*,#10779,.T.);
#10779 = EDGE_CURVE('',#10780,#10780,#10782,.T.);
#10780 = VERTEX_POINT('',#10781);
#10781 = CARTESIAN_POINT('',(119.92,-25.4,1.51));
#10782 = CIRCLE('',#10783,0.4);
#10783 = AXIS2_PLACEMENT_3D('',#10784,#10785,#10786);
#10784 = CARTESIAN_POINT('',(119.92,-25.,1.51));
#10785 = DIRECTION('',(-0.,0.,-1.));
#10786 = DIRECTION('',(3.5527136788E-14,-1.,-0.));
#10787 = FACE_BOUND('',#10788,.T.);
#10788 = EDGE_LOOP('',(#10789));
#10789 = ORIENTED_EDGE('',*,*,#10790,.T.);
#10790 = EDGE_CURVE('',#10791,#10791,#10793,.T.);
#10791 = VERTEX_POINT('',#10792);
#10792 = CARTESIAN_POINT('',(122.46,-25.4,1.51));
#10793 = CIRCLE('',#10794,0.4);
#10794 = AXIS2_PLACEMENT_3D('',#10795,#10796,#10797);
#10795 = CARTESIAN_POINT('',(122.46,-25.,1.51));
#10796 = DIRECTION('',(-0.,0.,-1.));
#10797 = DIRECTION('',(-3.552713678801E-14,-1.,0.));
#10798 = FACE_BOUND('',#10799,.T.);
#10799 = EDGE_LOOP('',(#10800));
#10800 = ORIENTED_EDGE('',*,*,#10801,.T.);
#10801 = EDGE_CURVE('',#10802,#10802,#10804,.T.);
#10802 = VERTEX_POINT('',#10803);
#10803 = CARTESIAN_POINT('',(105.8275,-19.185,1.51));
#10804 = CIRCLE('',#10805,0.65);
#10805 = AXIS2_PLACEMENT_3D('',#10806,#10807,#10808);
#10806 = CARTESIAN_POINT('',(105.8275,-18.535,1.51));
#10807 = DIRECTION('',(-0.,0.,-1.));
#10808 = DIRECTION('',(-0.,-1.,0.));
#10809 = FACE_BOUND('',#10810,.T.);
#10810 = EDGE_LOOP('',(#10811));
#10811 = ORIENTED_EDGE('',*,*,#10812,.T.);
#10812 = EDGE_CURVE('',#10813,#10813,#10815,.T.);
#10813 = VERTEX_POINT('',#10814);
#10814 = CARTESIAN_POINT('',(125.,-25.4,1.51));
#10815 = CIRCLE('',#10816,0.4);
#10816 = AXIS2_PLACEMENT_3D('',#10817,#10818,#10819);
#10817 = CARTESIAN_POINT('',(125.,-25.,1.51));
#10818 = DIRECTION('',(-0.,0.,-1.));
#10819 = DIRECTION('',(-0.,-1.,0.));
#10820 = FACE_BOUND('',#10821,.T.);
#10821 = EDGE_LOOP('',(#10822));
#10822 = ORIENTED_EDGE('',*,*,#10823,.T.);
#10823 = EDGE_CURVE('',#10824,#10824,#10826,.T.);
#10824 = VERTEX_POINT('',#10825);
#10825 = CARTESIAN_POINT('',(146.,-27.1,1.51));
#10826 = CIRCLE('',#10827,1.1);
#10827 = AXIS2_PLACEMENT_3D('',#10828,#10829,#10830);
#10828 = CARTESIAN_POINT('',(146.,-26.,1.51));
#10829 = DIRECTION('',(-0.,0.,-1.));
#10830 = DIRECTION('',(-0.,-1.,0.));
#10831 = FACE_BOUND('',#10832,.T.);
#10832 = EDGE_LOOP('',(#10833));
#10833 = ORIENTED_EDGE('',*,*,#10834,.T.);
#10834 = EDGE_CURVE('',#10835,#10835,#10837,.T.);
#10835 = VERTEX_POINT('',#10836);
#10836 = CARTESIAN_POINT('',(144.1725,-19.195,1.51));
#10837 = CIRCLE('',#10838,0.65);
#10838 = AXIS2_PLACEMENT_3D('',#10839,#10840,#10841);
#10839 = CARTESIAN_POINT('',(144.1725,-18.545,1.51));
#10840 = DIRECTION('',(-0.,0.,-1.));
#10841 = DIRECTION('',(-0.,-1.,0.));
#10842 = FACE_BOUND('',#10843,.T.);
#10843 = EDGE_LOOP('',(#10844));
#10844 = ORIENTED_EDGE('',*,*,#10845,.T.);
#10845 = EDGE_CURVE('',#10846,#10846,#10848,.T.);
#10846 = VERTEX_POINT('',#10847);
#10847 = CARTESIAN_POINT('',(105.8275,-14.105,1.51));
#10848 = CIRCLE('',#10849,0.65);
#10849 = AXIS2_PLACEMENT_3D('',#10850,#10851,#10852);
#10850 = CARTESIAN_POINT('',(105.8275,-13.455,1.51));
#10851 = DIRECTION('',(-0.,0.,-1.));
#10852 = DIRECTION('',(-0.,-1.,0.));
#10853 = FACE_BOUND('',#10854,.T.);
#10854 = EDGE_LOOP('',(#10855));
#10855 = ORIENTED_EDGE('',*,*,#10856,.T.);
#10856 = EDGE_CURVE('',#10857,#10857,#10859,.T.);
#10857 = VERTEX_POINT('',#10858);
#10858 = CARTESIAN_POINT('',(104.,-5.1,1.51));
#10859 = CIRCLE('',#10860,1.1);
#10860 = AXIS2_PLACEMENT_3D('',#10861,#10862,#10863);
#10861 = CARTESIAN_POINT('',(104.,-4.,1.51));
#10862 = DIRECTION('',(-0.,0.,-1.));
#10863 = DIRECTION('',(-0.,-1.,0.));
#10864 = FACE_BOUND('',#10865,.T.);
#10865 = EDGE_LOOP('',(#10866));
#10866 = ORIENTED_EDGE('',*,*,#10867,.T.);
#10867 = EDGE_CURVE('',#10868,#10868,#10870,.T.);
#10868 = VERTEX_POINT('',#10869);
#10869 = CARTESIAN_POINT('',(144.1725,-14.115,1.51));
#10870 = CIRCLE('',#10871,0.65);
#10871 = AXIS2_PLACEMENT_3D('',#10872,#10873,#10874);
#10872 = CARTESIAN_POINT('',(144.1725,-13.465,1.51));
#10873 = DIRECTION('',(-0.,0.,-1.));
#10874 = DIRECTION('',(-0.,-1.,0.));
#10875 = FACE_BOUND('',#10876,.T.);
#10876 = EDGE_LOOP('',(#10877));
#10877 = ORIENTED_EDGE('',*,*,#10878,.T.);
#10878 = EDGE_CURVE('',#10879,#10879,#10881,.T.);
#10879 = VERTEX_POINT('',#10880);
#10880 = CARTESIAN_POINT('',(146.,-5.1,1.51));
#10881 = CIRCLE('',#10882,1.1);
#10882 = AXIS2_PLACEMENT_3D('',#10883,#10884,#10885);
#10883 = CARTESIAN_POINT('',(146.,-4.,1.51));
#10884 = DIRECTION('',(-0.,0.,-1.));
#10885 = DIRECTION('',(-0.,-1.,0.));
#10886 = PLANE('',#10887);
#10887 = AXIS2_PLACEMENT_3D('',#10888,#10889,#10890);
#10888 = CARTESIAN_POINT('',(0.,0.,1.51));
#10889 = DIRECTION('',(0.,0.,1.));
#10890 = DIRECTION('',(1.,0.,-0.));
#10891 = ADVANCED_FACE('',(#10892),#10898,.T.);
#10892 = FACE_BOUND('',#10893,.T.);
#10893 = EDGE_LOOP('',(#10894,#10895,#10896,#10897));
#10894 = ORIENTED_EDGE('',*,*,#10597,.T.);
#10895 = ORIENTED_EDGE('',*,*,#10759,.T.);
#10896 = ORIENTED_EDGE('',*,*,#10557,.F.);
#10897 = ORIENTED_EDGE('',*,*,#10621,.F.);
#10898 = PLANE('',#10899);
#10899 = AXIS2_PLACEMENT_3D('',#10900,#10901,#10902);
#10900 = CARTESIAN_POINT('',(100.,0.,0.));
#10901 = DIRECTION('',(0.,1.,0.));
#10902 = DIRECTION('',(1.,0.,0.));
#10903 = ADVANCED_FACE('',(#10904),#10915,.F.);
#10904 = FACE_BOUND('',#10905,.T.);
#10905 = EDGE_LOOP('',(#10906,#10907,#10913,#10914));
#10906 = ORIENTED_EDGE('',*,*,#10630,.T.);
#10907 = ORIENTED_EDGE('',*,*,#10908,.T.);
#10908 = EDGE_CURVE('',#10631,#10769,#10909,.T.);
#10909 = LINE('',#10910,#10911);
#10910 = CARTESIAN_POINT('',(104.,-27.1,-4.6E-02));
#10911 = VECTOR('',#10912,1.);
#10912 = DIRECTION('',(0.,0.,1.));
#10913 = ORIENTED_EDGE('',*,*,#10768,.F.);
#10914 = ORIENTED_EDGE('',*,*,#10908,.F.);
#10915 = CYLINDRICAL_SURFACE('',#10916,1.1);
#10916 = AXIS2_PLACEMENT_3D('',#10917,#10918,#10919);
#10917 = CARTESIAN_POINT('',(104.,-26.,-4.6E-02));
#10918 = DIRECTION('',(-0.,-0.,-1.));
#10919 = DIRECTION('',(-0.,-1.,0.));
#10920 = ADVANCED_FACE('',(#10921),#10932,.F.);
#10921 = FACE_BOUND('',#10922,.T.);
#10922 = EDGE_LOOP('',(#10923,#10924,#10930,#10931));
#10923 = ORIENTED_EDGE('',*,*,#10641,.T.);
#10924 = ORIENTED_EDGE('',*,*,#10925,.T.);
#10925 = EDGE_CURVE('',#10642,#10780,#10926,.T.);
#10926 = LINE('',#10927,#10928);
#10927 = CARTESIAN_POINT('',(119.92,-25.4,-4.6E-02));
#10928 = VECTOR('',#10929,1.);
#10929 = DIRECTION('',(0.,0.,1.));
#10930 = ORIENTED_EDGE('',*,*,#10779,.F.);
#10931 = ORIENTED_EDGE('',*,*,#10925,.F.);
#10932 = CYLINDRICAL_SURFACE('',#10933,0.4);
#10933 = AXIS2_PLACEMENT_3D('',#10934,#10935,#10936);
#10934 = CARTESIAN_POINT('',(119.92,-25.,-4.6E-02));
#10935 = DIRECTION('',(-0.,0.,-1.));
#10936 = DIRECTION('',(3.5527136788E-14,-1.,-0.));
#10937 = ADVANCED_FACE('',(#10938),#10949,.F.);
#10938 = FACE_BOUND('',#10939,.T.);
#10939 = EDGE_LOOP('',(#10940,#10941,#10947,#10948));
#10940 = ORIENTED_EDGE('',*,*,#10652,.T.);
#10941 = ORIENTED_EDGE('',*,*,#10942,.T.);
#10942 = EDGE_CURVE('',#10653,#10791,#10943,.T.);
#10943 = LINE('',#10944,#10945);
#10944 = CARTESIAN_POINT('',(122.46,-25.4,-4.6E-02));
#10945 = VECTOR('',#10946,1.);
#10946 = DIRECTION('',(0.,0.,1.));
#10947 = ORIENTED_EDGE('',*,*,#10790,.F.);
#10948 = ORIENTED_EDGE('',*,*,#10942,.F.);
#10949 = CYLINDRICAL_SURFACE('',#10950,0.4);
#10950 = AXIS2_PLACEMENT_3D('',#10951,#10952,#10953);
#10951 = CARTESIAN_POINT('',(122.46,-25.,-4.6E-02));
#10952 = DIRECTION('',(-0.,-0.,-1.));
#10953 = DIRECTION('',(-3.552713678801E-14,-1.,0.));
#10954 = ADVANCED_FACE('',(#10955),#10966,.F.);
#10955 = FACE_BOUND('',#10956,.T.);
#10956 = EDGE_LOOP('',(#10957,#10958,#10964,#10965));
#10957 = ORIENTED_EDGE('',*,*,#10663,.T.);
#10958 = ORIENTED_EDGE('',*,*,#10959,.T.);
#10959 = EDGE_CURVE('',#10664,#10802,#10960,.T.);
#10960 = LINE('',#10961,#10962);
#10961 = CARTESIAN_POINT('',(105.8275,-19.185,-4.6E-02));
#10962 = VECTOR('',#10963,1.);
#10963 = DIRECTION('',(0.,0.,1.));
#10964 = ORIENTED_EDGE('',*,*,#10801,.F.);
#10965 = ORIENTED_EDGE('',*,*,#10959,.F.);
#10966 = CYLINDRICAL_SURFACE('',#10967,0.65);
#10967 = AXIS2_PLACEMENT_3D('',#10968,#10969,#10970);
#10968 = CARTESIAN_POINT('',(105.8275,-18.535,-4.6E-02));
#10969 = DIRECTION('',(-0.,-0.,-1.));
#10970 = DIRECTION('',(-0.,-1.,0.));
#10971 = ADVANCED_FACE('',(#10972),#10983,.F.);
#10972 = FACE_BOUND('',#10973,.T.);
#10973 = EDGE_LOOP('',(#10974,#10975,#10981,#10982));
#10974 = ORIENTED_EDGE('',*,*,#10674,.T.);
#10975 = ORIENTED_EDGE('',*,*,#10976,.T.);
#10976 = EDGE_CURVE('',#10675,#10813,#10977,.T.);
#10977 = LINE('',#10978,#10979);
#10978 = CARTESIAN_POINT('',(125.,-25.4,-4.6E-02));
#10979 = VECTOR('',#10980,1.);
#10980 = DIRECTION('',(0.,0.,1.));
#10981 = ORIENTED_EDGE('',*,*,#10812,.F.);
#10982 = ORIENTED_EDGE('',*,*,#10976,.F.);
#10983 = CYLINDRICAL_SURFACE('',#10984,0.4);
#10984 = AXIS2_PLACEMENT_3D('',#10985,#10986,#10987);
#10985 = CARTESIAN_POINT('',(125.,-25.,-4.6E-02));
#10986 = DIRECTION('',(-0.,-0.,-1.));
#10987 = DIRECTION('',(-0.,-1.,0.));
#10988 = ADVANCED_FACE('',(#10989),#11000,.F.);
#10989 = FACE_BOUND('',#10990,.T.);
#10990 = EDGE_LOOP('',(#10991,#10992,#10998,#10999));
#10991 = ORIENTED_EDGE('',*,*,#10685,.T.);
#10992 = ORIENTED_EDGE('',*,*,#10993,.T.);
#10993 = EDGE_CURVE('',#10686,#10824,#10994,.T.);
#10994 = LINE('',#10995,#10996);
#10995 = CARTESIAN_POINT('',(146.,-27.1,-4.6E-02));
#10996 = VECTOR('',#10997,1.);
#10997 = DIRECTION('',(0.,0.,1.));
#10998 = ORIENTED_EDGE('',*,*,#10823,.F.);
#10999 = ORIENTED_EDGE('',*,*,#10993,.F.);
#11000 = CYLINDRICAL_SURFACE('',#11001,1.1);
#11001 = AXIS2_PLACEMENT_3D('',#11002,#11003,#11004);
#11002 = CARTESIAN_POINT('',(146.,-26.,-4.6E-02));
#11003 = DIRECTION('',(-0.,-0.,-1.));
#11004 = DIRECTION('',(-0.,-1.,0.));
#11005 = ADVANCED_FACE('',(#11006),#11017,.F.);
#11006 = FACE_BOUND('',#11007,.T.);
#11007 = EDGE_LOOP('',(#11008,#11009,#11015,#11016));
#11008 = ORIENTED_EDGE('',*,*,#10696,.T.);
#11009 = ORIENTED_EDGE('',*,*,#11010,.T.);
#11010 = EDGE_CURVE('',#10697,#10835,#11011,.T.);
#11011 = LINE('',#11012,#11013);
#11012 = CARTESIAN_POINT('',(144.1725,-19.195,-4.6E-02));
#11013 = VECTOR('',#11014,1.);
#11014 = DIRECTION('',(0.,0.,1.));
#11015 = ORIENTED_EDGE('',*,*,#10834,.F.);
#11016 = ORIENTED_EDGE('',*,*,#11010,.F.);
#11017 = CYLINDRICAL_SURFACE('',#11018,0.65);
#11018 = AXIS2_PLACEMENT_3D('',#11019,#11020,#11021);
#11019 = CARTESIAN_POINT('',(144.1725,-18.545,-4.6E-02));
#11020 = DIRECTION('',(-0.,-0.,-1.));
#11021 = DIRECTION('',(-0.,-1.,0.));
#11022 = ADVANCED_FACE('',(#11023),#11034,.F.);
#11023 = FACE_BOUND('',#11024,.T.);
#11024 = EDGE_LOOP('',(#11025,#11026,#11032,#11033));
#11025 = ORIENTED_EDGE('',*,*,#10707,.T.);
#11026 = ORIENTED_EDGE('',*,*,#11027,.T.);
#11027 = EDGE_CURVE('',#10708,#10846,#11028,.T.);
#11028 = LINE('',#11029,#11030);
#11029 = CARTESIAN_POINT('',(105.8275,-14.105,-4.6E-02));
#11030 = VECTOR('',#11031,1.);
#11031 = DIRECTION('',(0.,0.,1.));
#11032 = ORIENTED_EDGE('',*,*,#10845,.F.);
#11033 = ORIENTED_EDGE('',*,*,#11027,.F.);
#11034 = CYLINDRICAL_SURFACE('',#11035,0.65);
#11035 = AXIS2_PLACEMENT_3D('',#11036,#11037,#11038);
#11036 = CARTESIAN_POINT('',(105.8275,-13.455,-4.6E-02));
#11037 = DIRECTION('',(-0.,-0.,-1.));
#11038 = DIRECTION('',(-0.,-1.,0.));
#11039 = ADVANCED_FACE('',(#11040),#11051,.F.);
#11040 = FACE_BOUND('',#11041,.T.);
#11041 = EDGE_LOOP('',(#11042,#11043,#11049,#11050));
#11042 = ORIENTED_EDGE('',*,*,#10718,.T.);
#11043 = ORIENTED_EDGE('',*,*,#11044,.T.);
#11044 = EDGE_CURVE('',#10719,#10857,#11045,.T.);
#11045 = LINE('',#11046,#11047);
#11046 = CARTESIAN_POINT('',(104.,-5.1,-4.6E-02));
#11047 = VECTOR('',#11048,1.);
#11048 = DIRECTION('',(0.,0.,1.));
#11049 = ORIENTED_EDGE('',*,*,#10856,.F.);
#11050 = ORIENTED_EDGE('',*,*,#11044,.F.);
#11051 = CYLINDRICAL_SURFACE('',#11052,1.1);
#11052 = AXIS2_PLACEMENT_3D('',#11053,#11054,#11055);
#11053 = CARTESIAN_POINT('',(104.,-4.,-4.6E-02));
#11054 = DIRECTION('',(-0.,-0.,-1.));
#11055 = DIRECTION('',(-0.,-1.,0.));
#11056 = ADVANCED_FACE('',(#11057),#11068,.F.);
#11057 = FACE_BOUND('',#11058,.T.);
#11058 = EDGE_LOOP('',(#11059,#11060,#11066,#11067));
#11059 = ORIENTED_EDGE('',*,*,#10729,.T.);
#11060 = ORIENTED_EDGE('',*,*,#11061,.T.);
#11061 = EDGE_CURVE('',#10730,#10868,#11062,.T.);
#11062 = LINE('',#11063,#11064);
#11063 = CARTESIAN_POINT('',(144.1725,-14.115,-4.6E-02));
#11064 = VECTOR('',#11065,1.);
#11065 = DIRECTION('',(0.,0.,1.));
#11066 = ORIENTED_EDGE('',*,*,#10867,.F.);
#11067 = ORIENTED_EDGE('',*,*,#11061,.F.);
#11068 = CYLINDRICAL_SURFACE('',#11069,0.65);
#11069 = AXIS2_PLACEMENT_3D('',#11070,#11071,#11072);
#11070 = CARTESIAN_POINT('',(144.1725,-13.465,-4.6E-02));
#11071 = DIRECTION('',(-0.,-0.,-1.));
#11072 = DIRECTION('',(-0.,-1.,0.));
#11073 = ADVANCED_FACE('',(#11074),#11085,.F.);
#11074 = FACE_BOUND('',#11075,.T.);
#11075 = EDGE_LOOP('',(#11076,#11077,#11083,#11084));
#11076 = ORIENTED_EDGE('',*,*,#10740,.T.);
#11077 = ORIENTED_EDGE('',*,*,#11078,.T.);
#11078 = EDGE_CURVE('',#10741,#10879,#11079,.T.);
#11079 = LINE('',#11080,#11081);
#11080 = CARTESIAN_POINT('',(146.,-5.1,-4.6E-02));
#11081 = VECTOR('',#11082,1.);
#11082 = DIRECTION('',(0.,0.,1.));
#11083 = ORIENTED_EDGE('',*,*,#10878,.F.);
#11084 = ORIENTED_EDGE('',*,*,#11078,.F.);
#11085 = CYLINDRICAL_SURFACE('',#11086,1.1);
#11086 = AXIS2_PLACEMENT_3D('',#11087,#11088,#11089);
#11087 = CARTESIAN_POINT('',(146.,-4.,-4.6E-02));
#11088 = DIRECTION('',(-0.,-0.,-1.));
#11089 = DIRECTION('',(-0.,-1.,0.));
#11090 = ( GEOMETRIC_REPRESENTATION_CONTEXT(3) 
GLOBAL_UNCERTAINTY_ASSIGNED_CONTEXT((#11094)) 
GLOBAL_UNIT_ASSIGNED_CONTEXT((#11091,#11092,#11093)) 
REPRESENTATION_CONTEXT('Context #1',
  '3D Context with UNIT and UNCERTAINTY') );
#11091 = ( LENGTH_UNIT() NAMED_UNIT(*) SI_UNIT(.MILLI.,.METRE.) );
#11092 = ( NAMED_UNIT(*) PLANE_ANGLE_UNIT() SI_UNIT($,.RADIAN.) );
#11093 = ( NAMED_UNIT(*) SI_UNIT($,.STERADIAN.) SOLID_ANGLE_UNIT() );
#11094 = UNCERTAINTY_MEASURE_WITH_UNIT(LENGTH_MEASURE(1.E-07),#11091,
  'distance_accuracy_value','confusion accuracy');
#11095 = CONTEXT_DEPENDENT_SHAPE_REPRESENTATION(#11096,#11098);
#11096 = ( REPRESENTATION_RELATIONSHIP('','',#10510,#10) 
REPRESENTATION_RELATIONSHIP_WITH_TRANSFORMATION(#11097) 
SHAPE_REPRESENTATION_RELATIONSHIP() );
#11097 = ITEM_DEFINED_TRANSFORMATION('','',#11,#59);
#11098 = PRODUCT_DEFINITION_SHAPE('Placement','Placement of an item',
  #11099);
#11099 = NEXT_ASSEMBLY_USAGE_OCCURRENCE('13','=>[0:1:1:9]','',#5,#10505,
  $);
#11100 = PRODUCT_RELATED_PRODUCT_CATEGORY('part',$,(#10507));
#11101 = MECHANICAL_DESIGN_GEOMETRIC_PRESENTATION_REPRESENTATION('',(
    #11102,#11110,#11117,#11124,#11131,#11138,#11145,#11152,#11160,
    #11167,#11174,#11181,#11188,#11195,#11203,#11210,#11217,#11224,
    #11231,#11238,#11245,#11252,#11259,#11266,#11273,#11280),#7080);
#11102 = STYLED_ITEM('color',(#11103),#6292);
#11103 = PRESENTATION_STYLE_ASSIGNMENT((#11104));
#11104 = SURFACE_STYLE_USAGE(.BOTH.,#11105);
#11105 = SURFACE_SIDE_STYLE('',(#11106));
#11106 = SURFACE_STYLE_FILL_AREA(#11107);
#11107 = FILL_AREA_STYLE('',(#11108));
#11108 = FILL_AREA_STYLE_COLOUR('',#11109);
#11109 = COLOUR_RGB('',0.823999987314,0.819999987296,0.781000009244);
#11110 = STYLED_ITEM('color',(#11111),#6332);
#11111 = PRESENTATION_STYLE_ASSIGNMENT((#11112));
#11112 = SURFACE_STYLE_USAGE(.BOTH.,#11113);
#11113 = SURFACE_SIDE_STYLE('',(#11114));
#11114 = SURFACE_STYLE_FILL_AREA(#11115);
#11115 = FILL_AREA_STYLE('',(#11116));
#11116 = FILL_AREA_STYLE_COLOUR('',#11109);
#11117 = STYLED_ITEM('color',(#11118),#6415);
#11118 = PRESENTATION_STYLE_ASSIGNMENT((#11119));
#11119 = SURFACE_STYLE_USAGE(.BOTH.,#11120);
#11120 = SURFACE_SIDE_STYLE('',(#11121));
#11121 = SURFACE_STYLE_FILL_AREA(#11122);
#11122 = FILL_AREA_STYLE('',(#11123));
#11123 = FILL_AREA_STYLE_COLOUR('',#11109);
#11124 = STYLED_ITEM('color',(#11125),#6440);
#11125 = PRESENTATION_STYLE_ASSIGNMENT((#11126));
#11126 = SURFACE_STYLE_USAGE(.BOTH.,#11127);
#11127 = SURFACE_SIDE_STYLE('',(#11128));
#11128 = SURFACE_STYLE_FILL_AREA(#11129);
#11129 = FILL_AREA_STYLE('',(#11130));
#11130 = FILL_AREA_STYLE_COLOUR('',#11109);
#11131 = STYLED_ITEM('color',(#11132),#6465);
#11132 = PRESENTATION_STYLE_ASSIGNMENT((#11133));
#11133 = SURFACE_STYLE_USAGE(.BOTH.,#11134);
#11134 = SURFACE_SIDE_STYLE('',(#11135));
#11135 = SURFACE_STYLE_FILL_AREA(#11136);
#11136 = FILL_AREA_STYLE('',(#11137));
#11137 = FILL_AREA_STYLE_COLOUR('',#11109);
#11138 = STYLED_ITEM('color',(#11139),#6532);
#11139 = PRESENTATION_STYLE_ASSIGNMENT((#11140));
#11140 = SURFACE_STYLE_USAGE(.BOTH.,#11141);
#11141 = SURFACE_SIDE_STYLE('',(#11142));
#11142 = SURFACE_STYLE_FILL_AREA(#11143);
#11143 = FILL_AREA_STYLE('',(#11144));
#11144 = FILL_AREA_STYLE_COLOUR('',#11109);
#11145 = STYLED_ITEM('color',(#11146),#6549);
#11146 = PRESENTATION_STYLE_ASSIGNMENT((#11147));
#11147 = SURFACE_STYLE_USAGE(.BOTH.,#11148);
#11148 = SURFACE_SIDE_STYLE('',(#11149));
#11149 = SURFACE_STYLE_FILL_AREA(#11150);
#11150 = FILL_AREA_STYLE('',(#11151));
#11151 = FILL_AREA_STYLE_COLOUR('',#11109);
#11152 = STYLED_ITEM('color',(#11153),#6566);
#11153 = PRESENTATION_STYLE_ASSIGNMENT((#11154));
#11154 = SURFACE_STYLE_USAGE(.BOTH.,#11155);
#11155 = SURFACE_SIDE_STYLE('',(#11156));
#11156 = SURFACE_STYLE_FILL_AREA(#11157);
#11157 = FILL_AREA_STYLE('',(#11158));
#11158 = FILL_AREA_STYLE_COLOUR('',#11159);
#11159 = COLOUR_RGB('',0.894999966383,0.890999961016,0.813000030345);
#11160 = STYLED_ITEM('color',(#11161),#6615);
#11161 = PRESENTATION_STYLE_ASSIGNMENT((#11162));
#11162 = SURFACE_STYLE_USAGE(.BOTH.,#11163);
#11163 = SURFACE_SIDE_STYLE('',(#11164));
#11164 = SURFACE_STYLE_FILL_AREA(#11165);
#11165 = FILL_AREA_STYLE('',(#11166));
#11166 = FILL_AREA_STYLE_COLOUR('',#11109);
#11167 = STYLED_ITEM('color',(#11168),#6632);
#11168 = PRESENTATION_STYLE_ASSIGNMENT((#11169));
#11169 = SURFACE_STYLE_USAGE(.BOTH.,#11170);
#11170 = SURFACE_SIDE_STYLE('',(#11171));
#11171 = SURFACE_STYLE_FILL_AREA(#11172);
#11172 = FILL_AREA_STYLE('',(#11173));
#11173 = FILL_AREA_STYLE_COLOUR('',#11109);
#11174 = STYLED_ITEM('color',(#11175),#6649);
#11175 = PRESENTATION_STYLE_ASSIGNMENT((#11176));
#11176 = SURFACE_STYLE_USAGE(.BOTH.,#11177);
#11177 = SURFACE_SIDE_STYLE('',(#11178));
#11178 = SURFACE_STYLE_FILL_AREA(#11179);
#11179 = FILL_AREA_STYLE('',(#11180));
#11180 = FILL_AREA_STYLE_COLOUR('',#11159);
#11181 = STYLED_ITEM('color',(#11182),#6698);
#11182 = PRESENTATION_STYLE_ASSIGNMENT((#11183));
#11183 = SURFACE_STYLE_USAGE(.BOTH.,#11184);
#11184 = SURFACE_SIDE_STYLE('',(#11185));
#11185 = SURFACE_STYLE_FILL_AREA(#11186);
#11186 = FILL_AREA_STYLE('',(#11187));
#11187 = FILL_AREA_STYLE_COLOUR('',#11159);
#11188 = STYLED_ITEM('color',(#11189),#6715);
#11189 = PRESENTATION_STYLE_ASSIGNMENT((#11190));
#11190 = SURFACE_STYLE_USAGE(.BOTH.,#11191);
#11191 = SURFACE_SIDE_STYLE('',(#11192));
#11192 = SURFACE_STYLE_FILL_AREA(#11193);
#11193 = FILL_AREA_STYLE('',(#11194));
#11194 = FILL_AREA_STYLE_COLOUR('',#11109);
#11195 = STYLED_ITEM('color',(#11196),#6784);
#11196 = PRESENTATION_STYLE_ASSIGNMENT((#11197));
#11197 = SURFACE_STYLE_USAGE(.BOTH.,#11198);
#11198 = SURFACE_SIDE_STYLE('',(#11199));
#11199 = SURFACE_STYLE_FILL_AREA(#11200);
#11200 = FILL_AREA_STYLE('',(#11201));
#11201 = FILL_AREA_STYLE_COLOUR('',#11202);
#11202 = COLOUR_RGB('',8.200000279077E-02,8.600000121357E-02,
  9.399999706163E-02);
#11203 = STYLED_ITEM('color',(#11204),#6815);
#11204 = PRESENTATION_STYLE_ASSIGNMENT((#11205));
#11205 = SURFACE_STYLE_USAGE(.BOTH.,#11206);
#11206 = SURFACE_SIDE_STYLE('',(#11207));
#11207 = SURFACE_STYLE_FILL_AREA(#11208);
#11208 = FILL_AREA_STYLE('',(#11209));
#11209 = FILL_AREA_STYLE_COLOUR('',#11202);
#11210 = STYLED_ITEM('color',(#11211),#6839);
#11211 = PRESENTATION_STYLE_ASSIGNMENT((#11212));
#11212 = SURFACE_STYLE_USAGE(.BOTH.,#11213);
#11213 = SURFACE_SIDE_STYLE('',(#11214));
#11214 = SURFACE_STYLE_FILL_AREA(#11215);
#11215 = FILL_AREA_STYLE('',(#11216));
#11216 = FILL_AREA_STYLE_COLOUR('',#11109);
#11217 = STYLED_ITEM('color',(#11218),#6908);
#11218 = PRESENTATION_STYLE_ASSIGNMENT((#11219));
#11219 = SURFACE_STYLE_USAGE(.BOTH.,#11220);
#11220 = SURFACE_SIDE_STYLE('',(#11221));
#11221 = SURFACE_STYLE_FILL_AREA(#11222);
#11222 = FILL_AREA_STYLE('',(#11223));
#11223 = FILL_AREA_STYLE_COLOUR('',#11202);
#11224 = STYLED_ITEM('color',(#11225),#6932);
#11225 = PRESENTATION_STYLE_ASSIGNMENT((#11226));
#11226 = SURFACE_STYLE_USAGE(.BOTH.,#11227);
#11227 = SURFACE_SIDE_STYLE('',(#11228));
#11228 = SURFACE_STYLE_FILL_AREA(#11229);
#11229 = FILL_AREA_STYLE('',(#11230));
#11230 = FILL_AREA_STYLE_COLOUR('',#11109);
#11231 = STYLED_ITEM('color',(#11232),#6949);
#11232 = PRESENTATION_STYLE_ASSIGNMENT((#11233));
#11233 = SURFACE_STYLE_USAGE(.BOTH.,#11234);
#11234 = SURFACE_SIDE_STYLE('',(#11235));
#11235 = SURFACE_STYLE_FILL_AREA(#11236);
#11236 = FILL_AREA_STYLE('',(#11237));
#11237 = FILL_AREA_STYLE_COLOUR('',#11109);
#11238 = STYLED_ITEM('color',(#11239),#6966);
#11239 = PRESENTATION_STYLE_ASSIGNMENT((#11240));
#11240 = SURFACE_STYLE_USAGE(.BOTH.,#11241);
#11241 = SURFACE_SIDE_STYLE('',(#11242));
#11242 = SURFACE_STYLE_FILL_AREA(#11243);
#11243 = FILL_AREA_STYLE('',(#11244));
#11244 = FILL_AREA_STYLE_COLOUR('',#11109);
#11245 = STYLED_ITEM('color',(#11246),#6983);
#11246 = PRESENTATION_STYLE_ASSIGNMENT((#11247));
#11247 = SURFACE_STYLE_USAGE(.BOTH.,#11248);
#11248 = SURFACE_SIDE_STYLE('',(#11249));
#11249 = SURFACE_STYLE_FILL_AREA(#11250);
#11250 = FILL_AREA_STYLE('',(#11251));
#11251 = FILL_AREA_STYLE_COLOUR('',#11109);
#11252 = STYLED_ITEM('color',(#11253),#7000);
#11253 = PRESENTATION_STYLE_ASSIGNMENT((#11254));
#11254 = SURFACE_STYLE_USAGE(.BOTH.,#11255);
#11255 = SURFACE_SIDE_STYLE('',(#11256));
#11256 = SURFACE_STYLE_FILL_AREA(#11257);
#11257 = FILL_AREA_STYLE('',(#11258));
#11258 = FILL_AREA_STYLE_COLOUR('',#11109);
#11259 = STYLED_ITEM('color',(#11260),#7017);
#11260 = PRESENTATION_STYLE_ASSIGNMENT((#11261));
#11261 = SURFACE_STYLE_USAGE(.BOTH.,#11262);
#11262 = SURFACE_SIDE_STYLE('',(#11263));
#11263 = SURFACE_STYLE_FILL_AREA(#11264);
#11264 = FILL_AREA_STYLE('',(#11265));
#11265 = FILL_AREA_STYLE_COLOUR('',#11109);
#11266 = STYLED_ITEM('color',(#11267),#7034);
#11267 = PRESENTATION_STYLE_ASSIGNMENT((#11268));
#11268 = SURFACE_STYLE_USAGE(.BOTH.,#11269);
#11269 = SURFACE_SIDE_STYLE('',(#11270));
#11270 = SURFACE_STYLE_FILL_AREA(#11271);
#11271 = FILL_AREA_STYLE('',(#11272));
#11272 = FILL_AREA_STYLE_COLOUR('',#11109);
#11273 = STYLED_ITEM('color',(#11274),#7051);
#11274 = PRESENTATION_STYLE_ASSIGNMENT((#11275));
#11275 = SURFACE_STYLE_USAGE(.BOTH.,#11276);
#11276 = SURFACE_SIDE_STYLE('',(#11277));
#11277 = SURFACE_STYLE_FILL_AREA(#11278);
#11278 = FILL_AREA_STYLE('',(#11279));
#11279 = FILL_AREA_STYLE_COLOUR('',#11202);
#11280 = STYLED_ITEM('color',(#11281),#7068);
#11281 = PRESENTATION_STYLE_ASSIGNMENT((#11282));
#11282 = SURFACE_STYLE_USAGE(.BOTH.,#11283);
#11283 = SURFACE_SIDE_STYLE('',(#11284));
#11284 = SURFACE_STYLE_FILL_AREA(#11285);
#11285 = FILL_AREA_STYLE('',(#11286));
#11286 = FILL_AREA_STYLE_COLOUR('',#11202);
#11287 = MECHANICAL_DESIGN_GEOMETRIC_PRESENTATION_REPRESENTATION('',(
    #11288,#11295,#11302,#11309,#11316,#11323,#11330,#11337,#11344,
    #11351,#11358,#11366,#11373,#11380,#11387,#11394,#11401,#11408,
    #11415,#11422,#11429,#11436,#11443,#11450,#11457,#11464,#11471,
    #11478),#7953);
#11288 = STYLED_ITEM('color',(#11289),#7101);
#11289 = PRESENTATION_STYLE_ASSIGNMENT((#11290));
#11290 = SURFACE_STYLE_USAGE(.BOTH.,#11291);
#11291 = SURFACE_SIDE_STYLE('',(#11292));
#11292 = SURFACE_STYLE_FILL_AREA(#11293);
#11293 = FILL_AREA_STYLE('',(#11294));
#11294 = FILL_AREA_STYLE_COLOUR('',#11109);
#11295 = STYLED_ITEM('color',(#11296),#7177);
#11296 = PRESENTATION_STYLE_ASSIGNMENT((#11297));
#11297 = SURFACE_STYLE_USAGE(.BOTH.,#11298);
#11298 = SURFACE_SIDE_STYLE('',(#11299));
#11299 = SURFACE_STYLE_FILL_AREA(#11300);
#11300 = FILL_AREA_STYLE('',(#11301));
#11301 = FILL_AREA_STYLE_COLOUR('',#11109);
#11302 = STYLED_ITEM('color',(#11303),#7208);
#11303 = PRESENTATION_STYLE_ASSIGNMENT((#11304));
#11304 = SURFACE_STYLE_USAGE(.BOTH.,#11305);
#11305 = SURFACE_SIDE_STYLE('',(#11306));
#11306 = SURFACE_STYLE_FILL_AREA(#11307);
#11307 = FILL_AREA_STYLE('',(#11308));
#11308 = FILL_AREA_STYLE_COLOUR('',#11109);
#11309 = STYLED_ITEM('color',(#11310),#7233);
#11310 = PRESENTATION_STYLE_ASSIGNMENT((#11311));
#11311 = SURFACE_STYLE_USAGE(.BOTH.,#11312);
#11312 = SURFACE_SIDE_STYLE('',(#11313));
#11313 = SURFACE_STYLE_FILL_AREA(#11314);
#11314 = FILL_AREA_STYLE('',(#11315));
#11315 = FILL_AREA_STYLE_COLOUR('',#11109);
#11316 = STYLED_ITEM('color',(#11317),#7258);
#11317 = PRESENTATION_STYLE_ASSIGNMENT((#11318));
#11318 = SURFACE_STYLE_USAGE(.BOTH.,#11319);
#11319 = SURFACE_SIDE_STYLE('',(#11320));
#11320 = SURFACE_STYLE_FILL_AREA(#11321);
#11321 = FILL_AREA_STYLE('',(#11322));
#11322 = FILL_AREA_STYLE_COLOUR('',#11109);
#11323 = STYLED_ITEM('color',(#11324),#7282);
#11324 = PRESENTATION_STYLE_ASSIGNMENT((#11325));
#11325 = SURFACE_STYLE_USAGE(.BOTH.,#11326);
#11326 = SURFACE_SIDE_STYLE('',(#11327));
#11327 = SURFACE_STYLE_FILL_AREA(#11328);
#11328 = FILL_AREA_STYLE('',(#11329));
#11329 = FILL_AREA_STYLE_COLOUR('',#11109);
#11330 = STYLED_ITEM('color',(#11331),#7306);
#11331 = PRESENTATION_STYLE_ASSIGNMENT((#11332));
#11332 = SURFACE_STYLE_USAGE(.BOTH.,#11333);
#11333 = SURFACE_SIDE_STYLE('',(#11334));
#11334 = SURFACE_STYLE_FILL_AREA(#11335);
#11335 = FILL_AREA_STYLE('',(#11336));
#11336 = FILL_AREA_STYLE_COLOUR('',#11109);
#11337 = STYLED_ITEM('color',(#11338),#7331);
#11338 = PRESENTATION_STYLE_ASSIGNMENT((#11339));
#11339 = SURFACE_STYLE_USAGE(.BOTH.,#11340);
#11340 = SURFACE_SIDE_STYLE('',(#11341));
#11341 = SURFACE_STYLE_FILL_AREA(#11342);
#11342 = FILL_AREA_STYLE('',(#11343));
#11343 = FILL_AREA_STYLE_COLOUR('',#11109);
#11344 = STYLED_ITEM('color',(#11345),#7356);
#11345 = PRESENTATION_STYLE_ASSIGNMENT((#11346));
#11346 = SURFACE_STYLE_USAGE(.BOTH.,#11347);
#11347 = SURFACE_SIDE_STYLE('',(#11348));
#11348 = SURFACE_STYLE_FILL_AREA(#11349);
#11349 = FILL_AREA_STYLE('',(#11350));
#11350 = FILL_AREA_STYLE_COLOUR('',#11109);
#11351 = STYLED_ITEM('color',(#11352),#7373);
#11352 = PRESENTATION_STYLE_ASSIGNMENT((#11353));
#11353 = SURFACE_STYLE_USAGE(.BOTH.,#11354);
#11354 = SURFACE_SIDE_STYLE('',(#11355));
#11355 = SURFACE_STYLE_FILL_AREA(#11356);
#11356 = FILL_AREA_STYLE('',(#11357));
#11357 = FILL_AREA_STYLE_COLOUR('',#11109);
#11358 = STYLED_ITEM('color',(#11359),#7459);
#11359 = PRESENTATION_STYLE_ASSIGNMENT((#11360));
#11360 = SURFACE_STYLE_USAGE(.BOTH.,#11361);
#11361 = SURFACE_SIDE_STYLE('',(#11362));
#11362 = SURFACE_STYLE_FILL_AREA(#11363);
#11363 = FILL_AREA_STYLE('',(#11364));
#11364 = FILL_AREA_STYLE_COLOUR('',#11365);
#11365 = COLOUR_RGB('',0.379000005575,0.270000008848,0.214999999939);
#11366 = STYLED_ITEM('color',(#11367),#7491);
#11367 = PRESENTATION_STYLE_ASSIGNMENT((#11368));
#11368 = SURFACE_STYLE_USAGE(.BOTH.,#11369);
#11369 = SURFACE_SIDE_STYLE('',(#11370));
#11370 = SURFACE_STYLE_FILL_AREA(#11371);
#11371 = FILL_AREA_STYLE('',(#11372));
#11372 = FILL_AREA_STYLE_COLOUR('',#11365);
#11373 = STYLED_ITEM('color',(#11374),#7515);
#11374 = PRESENTATION_STYLE_ASSIGNMENT((#11375));
#11375 = SURFACE_STYLE_USAGE(.BOTH.,#11376);
#11376 = SURFACE_SIDE_STYLE('',(#11377));
#11377 = SURFACE_STYLE_FILL_AREA(#11378);
#11378 = FILL_AREA_STYLE('',(#11379));
#11379 = FILL_AREA_STYLE_COLOUR('',#11365);
#11380 = STYLED_ITEM('color',(#11381),#7540);
#11381 = PRESENTATION_STYLE_ASSIGNMENT((#11382));
#11382 = SURFACE_STYLE_USAGE(.BOTH.,#11383);
#11383 = SURFACE_SIDE_STYLE('',(#11384));
#11384 = SURFACE_STYLE_FILL_AREA(#11385);
#11385 = FILL_AREA_STYLE('',(#11386));
#11386 = FILL_AREA_STYLE_COLOUR('',#11365);
#11387 = STYLED_ITEM('color',(#11388),#7564);
#11388 = PRESENTATION_STYLE_ASSIGNMENT((#11389));
#11389 = SURFACE_STYLE_USAGE(.BOTH.,#11390);
#11390 = SURFACE_SIDE_STYLE('',(#11391));
#11391 = SURFACE_STYLE_FILL_AREA(#11392);
#11392 = FILL_AREA_STYLE('',(#11393));
#11393 = FILL_AREA_STYLE_COLOUR('',#11365);
#11394 = STYLED_ITEM('color',(#11395),#7589);
#11395 = PRESENTATION_STYLE_ASSIGNMENT((#11396));
#11396 = SURFACE_STYLE_USAGE(.BOTH.,#11397);
#11397 = SURFACE_SIDE_STYLE('',(#11398));
#11398 = SURFACE_STYLE_FILL_AREA(#11399);
#11399 = FILL_AREA_STYLE('',(#11400));
#11400 = FILL_AREA_STYLE_COLOUR('',#11365);
#11401 = STYLED_ITEM('color',(#11402),#7613);
#11402 = PRESENTATION_STYLE_ASSIGNMENT((#11403));
#11403 = SURFACE_STYLE_USAGE(.BOTH.,#11404);
#11404 = SURFACE_SIDE_STYLE('',(#11405));
#11405 = SURFACE_STYLE_FILL_AREA(#11406);
#11406 = FILL_AREA_STYLE('',(#11407));
#11407 = FILL_AREA_STYLE_COLOUR('',#11365);
#11408 = STYLED_ITEM('color',(#11409),#7638);
#11409 = PRESENTATION_STYLE_ASSIGNMENT((#11410));
#11410 = SURFACE_STYLE_USAGE(.BOTH.,#11411);
#11411 = SURFACE_SIDE_STYLE('',(#11412));
#11412 = SURFACE_STYLE_FILL_AREA(#11413);
#11413 = FILL_AREA_STYLE('',(#11414));
#11414 = FILL_AREA_STYLE_COLOUR('',#11365);
#11415 = STYLED_ITEM('color',(#11416),#7655);
#11416 = PRESENTATION_STYLE_ASSIGNMENT((#11417));
#11417 = SURFACE_STYLE_USAGE(.BOTH.,#11418);
#11418 = SURFACE_SIDE_STYLE('',(#11419));
#11419 = SURFACE_STYLE_FILL_AREA(#11420);
#11420 = FILL_AREA_STYLE('',(#11421));
#11421 = FILL_AREA_STYLE_COLOUR('',#11109);
#11422 = STYLED_ITEM('color',(#11423),#7741);
#11423 = PRESENTATION_STYLE_ASSIGNMENT((#11424));
#11424 = SURFACE_STYLE_USAGE(.BOTH.,#11425);
#11425 = SURFACE_SIDE_STYLE('',(#11426));
#11426 = SURFACE_STYLE_FILL_AREA(#11427);
#11427 = FILL_AREA_STYLE('',(#11428));
#11428 = FILL_AREA_STYLE_COLOUR('',#11109);
#11429 = STYLED_ITEM('color',(#11430),#7772);
#11430 = PRESENTATION_STYLE_ASSIGNMENT((#11431));
#11431 = SURFACE_STYLE_USAGE(.BOTH.,#11432);
#11432 = SURFACE_SIDE_STYLE('',(#11433));
#11433 = SURFACE_STYLE_FILL_AREA(#11434);
#11434 = FILL_AREA_STYLE('',(#11435));
#11435 = FILL_AREA_STYLE_COLOUR('',#11109);
#11436 = STYLED_ITEM('color',(#11437),#7797);
#11437 = PRESENTATION_STYLE_ASSIGNMENT((#11438));
#11438 = SURFACE_STYLE_USAGE(.BOTH.,#11439);
#11439 = SURFACE_SIDE_STYLE('',(#11440));
#11440 = SURFACE_STYLE_FILL_AREA(#11441);
#11441 = FILL_AREA_STYLE('',(#11442));
#11442 = FILL_AREA_STYLE_COLOUR('',#11109);
#11443 = STYLED_ITEM('color',(#11444),#7822);
#11444 = PRESENTATION_STYLE_ASSIGNMENT((#11445));
#11445 = SURFACE_STYLE_USAGE(.BOTH.,#11446);
#11446 = SURFACE_SIDE_STYLE('',(#11447));
#11447 = SURFACE_STYLE_FILL_AREA(#11448);
#11448 = FILL_AREA_STYLE('',(#11449));
#11449 = FILL_AREA_STYLE_COLOUR('',#11109);
#11450 = STYLED_ITEM('color',(#11451),#7846);
#11451 = PRESENTATION_STYLE_ASSIGNMENT((#11452));
#11452 = SURFACE_STYLE_USAGE(.BOTH.,#11453);
#11453 = SURFACE_SIDE_STYLE('',(#11454));
#11454 = SURFACE_STYLE_FILL_AREA(#11455);
#11455 = FILL_AREA_STYLE('',(#11456));
#11456 = FILL_AREA_STYLE_COLOUR('',#11109);
#11457 = STYLED_ITEM('color',(#11458),#7870);
#11458 = PRESENTATION_STYLE_ASSIGNMENT((#11459));
#11459 = SURFACE_STYLE_USAGE(.BOTH.,#11460);
#11460 = SURFACE_SIDE_STYLE('',(#11461));
#11461 = SURFACE_STYLE_FILL_AREA(#11462);
#11462 = FILL_AREA_STYLE('',(#11463));
#11463 = FILL_AREA_STYLE_COLOUR('',#11109);
#11464 = STYLED_ITEM('color',(#11465),#7895);
#11465 = PRESENTATION_STYLE_ASSIGNMENT((#11466));
#11466 = SURFACE_STYLE_USAGE(.BOTH.,#11467);
#11467 = SURFACE_SIDE_STYLE('',(#11468));
#11468 = SURFACE_STYLE_FILL_AREA(#11469);
#11469 = FILL_AREA_STYLE('',(#11470));
#11470 = FILL_AREA_STYLE_COLOUR('',#11109);
#11471 = STYLED_ITEM('color',(#11472),#7920);
#11472 = PRESENTATION_STYLE_ASSIGNMENT((#11473));
#11473 = SURFACE_STYLE_USAGE(.BOTH.,#11474);
#11474 = SURFACE_SIDE_STYLE('',(#11475));
#11475 = SURFACE_STYLE_FILL_AREA(#11476);
#11476 = FILL_AREA_STYLE('',(#11477));
#11477 = FILL_AREA_STYLE_COLOUR('',#11109);
#11478 = STYLED_ITEM('color',(#11479),#7937);
#11479 = PRESENTATION_STYLE_ASSIGNMENT((#11480));
#11480 = SURFACE_STYLE_USAGE(.BOTH.,#11481);
#11481 = SURFACE_SIDE_STYLE('',(#11482));
#11482 = SURFACE_STYLE_FILL_AREA(#11483);
#11483 = FILL_AREA_STYLE('',(#11484));
#11484 = FILL_AREA_STYLE_COLOUR('',#11109);
#11485 = MECHANICAL_DESIGN_GEOMETRIC_PRESENTATION_REPRESENTATION('',(
    #11486,#11494,#11501,#11508,#11515,#11522,#11529,#11536,#11543,
    #11550,#11557,#11564,#11571,#11578,#11585,#11592,#11599,#11606,
    #11613,#11620,#11627,#11634,#11641,#11648,#11655,#11662,#11669,
    #11676,#11683,#11690,#11697,#11704,#11711,#11718,#11725,#11732,
    #11739,#11746,#11753,#11760,#11767,#11774,#11781,#11788,#11795,
    #11802,#11809,#11816,#11823,#11830,#11837,#11844,#11851,#11858,
    #11865,#11872,#11879,#11886,#11893,#11900,#11907,#11914,#11921,
    #11928,#11935,#11942,#11949,#11956,#11963,#11970,#11977,#11984,
    #11991,#11998,#12005,#12012,#12019,#12026,#12033,#12040,#12047,
    #12054,#12061,#12068,#12075,#12082,#12089,#12096,#12103),#3935);
#11486 = STYLED_ITEM('color',(#11487),#1316);
#11487 = PRESENTATION_STYLE_ASSIGNMENT((#11488));
#11488 = SURFACE_STYLE_USAGE(.BOTH.,#11489);
#11489 = SURFACE_SIDE_STYLE('',(#11490));
#11490 = SURFACE_STYLE_FILL_AREA(#11491);
#11491 = FILL_AREA_STYLE('',(#11492));
#11492 = FILL_AREA_STYLE_COLOUR('',#11493);
#11493 = COLOUR_RGB('',0.340000006699,0.68000001254,0.444999988852);
#11494 = STYLED_ITEM('color',(#11495),#1412);
#11495 = PRESENTATION_STYLE_ASSIGNMENT((#11496));
#11496 = SURFACE_STYLE_USAGE(.BOTH.,#11497);
#11497 = SURFACE_SIDE_STYLE('',(#11498));
#11498 = SURFACE_STYLE_FILL_AREA(#11499);
#11499 = FILL_AREA_STYLE('',(#11500));
#11500 = FILL_AREA_STYLE_COLOUR('',#11493);
#11501 = STYLED_ITEM('color',(#11502),#1443);
#11502 = PRESENTATION_STYLE_ASSIGNMENT((#11503));
#11503 = SURFACE_STYLE_USAGE(.BOTH.,#11504);
#11504 = SURFACE_SIDE_STYLE('',(#11505));
#11505 = SURFACE_STYLE_FILL_AREA(#11506);
#11506 = FILL_AREA_STYLE('',(#11507));
#11507 = FILL_AREA_STYLE_COLOUR('',#11493);
#11508 = STYLED_ITEM('color',(#11509),#1489);
#11509 = PRESENTATION_STYLE_ASSIGNMENT((#11510));
#11510 = SURFACE_STYLE_USAGE(.BOTH.,#11511);
#11511 = SURFACE_SIDE_STYLE('',(#11512));
#11512 = SURFACE_STYLE_FILL_AREA(#11513);
#11513 = FILL_AREA_STYLE('',(#11514));
#11514 = FILL_AREA_STYLE_COLOUR('',#11493);
#11515 = STYLED_ITEM('color',(#11516),#1513);
#11516 = PRESENTATION_STYLE_ASSIGNMENT((#11517));
#11517 = SURFACE_STYLE_USAGE(.BOTH.,#11518);
#11518 = SURFACE_SIDE_STYLE('',(#11519));
#11519 = SURFACE_STYLE_FILL_AREA(#11520);
#11520 = FILL_AREA_STYLE('',(#11521));
#11521 = FILL_AREA_STYLE_COLOUR('',#11493);
#11522 = STYLED_ITEM('color',(#11523),#1537);
#11523 = PRESENTATION_STYLE_ASSIGNMENT((#11524));
#11524 = SURFACE_STYLE_USAGE(.BOTH.,#11525);
#11525 = SURFACE_SIDE_STYLE('',(#11526));
#11526 = SURFACE_STYLE_FILL_AREA(#11527);
#11527 = FILL_AREA_STYLE('',(#11528));
#11528 = FILL_AREA_STYLE_COLOUR('',#11493);
#11529 = STYLED_ITEM('color',(#11530),#1684);
#11530 = PRESENTATION_STYLE_ASSIGNMENT((#11531));
#11531 = SURFACE_STYLE_USAGE(.BOTH.,#11532);
#11532 = SURFACE_SIDE_STYLE('',(#11533));
#11533 = SURFACE_STYLE_FILL_AREA(#11534);
#11534 = FILL_AREA_STYLE('',(#11535));
#11535 = FILL_AREA_STYLE_COLOUR('',#11493);
#11536 = STYLED_ITEM('color',(#11537),#1708);
#11537 = PRESENTATION_STYLE_ASSIGNMENT((#11538));
#11538 = SURFACE_STYLE_USAGE(.BOTH.,#11539);
#11539 = SURFACE_SIDE_STYLE('',(#11540));
#11540 = SURFACE_STYLE_FILL_AREA(#11541);
#11541 = FILL_AREA_STYLE('',(#11542));
#11542 = FILL_AREA_STYLE_COLOUR('',#11493);
#11543 = STYLED_ITEM('color',(#11544),#1732);
#11544 = PRESENTATION_STYLE_ASSIGNMENT((#11545));
#11545 = SURFACE_STYLE_USAGE(.BOTH.,#11546);
#11546 = SURFACE_SIDE_STYLE('',(#11547));
#11547 = SURFACE_STYLE_FILL_AREA(#11548);
#11548 = FILL_AREA_STYLE('',(#11549));
#11549 = FILL_AREA_STYLE_COLOUR('',#11493);
#11550 = STYLED_ITEM('color',(#11551),#1749);
#11551 = PRESENTATION_STYLE_ASSIGNMENT((#11552));
#11552 = SURFACE_STYLE_USAGE(.BOTH.,#11553);
#11553 = SURFACE_SIDE_STYLE('',(#11554));
#11554 = SURFACE_STYLE_FILL_AREA(#11555);
#11555 = FILL_AREA_STYLE('',(#11556));
#11556 = FILL_AREA_STYLE_COLOUR('',#11493);
#11557 = STYLED_ITEM('color',(#11558),#1841);
#11558 = PRESENTATION_STYLE_ASSIGNMENT((#11559));
#11559 = SURFACE_STYLE_USAGE(.BOTH.,#11560);
#11560 = SURFACE_SIDE_STYLE('',(#11561));
#11561 = SURFACE_STYLE_FILL_AREA(#11562);
#11562 = FILL_AREA_STYLE('',(#11563));
#11563 = FILL_AREA_STYLE_COLOUR('',#11493);
#11564 = STYLED_ITEM('color',(#11565),#1858);
#11565 = PRESENTATION_STYLE_ASSIGNMENT((#11566));
#11566 = SURFACE_STYLE_USAGE(.BOTH.,#11567);
#11567 = SURFACE_SIDE_STYLE('',(#11568));
#11568 = SURFACE_STYLE_FILL_AREA(#11569);
#11569 = FILL_AREA_STYLE('',(#11570));
#11570 = FILL_AREA_STYLE_COLOUR('',#11493);
#11571 = STYLED_ITEM('color',(#11572),#1896);
#11572 = PRESENTATION_STYLE_ASSIGNMENT((#11573));
#11573 = SURFACE_STYLE_USAGE(.BOTH.,#11574);
#11574 = SURFACE_SIDE_STYLE('',(#11575));
#11575 = SURFACE_STYLE_FILL_AREA(#11576);
#11576 = FILL_AREA_STYLE('',(#11577));
#11577 = FILL_AREA_STYLE_COLOUR('',#11493);
#11578 = STYLED_ITEM('color',(#11579),#2007);
#11579 = PRESENTATION_STYLE_ASSIGNMENT((#11580));
#11580 = SURFACE_STYLE_USAGE(.BOTH.,#11581);
#11581 = SURFACE_SIDE_STYLE('',(#11582));
#11582 = SURFACE_STYLE_FILL_AREA(#11583);
#11583 = FILL_AREA_STYLE('',(#11584));
#11584 = FILL_AREA_STYLE_COLOUR('',#11493);
#11585 = STYLED_ITEM('color',(#11586),#2118);
#11586 = PRESENTATION_STYLE_ASSIGNMENT((#11587));
#11587 = SURFACE_STYLE_USAGE(.BOTH.,#11588);
#11588 = SURFACE_SIDE_STYLE('',(#11589));
#11589 = SURFACE_STYLE_FILL_AREA(#11590);
#11590 = FILL_AREA_STYLE('',(#11591));
#11591 = FILL_AREA_STYLE_COLOUR('',#11493);
#11592 = STYLED_ITEM('color',(#11593),#2130);
#11593 = PRESENTATION_STYLE_ASSIGNMENT((#11594));
#11594 = SURFACE_STYLE_USAGE(.BOTH.,#11595);
#11595 = SURFACE_SIDE_STYLE('',(#11596));
#11596 = SURFACE_STYLE_FILL_AREA(#11597);
#11597 = FILL_AREA_STYLE('',(#11598));
#11598 = FILL_AREA_STYLE_COLOUR('',#11493);
#11599 = STYLED_ITEM('color',(#11600),#2154);
#11600 = PRESENTATION_STYLE_ASSIGNMENT((#11601));
#11601 = SURFACE_STYLE_USAGE(.BOTH.,#11602);
#11602 = SURFACE_SIDE_STYLE('',(#11603));
#11603 = SURFACE_STYLE_FILL_AREA(#11604);
#11604 = FILL_AREA_STYLE('',(#11605));
#11605 = FILL_AREA_STYLE_COLOUR('',#11493);
#11606 = STYLED_ITEM('color',(#11607),#2178);
#11607 = PRESENTATION_STYLE_ASSIGNMENT((#11608));
#11608 = SURFACE_STYLE_USAGE(.BOTH.,#11609);
#11609 = SURFACE_SIDE_STYLE('',(#11610));
#11610 = SURFACE_STYLE_FILL_AREA(#11611);
#11611 = FILL_AREA_STYLE('',(#11612));
#11612 = FILL_AREA_STYLE_COLOUR('',#11493);
#11613 = STYLED_ITEM('color',(#11614),#2195);
#11614 = PRESENTATION_STYLE_ASSIGNMENT((#11615));
#11615 = SURFACE_STYLE_USAGE(.BOTH.,#11616);
#11616 = SURFACE_SIDE_STYLE('',(#11617));
#11617 = SURFACE_STYLE_FILL_AREA(#11618);
#11618 = FILL_AREA_STYLE('',(#11619));
#11619 = FILL_AREA_STYLE_COLOUR('',#11109);
#11620 = STYLED_ITEM('color',(#11621),#2226);
#11621 = PRESENTATION_STYLE_ASSIGNMENT((#11622));
#11622 = SURFACE_STYLE_USAGE(.BOTH.,#11623);
#11623 = SURFACE_SIDE_STYLE('',(#11624));
#11624 = SURFACE_STYLE_FILL_AREA(#11625);
#11625 = FILL_AREA_STYLE('',(#11626));
#11626 = FILL_AREA_STYLE_COLOUR('',#11109);
#11627 = STYLED_ITEM('color',(#11628),#2250);
#11628 = PRESENTATION_STYLE_ASSIGNMENT((#11629));
#11629 = SURFACE_STYLE_USAGE(.BOTH.,#11630);
#11630 = SURFACE_SIDE_STYLE('',(#11631));
#11631 = SURFACE_STYLE_FILL_AREA(#11632);
#11632 = FILL_AREA_STYLE('',(#11633));
#11633 = FILL_AREA_STYLE_COLOUR('',#11109);
#11634 = STYLED_ITEM('color',(#11635),#2274);
#11635 = PRESENTATION_STYLE_ASSIGNMENT((#11636));
#11636 = SURFACE_STYLE_USAGE(.BOTH.,#11637);
#11637 = SURFACE_SIDE_STYLE('',(#11638));
#11638 = SURFACE_STYLE_FILL_AREA(#11639);
#11639 = FILL_AREA_STYLE('',(#11640));
#11640 = FILL_AREA_STYLE_COLOUR('',#11109);
#11641 = STYLED_ITEM('color',(#11642),#2291);
#11642 = PRESENTATION_STYLE_ASSIGNMENT((#11643));
#11643 = SURFACE_STYLE_USAGE(.BOTH.,#11644);
#11644 = SURFACE_SIDE_STYLE('',(#11645));
#11645 = SURFACE_STYLE_FILL_AREA(#11646);
#11646 = FILL_AREA_STYLE('',(#11647));
#11647 = FILL_AREA_STYLE_COLOUR('',#11109);
#11648 = STYLED_ITEM('color',(#11649),#2322);
#11649 = PRESENTATION_STYLE_ASSIGNMENT((#11650));
#11650 = SURFACE_STYLE_USAGE(.BOTH.,#11651);
#11651 = SURFACE_SIDE_STYLE('',(#11652));
#11652 = SURFACE_STYLE_FILL_AREA(#11653);
#11653 = FILL_AREA_STYLE('',(#11654));
#11654 = FILL_AREA_STYLE_COLOUR('',#11109);
#11655 = STYLED_ITEM('color',(#11656),#2346);
#11656 = PRESENTATION_STYLE_ASSIGNMENT((#11657));
#11657 = SURFACE_STYLE_USAGE(.BOTH.,#11658);
#11658 = SURFACE_SIDE_STYLE('',(#11659));
#11659 = SURFACE_STYLE_FILL_AREA(#11660);
#11660 = FILL_AREA_STYLE('',(#11661));
#11661 = FILL_AREA_STYLE_COLOUR('',#11109);
#11662 = STYLED_ITEM('color',(#11663),#2370);
#11663 = PRESENTATION_STYLE_ASSIGNMENT((#11664));
#11664 = SURFACE_STYLE_USAGE(.BOTH.,#11665);
#11665 = SURFACE_SIDE_STYLE('',(#11666));
#11666 = SURFACE_STYLE_FILL_AREA(#11667);
#11667 = FILL_AREA_STYLE('',(#11668));
#11668 = FILL_AREA_STYLE_COLOUR('',#11109);
#11669 = STYLED_ITEM('color',(#11670),#2387);
#11670 = PRESENTATION_STYLE_ASSIGNMENT((#11671));
#11671 = SURFACE_STYLE_USAGE(.BOTH.,#11672);
#11672 = SURFACE_SIDE_STYLE('',(#11673));
#11673 = SURFACE_STYLE_FILL_AREA(#11674);
#11674 = FILL_AREA_STYLE('',(#11675));
#11675 = FILL_AREA_STYLE_COLOUR('',#11493);
#11676 = STYLED_ITEM('color',(#11677),#2416);
#11677 = PRESENTATION_STYLE_ASSIGNMENT((#11678));
#11678 = SURFACE_STYLE_USAGE(.BOTH.,#11679);
#11679 = SURFACE_SIDE_STYLE('',(#11680));
#11680 = SURFACE_STYLE_FILL_AREA(#11681);
#11681 = FILL_AREA_STYLE('',(#11682));
#11682 = FILL_AREA_STYLE_COLOUR('',#11493);
#11683 = STYLED_ITEM('color',(#11684),#2439);
#11684 = PRESENTATION_STYLE_ASSIGNMENT((#11685));
#11685 = SURFACE_STYLE_USAGE(.BOTH.,#11686);
#11686 = SURFACE_SIDE_STYLE('',(#11687));
#11687 = SURFACE_STYLE_FILL_AREA(#11688);
#11688 = FILL_AREA_STYLE('',(#11689));
#11689 = FILL_AREA_STYLE_COLOUR('',#11493);
#11690 = STYLED_ITEM('color',(#11691),#2462);
#11691 = PRESENTATION_STYLE_ASSIGNMENT((#11692));
#11692 = SURFACE_STYLE_USAGE(.BOTH.,#11693);
#11693 = SURFACE_SIDE_STYLE('',(#11694));
#11694 = SURFACE_STYLE_FILL_AREA(#11695);
#11695 = FILL_AREA_STYLE('',(#11696));
#11696 = FILL_AREA_STYLE_COLOUR('',#11493);
#11697 = STYLED_ITEM('color',(#11698),#2479);
#11698 = PRESENTATION_STYLE_ASSIGNMENT((#11699));
#11699 = SURFACE_STYLE_USAGE(.BOTH.,#11700);
#11700 = SURFACE_SIDE_STYLE('',(#11701));
#11701 = SURFACE_STYLE_FILL_AREA(#11702);
#11702 = FILL_AREA_STYLE('',(#11703));
#11703 = FILL_AREA_STYLE_COLOUR('',#11493);
#11704 = STYLED_ITEM('color',(#11705),#2508);
#11705 = PRESENTATION_STYLE_ASSIGNMENT((#11706));
#11706 = SURFACE_STYLE_USAGE(.BOTH.,#11707);
#11707 = SURFACE_SIDE_STYLE('',(#11708));
#11708 = SURFACE_STYLE_FILL_AREA(#11709);
#11709 = FILL_AREA_STYLE('',(#11710));
#11710 = FILL_AREA_STYLE_COLOUR('',#11493);
#11711 = STYLED_ITEM('color',(#11712),#2531);
#11712 = PRESENTATION_STYLE_ASSIGNMENT((#11713));
#11713 = SURFACE_STYLE_USAGE(.BOTH.,#11714);
#11714 = SURFACE_SIDE_STYLE('',(#11715));
#11715 = SURFACE_STYLE_FILL_AREA(#11716);
#11716 = FILL_AREA_STYLE('',(#11717));
#11717 = FILL_AREA_STYLE_COLOUR('',#11493);
#11718 = STYLED_ITEM('color',(#11719),#2554);
#11719 = PRESENTATION_STYLE_ASSIGNMENT((#11720));
#11720 = SURFACE_STYLE_USAGE(.BOTH.,#11721);
#11721 = SURFACE_SIDE_STYLE('',(#11722));
#11722 = SURFACE_STYLE_FILL_AREA(#11723);
#11723 = FILL_AREA_STYLE('',(#11724));
#11724 = FILL_AREA_STYLE_COLOUR('',#11493);
#11725 = STYLED_ITEM('color',(#11726),#2571);
#11726 = PRESENTATION_STYLE_ASSIGNMENT((#11727));
#11727 = SURFACE_STYLE_USAGE(.BOTH.,#11728);
#11728 = SURFACE_SIDE_STYLE('',(#11729));
#11729 = SURFACE_STYLE_FILL_AREA(#11730);
#11730 = FILL_AREA_STYLE('',(#11731));
#11731 = FILL_AREA_STYLE_COLOUR('',#11493);
#11732 = STYLED_ITEM('color',(#11733),#2583);
#11733 = PRESENTATION_STYLE_ASSIGNMENT((#11734));
#11734 = SURFACE_STYLE_USAGE(.BOTH.,#11735);
#11735 = SURFACE_SIDE_STYLE('',(#11736));
#11736 = SURFACE_STYLE_FILL_AREA(#11737);
#11737 = FILL_AREA_STYLE('',(#11738));
#11738 = FILL_AREA_STYLE_COLOUR('',#11493);
#11739 = STYLED_ITEM('color',(#11740),#2599);
#11740 = PRESENTATION_STYLE_ASSIGNMENT((#11741));
#11741 = SURFACE_STYLE_USAGE(.BOTH.,#11742);
#11742 = SURFACE_SIDE_STYLE('',(#11743));
#11743 = SURFACE_STYLE_FILL_AREA(#11744);
#11744 = FILL_AREA_STYLE('',(#11745));
#11745 = FILL_AREA_STYLE_COLOUR('',#11109);
#11746 = STYLED_ITEM('color',(#11747),#2632);
#11747 = PRESENTATION_STYLE_ASSIGNMENT((#11748));
#11748 = SURFACE_STYLE_USAGE(.BOTH.,#11749);
#11749 = SURFACE_SIDE_STYLE('',(#11750));
#11750 = SURFACE_STYLE_FILL_AREA(#11751);
#11751 = FILL_AREA_STYLE('',(#11752));
#11752 = FILL_AREA_STYLE_COLOUR('',#11109);
#11753 = STYLED_ITEM('color',(#11754),#2657);
#11754 = PRESENTATION_STYLE_ASSIGNMENT((#11755));
#11755 = SURFACE_STYLE_USAGE(.BOTH.,#11756);
#11756 = SURFACE_SIDE_STYLE('',(#11757));
#11757 = SURFACE_STYLE_FILL_AREA(#11758);
#11758 = FILL_AREA_STYLE('',(#11759));
#11759 = FILL_AREA_STYLE_COLOUR('',#11493);
#11760 = STYLED_ITEM('color',(#11761),#2695);
#11761 = PRESENTATION_STYLE_ASSIGNMENT((#11762));
#11762 = SURFACE_STYLE_USAGE(.BOTH.,#11763);
#11763 = SURFACE_SIDE_STYLE('',(#11764));
#11764 = SURFACE_STYLE_FILL_AREA(#11765);
#11765 = FILL_AREA_STYLE('',(#11766));
#11766 = FILL_AREA_STYLE_COLOUR('',#11109);
#11767 = STYLED_ITEM('color',(#11768),#2727);
#11768 = PRESENTATION_STYLE_ASSIGNMENT((#11769));
#11769 = SURFACE_STYLE_USAGE(.BOTH.,#11770);
#11770 = SURFACE_SIDE_STYLE('',(#11771));
#11771 = SURFACE_STYLE_FILL_AREA(#11772);
#11772 = FILL_AREA_STYLE('',(#11773));
#11773 = FILL_AREA_STYLE_COLOUR('',#11109);
#11774 = STYLED_ITEM('color',(#11775),#2758);
#11775 = PRESENTATION_STYLE_ASSIGNMENT((#11776));
#11776 = SURFACE_STYLE_USAGE(.BOTH.,#11777);
#11777 = SURFACE_SIDE_STYLE('',(#11778));
#11778 = SURFACE_STYLE_FILL_AREA(#11779);
#11779 = FILL_AREA_STYLE('',(#11780));
#11780 = FILL_AREA_STYLE_COLOUR('',#11493);
#11781 = STYLED_ITEM('color',(#11782),#2768);
#11782 = PRESENTATION_STYLE_ASSIGNMENT((#11783));
#11783 = SURFACE_STYLE_USAGE(.BOTH.,#11784);
#11784 = SURFACE_SIDE_STYLE('',(#11785));
#11785 = SURFACE_STYLE_FILL_AREA(#11786);
#11786 = FILL_AREA_STYLE('',(#11787));
#11787 = FILL_AREA_STYLE_COLOUR('',#11109);
#11788 = STYLED_ITEM('color',(#11789),#2786);
#11789 = PRESENTATION_STYLE_ASSIGNMENT((#11790));
#11790 = SURFACE_STYLE_USAGE(.BOTH.,#11791);
#11791 = SURFACE_SIDE_STYLE('',(#11792));
#11792 = SURFACE_STYLE_FILL_AREA(#11793);
#11793 = FILL_AREA_STYLE('',(#11794));
#11794 = FILL_AREA_STYLE_COLOUR('',#11493);
#11795 = STYLED_ITEM('color',(#11796),#2802);
#11796 = PRESENTATION_STYLE_ASSIGNMENT((#11797));
#11797 = SURFACE_STYLE_USAGE(.BOTH.,#11798);
#11798 = SURFACE_SIDE_STYLE('',(#11799));
#11799 = SURFACE_STYLE_FILL_AREA(#11800);
#11800 = FILL_AREA_STYLE('',(#11801));
#11801 = FILL_AREA_STYLE_COLOUR('',#11109);
#11802 = STYLED_ITEM('color',(#11803),#2835);
#11803 = PRESENTATION_STYLE_ASSIGNMENT((#11804));
#11804 = SURFACE_STYLE_USAGE(.BOTH.,#11805);
#11805 = SURFACE_SIDE_STYLE('',(#11806));
#11806 = SURFACE_STYLE_FILL_AREA(#11807);
#11807 = FILL_AREA_STYLE('',(#11808));
#11808 = FILL_AREA_STYLE_COLOUR('',#11109);
#11809 = STYLED_ITEM('color',(#11810),#2860);
#11810 = PRESENTATION_STYLE_ASSIGNMENT((#11811));
#11811 = SURFACE_STYLE_USAGE(.BOTH.,#11812);
#11812 = SURFACE_SIDE_STYLE('',(#11813));
#11813 = SURFACE_STYLE_FILL_AREA(#11814);
#11814 = FILL_AREA_STYLE('',(#11815));
#11815 = FILL_AREA_STYLE_COLOUR('',#11493);
#11816 = STYLED_ITEM('color',(#11817),#2898);
#11817 = PRESENTATION_STYLE_ASSIGNMENT((#11818));
#11818 = SURFACE_STYLE_USAGE(.BOTH.,#11819);
#11819 = SURFACE_SIDE_STYLE('',(#11820));
#11820 = SURFACE_STYLE_FILL_AREA(#11821);
#11821 = FILL_AREA_STYLE('',(#11822));
#11822 = FILL_AREA_STYLE_COLOUR('',#11109);
#11823 = STYLED_ITEM('color',(#11824),#2930);
#11824 = PRESENTATION_STYLE_ASSIGNMENT((#11825));
#11825 = SURFACE_STYLE_USAGE(.BOTH.,#11826);
#11826 = SURFACE_SIDE_STYLE('',(#11827));
#11827 = SURFACE_STYLE_FILL_AREA(#11828);
#11828 = FILL_AREA_STYLE('',(#11829));
#11829 = FILL_AREA_STYLE_COLOUR('',#11109);
#11830 = STYLED_ITEM('color',(#11831),#2961);
#11831 = PRESENTATION_STYLE_ASSIGNMENT((#11832));
#11832 = SURFACE_STYLE_USAGE(.BOTH.,#11833);
#11833 = SURFACE_SIDE_STYLE('',(#11834));
#11834 = SURFACE_STYLE_FILL_AREA(#11835);
#11835 = FILL_AREA_STYLE('',(#11836));
#11836 = FILL_AREA_STYLE_COLOUR('',#11493);
#11837 = STYLED_ITEM('color',(#11838),#2971);
#11838 = PRESENTATION_STYLE_ASSIGNMENT((#11839));
#11839 = SURFACE_STYLE_USAGE(.BOTH.,#11840);
#11840 = SURFACE_SIDE_STYLE('',(#11841));
#11841 = SURFACE_STYLE_FILL_AREA(#11842);
#11842 = FILL_AREA_STYLE('',(#11843));
#11843 = FILL_AREA_STYLE_COLOUR('',#11109);
#11844 = STYLED_ITEM('color',(#11845),#2989);
#11845 = PRESENTATION_STYLE_ASSIGNMENT((#11846));
#11846 = SURFACE_STYLE_USAGE(.BOTH.,#11847);
#11847 = SURFACE_SIDE_STYLE('',(#11848));
#11848 = SURFACE_STYLE_FILL_AREA(#11849);
#11849 = FILL_AREA_STYLE('',(#11850));
#11850 = FILL_AREA_STYLE_COLOUR('',#11109);
#11851 = STYLED_ITEM('color',(#11852),#3001);
#11852 = PRESENTATION_STYLE_ASSIGNMENT((#11853));
#11853 = SURFACE_STYLE_USAGE(.BOTH.,#11854);
#11854 = SURFACE_SIDE_STYLE('',(#11855));
#11855 = SURFACE_STYLE_FILL_AREA(#11856);
#11856 = FILL_AREA_STYLE('',(#11857));
#11857 = FILL_AREA_STYLE_COLOUR('',#11109);
#11858 = STYLED_ITEM('color',(#11859),#3013);
#11859 = PRESENTATION_STYLE_ASSIGNMENT((#11860));
#11860 = SURFACE_STYLE_USAGE(.BOTH.,#11861);
#11861 = SURFACE_SIDE_STYLE('',(#11862));
#11862 = SURFACE_STYLE_FILL_AREA(#11863);
#11863 = FILL_AREA_STYLE('',(#11864));
#11864 = FILL_AREA_STYLE_COLOUR('',#11493);
#11865 = STYLED_ITEM('color',(#11866),#3044);
#11866 = PRESENTATION_STYLE_ASSIGNMENT((#11867));
#11867 = SURFACE_STYLE_USAGE(.BOTH.,#11868);
#11868 = SURFACE_SIDE_STYLE('',(#11869));
#11869 = SURFACE_STYLE_FILL_AREA(#11870);
#11870 = FILL_AREA_STYLE('',(#11871));
#11871 = FILL_AREA_STYLE_COLOUR('',#11493);
#11872 = STYLED_ITEM('color',(#11873),#3061);
#11873 = PRESENTATION_STYLE_ASSIGNMENT((#11874));
#11874 = SURFACE_STYLE_USAGE(.BOTH.,#11875);
#11875 = SURFACE_SIDE_STYLE('',(#11876));
#11876 = SURFACE_STYLE_FILL_AREA(#11877);
#11877 = FILL_AREA_STYLE('',(#11878));
#11878 = FILL_AREA_STYLE_COLOUR('',#11493);
#11879 = STYLED_ITEM('color',(#11880),#3078);
#11880 = PRESENTATION_STYLE_ASSIGNMENT((#11881));
#11881 = SURFACE_STYLE_USAGE(.BOTH.,#11882);
#11882 = SURFACE_SIDE_STYLE('',(#11883));
#11883 = SURFACE_STYLE_FILL_AREA(#11884);
#11884 = FILL_AREA_STYLE('',(#11885));
#11885 = FILL_AREA_STYLE_COLOUR('',#11493);
#11886 = STYLED_ITEM('color',(#11887),#3109);
#11887 = PRESENTATION_STYLE_ASSIGNMENT((#11888));
#11888 = SURFACE_STYLE_USAGE(.BOTH.,#11889);
#11889 = SURFACE_SIDE_STYLE('',(#11890));
#11890 = SURFACE_STYLE_FILL_AREA(#11891);
#11891 = FILL_AREA_STYLE('',(#11892));
#11892 = FILL_AREA_STYLE_COLOUR('',#11493);
#11893 = STYLED_ITEM('color',(#11894),#3126);
#11894 = PRESENTATION_STYLE_ASSIGNMENT((#11895));
#11895 = SURFACE_STYLE_USAGE(.BOTH.,#11896);
#11896 = SURFACE_SIDE_STYLE('',(#11897));
#11897 = SURFACE_STYLE_FILL_AREA(#11898);
#11898 = FILL_AREA_STYLE('',(#11899));
#11899 = FILL_AREA_STYLE_COLOUR('',#11493);
#11900 = STYLED_ITEM('color',(#11901),#3143);
#11901 = PRESENTATION_STYLE_ASSIGNMENT((#11902));
#11902 = SURFACE_STYLE_USAGE(.BOTH.,#11903);
#11903 = SURFACE_SIDE_STYLE('',(#11904));
#11904 = SURFACE_STYLE_FILL_AREA(#11905);
#11905 = FILL_AREA_STYLE('',(#11906));
#11906 = FILL_AREA_STYLE_COLOUR('',#11109);
#11907 = STYLED_ITEM('color',(#11908),#3168);
#11908 = PRESENTATION_STYLE_ASSIGNMENT((#11909));
#11909 = SURFACE_STYLE_USAGE(.BOTH.,#11910);
#11910 = SURFACE_SIDE_STYLE('',(#11911));
#11911 = SURFACE_STYLE_FILL_AREA(#11912);
#11912 = FILL_AREA_STYLE('',(#11913));
#11913 = FILL_AREA_STYLE_COLOUR('',#11109);
#11914 = STYLED_ITEM('color',(#11915),#3279);
#11915 = PRESENTATION_STYLE_ASSIGNMENT((#11916));
#11916 = SURFACE_STYLE_USAGE(.BOTH.,#11917);
#11917 = SURFACE_SIDE_STYLE('',(#11918));
#11918 = SURFACE_STYLE_FILL_AREA(#11919);
#11919 = FILL_AREA_STYLE('',(#11920));
#11920 = FILL_AREA_STYLE_COLOUR('',#11109);
#11921 = STYLED_ITEM('color',(#11922),#3334);
#11922 = PRESENTATION_STYLE_ASSIGNMENT((#11923));
#11923 = SURFACE_STYLE_USAGE(.BOTH.,#11924);
#11924 = SURFACE_SIDE_STYLE('',(#11925));
#11925 = SURFACE_STYLE_FILL_AREA(#11926);
#11926 = FILL_AREA_STYLE('',(#11927));
#11927 = FILL_AREA_STYLE_COLOUR('',#11109);
#11928 = STYLED_ITEM('color',(#11929),#3344);
#11929 = PRESENTATION_STYLE_ASSIGNMENT((#11930));
#11930 = SURFACE_STYLE_USAGE(.BOTH.,#11931);
#11931 = SURFACE_SIDE_STYLE('',(#11932));
#11932 = SURFACE_STYLE_FILL_AREA(#11933);
#11933 = FILL_AREA_STYLE('',(#11934));
#11934 = FILL_AREA_STYLE_COLOUR('',#11109);
#11935 = STYLED_ITEM('color',(#11936),#3369);
#11936 = PRESENTATION_STYLE_ASSIGNMENT((#11937));
#11937 = SURFACE_STYLE_USAGE(.BOTH.,#11938);
#11938 = SURFACE_SIDE_STYLE('',(#11939));
#11939 = SURFACE_STYLE_FILL_AREA(#11940);
#11940 = FILL_AREA_STYLE('',(#11941));
#11941 = FILL_AREA_STYLE_COLOUR('',#11109);
#11942 = STYLED_ITEM('color',(#11943),#3480);
#11943 = PRESENTATION_STYLE_ASSIGNMENT((#11944));
#11944 = SURFACE_STYLE_USAGE(.BOTH.,#11945);
#11945 = SURFACE_SIDE_STYLE('',(#11946));
#11946 = SURFACE_STYLE_FILL_AREA(#11947);
#11947 = FILL_AREA_STYLE('',(#11948));
#11948 = FILL_AREA_STYLE_COLOUR('',#11109);
#11949 = STYLED_ITEM('color',(#11950),#3535);
#11950 = PRESENTATION_STYLE_ASSIGNMENT((#11951));
#11951 = SURFACE_STYLE_USAGE(.BOTH.,#11952);
#11952 = SURFACE_SIDE_STYLE('',(#11953));
#11953 = SURFACE_STYLE_FILL_AREA(#11954);
#11954 = FILL_AREA_STYLE('',(#11955));
#11955 = FILL_AREA_STYLE_COLOUR('',#11109);
#11956 = STYLED_ITEM('color',(#11957),#3545);
#11957 = PRESENTATION_STYLE_ASSIGNMENT((#11958));
#11958 = SURFACE_STYLE_USAGE(.BOTH.,#11959);
#11959 = SURFACE_SIDE_STYLE('',(#11960));
#11960 = SURFACE_STYLE_FILL_AREA(#11961);
#11961 = FILL_AREA_STYLE('',(#11962));
#11962 = FILL_AREA_STYLE_COLOUR('',#11109);
#11963 = STYLED_ITEM('color',(#11964),#3561);
#11964 = PRESENTATION_STYLE_ASSIGNMENT((#11965));
#11965 = SURFACE_STYLE_USAGE(.BOTH.,#11966);
#11966 = SURFACE_SIDE_STYLE('',(#11967));
#11967 = SURFACE_STYLE_FILL_AREA(#11968);
#11968 = FILL_AREA_STYLE('',(#11969));
#11969 = FILL_AREA_STYLE_COLOUR('',#11109);
#11970 = STYLED_ITEM('color',(#11971),#3578);
#11971 = PRESENTATION_STYLE_ASSIGNMENT((#11972));
#11972 = SURFACE_STYLE_USAGE(.BOTH.,#11973);
#11973 = SURFACE_SIDE_STYLE('',(#11974));
#11974 = SURFACE_STYLE_FILL_AREA(#11975);
#11975 = FILL_AREA_STYLE('',(#11976));
#11976 = FILL_AREA_STYLE_COLOUR('',#11109);
#11977 = STYLED_ITEM('color',(#11978),#3595);
#11978 = PRESENTATION_STYLE_ASSIGNMENT((#11979));
#11979 = SURFACE_STYLE_USAGE(.BOTH.,#11980);
#11980 = SURFACE_SIDE_STYLE('',(#11981));
#11981 = SURFACE_STYLE_FILL_AREA(#11982);
#11982 = FILL_AREA_STYLE('',(#11983));
#11983 = FILL_AREA_STYLE_COLOUR('',#11109);
#11984 = STYLED_ITEM('color',(#11985),#3612);
#11985 = PRESENTATION_STYLE_ASSIGNMENT((#11986));
#11986 = SURFACE_STYLE_USAGE(.BOTH.,#11987);
#11987 = SURFACE_SIDE_STYLE('',(#11988));
#11988 = SURFACE_STYLE_FILL_AREA(#11989);
#11989 = FILL_AREA_STYLE('',(#11990));
#11990 = FILL_AREA_STYLE_COLOUR('',#11109);
#11991 = STYLED_ITEM('color',(#11992),#3622);
#11992 = PRESENTATION_STYLE_ASSIGNMENT((#11993));
#11993 = SURFACE_STYLE_USAGE(.BOTH.,#11994);
#11994 = SURFACE_SIDE_STYLE('',(#11995));
#11995 = SURFACE_STYLE_FILL_AREA(#11996);
#11996 = FILL_AREA_STYLE('',(#11997));
#11997 = FILL_AREA_STYLE_COLOUR('',#11109);
#11998 = STYLED_ITEM('color',(#11999),#3632);
#11999 = PRESENTATION_STYLE_ASSIGNMENT((#12000));
#12000 = SURFACE_STYLE_USAGE(.BOTH.,#12001);
#12001 = SURFACE_SIDE_STYLE('',(#12002));
#12002 = SURFACE_STYLE_FILL_AREA(#12003);
#12003 = FILL_AREA_STYLE('',(#12004));
#12004 = FILL_AREA_STYLE_COLOUR('',#11109);
#12005 = STYLED_ITEM('color',(#12006),#3663);
#12006 = PRESENTATION_STYLE_ASSIGNMENT((#12007));
#12007 = SURFACE_STYLE_USAGE(.BOTH.,#12008);
#12008 = SURFACE_SIDE_STYLE('',(#12009));
#12009 = SURFACE_STYLE_FILL_AREA(#12010);
#12010 = FILL_AREA_STYLE('',(#12011));
#12011 = FILL_AREA_STYLE_COLOUR('',#11109);
#12012 = STYLED_ITEM('color',(#12013),#3687);
#12013 = PRESENTATION_STYLE_ASSIGNMENT((#12014));
#12014 = SURFACE_STYLE_USAGE(.BOTH.,#12015);
#12015 = SURFACE_SIDE_STYLE('',(#12016));
#12016 = SURFACE_STYLE_FILL_AREA(#12017);
#12017 = FILL_AREA_STYLE('',(#12018));
#12018 = FILL_AREA_STYLE_COLOUR('',#11109);
#12019 = STYLED_ITEM('color',(#12020),#3711);
#12020 = PRESENTATION_STYLE_ASSIGNMENT((#12021));
#12021 = SURFACE_STYLE_USAGE(.BOTH.,#12022);
#12022 = SURFACE_SIDE_STYLE('',(#12023));
#12023 = SURFACE_STYLE_FILL_AREA(#12024);
#12024 = FILL_AREA_STYLE('',(#12025));
#12025 = FILL_AREA_STYLE_COLOUR('',#11109);
#12026 = STYLED_ITEM('color',(#12027),#3728);
#12027 = PRESENTATION_STYLE_ASSIGNMENT((#12028));
#12028 = SURFACE_STYLE_USAGE(.BOTH.,#12029);
#12029 = SURFACE_SIDE_STYLE('',(#12030));
#12030 = SURFACE_STYLE_FILL_AREA(#12031);
#12031 = FILL_AREA_STYLE('',(#12032));
#12032 = FILL_AREA_STYLE_COLOUR('',#11109);
#12033 = STYLED_ITEM('color',(#12034),#3744);
#12034 = PRESENTATION_STYLE_ASSIGNMENT((#12035));
#12035 = SURFACE_STYLE_USAGE(.BOTH.,#12036);
#12036 = SURFACE_SIDE_STYLE('',(#12037));
#12037 = SURFACE_STYLE_FILL_AREA(#12038);
#12038 = FILL_AREA_STYLE('',(#12039));
#12039 = FILL_AREA_STYLE_COLOUR('',#11109);
#12040 = STYLED_ITEM('color',(#12041),#3761);
#12041 = PRESENTATION_STYLE_ASSIGNMENT((#12042));
#12042 = SURFACE_STYLE_USAGE(.BOTH.,#12043);
#12043 = SURFACE_SIDE_STYLE('',(#12044));
#12044 = SURFACE_STYLE_FILL_AREA(#12045);
#12045 = FILL_AREA_STYLE('',(#12046));
#12046 = FILL_AREA_STYLE_COLOUR('',#11109);
#12047 = STYLED_ITEM('color',(#12048),#3778);
#12048 = PRESENTATION_STYLE_ASSIGNMENT((#12049));
#12049 = SURFACE_STYLE_USAGE(.BOTH.,#12050);
#12050 = SURFACE_SIDE_STYLE('',(#12051));
#12051 = SURFACE_STYLE_FILL_AREA(#12052);
#12052 = FILL_AREA_STYLE('',(#12053));
#12053 = FILL_AREA_STYLE_COLOUR('',#11109);
#12054 = STYLED_ITEM('color',(#12055),#3795);
#12055 = PRESENTATION_STYLE_ASSIGNMENT((#12056));
#12056 = SURFACE_STYLE_USAGE(.BOTH.,#12057);
#12057 = SURFACE_SIDE_STYLE('',(#12058));
#12058 = SURFACE_STYLE_FILL_AREA(#12059);
#12059 = FILL_AREA_STYLE('',(#12060));
#12060 = FILL_AREA_STYLE_COLOUR('',#11109);
#12061 = STYLED_ITEM('color',(#12062),#3805);
#12062 = PRESENTATION_STYLE_ASSIGNMENT((#12063));
#12063 = SURFACE_STYLE_USAGE(.BOTH.,#12064);
#12064 = SURFACE_SIDE_STYLE('',(#12065));
#12065 = SURFACE_STYLE_FILL_AREA(#12066);
#12066 = FILL_AREA_STYLE('',(#12067));
#12067 = FILL_AREA_STYLE_COLOUR('',#11109);
#12068 = STYLED_ITEM('color',(#12069),#3815);
#12069 = PRESENTATION_STYLE_ASSIGNMENT((#12070));
#12070 = SURFACE_STYLE_USAGE(.BOTH.,#12071);
#12071 = SURFACE_SIDE_STYLE('',(#12072));
#12072 = SURFACE_STYLE_FILL_AREA(#12073);
#12073 = FILL_AREA_STYLE('',(#12074));
#12074 = FILL_AREA_STYLE_COLOUR('',#11109);
#12075 = STYLED_ITEM('color',(#12076),#3846);
#12076 = PRESENTATION_STYLE_ASSIGNMENT((#12077));
#12077 = SURFACE_STYLE_USAGE(.BOTH.,#12078);
#12078 = SURFACE_SIDE_STYLE('',(#12079));
#12079 = SURFACE_STYLE_FILL_AREA(#12080);
#12080 = FILL_AREA_STYLE('',(#12081));
#12081 = FILL_AREA_STYLE_COLOUR('',#11109);
#12082 = STYLED_ITEM('color',(#12083),#3870);
#12083 = PRESENTATION_STYLE_ASSIGNMENT((#12084));
#12084 = SURFACE_STYLE_USAGE(.BOTH.,#12085);
#12085 = SURFACE_SIDE_STYLE('',(#12086));
#12086 = SURFACE_STYLE_FILL_AREA(#12087);
#12087 = FILL_AREA_STYLE('',(#12088));
#12088 = FILL_AREA_STYLE_COLOUR('',#11109);
#12089 = STYLED_ITEM('color',(#12090),#3894);
#12090 = PRESENTATION_STYLE_ASSIGNMENT((#12091));
#12091 = SURFACE_STYLE_USAGE(.BOTH.,#12092);
#12092 = SURFACE_SIDE_STYLE('',(#12093));
#12093 = SURFACE_STYLE_FILL_AREA(#12094);
#12094 = FILL_AREA_STYLE('',(#12095));
#12095 = FILL_AREA_STYLE_COLOUR('',#11109);
#12096 = STYLED_ITEM('color',(#12097),#3911);
#12097 = PRESENTATION_STYLE_ASSIGNMENT((#12098));
#12098 = SURFACE_STYLE_USAGE(.BOTH.,#12099);
#12099 = SURFACE_SIDE_STYLE('',(#12100));
#12100 = SURFACE_STYLE_FILL_AREA(#12101);
#12101 = FILL_AREA_STYLE('',(#12102));
#12102 = FILL_AREA_STYLE_COLOUR('',#11493);
#12103 = STYLED_ITEM('color',(#12104),#3923);
#12104 = PRESENTATION_STYLE_ASSIGNMENT((#12105));
#12105 = SURFACE_STYLE_USAGE(.BOTH.,#12106);
#12106 = SURFACE_SIDE_STYLE('',(#12107));
#12107 = SURFACE_STYLE_FILL_AREA(#12108);
#12108 = FILL_AREA_STYLE('',(#12109));
#12109 = FILL_AREA_STYLE_COLOUR('',#11493);
#12110 = MECHANICAL_DESIGN_GEOMETRIC_PRESENTATION_REPRESENTATION('',(
    #12111,#12119,#12126,#12133,#12140,#12147,#12154,#12161,#12168,
    #12175,#12182,#12189,#12196,#12203,#12210,#12217,#12224,#12232,
    #12239,#12246,#12253,#12260,#12267,#12274,#12281,#12288,#12295,
    #12302,#12309,#12316,#12323,#12330),#6271);
#12111 = STYLED_ITEM('color',(#12112),#5345);
#12112 = PRESENTATION_STYLE_ASSIGNMENT((#12113));
#12113 = SURFACE_STYLE_USAGE(.BOTH.,#12114);
#12114 = SURFACE_SIDE_STYLE('',(#12115));
#12115 = SURFACE_STYLE_FILL_AREA(#12116);
#12116 = FILL_AREA_STYLE('',(#12117));
#12117 = FILL_AREA_STYLE_COLOUR('',#12118);
#12118 = COLOUR_RGB('',0.136999991899,0.40200001271,0.726999997272);
#12119 = STYLED_ITEM('color',(#12120),#5449);
#12120 = PRESENTATION_STYLE_ASSIGNMENT((#12121));
#12121 = SURFACE_STYLE_USAGE(.BOTH.,#12122);
#12122 = SURFACE_SIDE_STYLE('',(#12123));
#12123 = SURFACE_STYLE_FILL_AREA(#12124);
#12124 = FILL_AREA_STYLE('',(#12125));
#12125 = FILL_AREA_STYLE_COLOUR('',#12118);
#12126 = STYLED_ITEM('color',(#12127),#5523);
#12127 = PRESENTATION_STYLE_ASSIGNMENT((#12128));
#12128 = SURFACE_STYLE_USAGE(.BOTH.,#12129);
#12129 = SURFACE_SIDE_STYLE('',(#12130));
#12130 = SURFACE_STYLE_FILL_AREA(#12131);
#12131 = FILL_AREA_STYLE('',(#12132));
#12132 = FILL_AREA_STYLE_COLOUR('',#12118);
#12133 = STYLED_ITEM('color',(#12134),#5547);
#12134 = PRESENTATION_STYLE_ASSIGNMENT((#12135));
#12135 = SURFACE_STYLE_USAGE(.BOTH.,#12136);
#12136 = SURFACE_SIDE_STYLE('',(#12137));
#12137 = SURFACE_STYLE_FILL_AREA(#12138);
#12138 = FILL_AREA_STYLE('',(#12139));
#12139 = FILL_AREA_STYLE_COLOUR('',#12118);
#12140 = STYLED_ITEM('color',(#12141),#5571);
#12141 = PRESENTATION_STYLE_ASSIGNMENT((#12142));
#12142 = SURFACE_STYLE_USAGE(.BOTH.,#12143);
#12143 = SURFACE_SIDE_STYLE('',(#12144));
#12144 = SURFACE_STYLE_FILL_AREA(#12145);
#12145 = FILL_AREA_STYLE('',(#12146));
#12146 = FILL_AREA_STYLE_COLOUR('',#12118);
#12147 = STYLED_ITEM('color',(#12148),#5618);
#12148 = PRESENTATION_STYLE_ASSIGNMENT((#12149));
#12149 = SURFACE_STYLE_USAGE(.BOTH.,#12150);
#12150 = SURFACE_SIDE_STYLE('',(#12151));
#12151 = SURFACE_STYLE_FILL_AREA(#12152);
#12152 = FILL_AREA_STYLE('',(#12153));
#12153 = FILL_AREA_STYLE_COLOUR('',#12118);
#12154 = STYLED_ITEM('color',(#12155),#5642);
#12155 = PRESENTATION_STYLE_ASSIGNMENT((#12156));
#12156 = SURFACE_STYLE_USAGE(.BOTH.,#12157);
#12157 = SURFACE_SIDE_STYLE('',(#12158));
#12158 = SURFACE_STYLE_FILL_AREA(#12159);
#12159 = FILL_AREA_STYLE('',(#12160));
#12160 = FILL_AREA_STYLE_COLOUR('',#12118);
#12161 = STYLED_ITEM('color',(#12162),#5682);
#12162 = PRESENTATION_STYLE_ASSIGNMENT((#12163));
#12163 = SURFACE_STYLE_USAGE(.BOTH.,#12164);
#12164 = SURFACE_SIDE_STYLE('',(#12165));
#12165 = SURFACE_STYLE_FILL_AREA(#12166);
#12166 = FILL_AREA_STYLE('',(#12167));
#12167 = FILL_AREA_STYLE_COLOUR('',#12118);
#12168 = STYLED_ITEM('color',(#12169),#5739);
#12169 = PRESENTATION_STYLE_ASSIGNMENT((#12170));
#12170 = SURFACE_STYLE_USAGE(.BOTH.,#12171);
#12171 = SURFACE_SIDE_STYLE('',(#12172));
#12172 = SURFACE_STYLE_FILL_AREA(#12173);
#12173 = FILL_AREA_STYLE('',(#12174));
#12174 = FILL_AREA_STYLE_COLOUR('',#12118);
#12175 = STYLED_ITEM('color',(#12176),#5779);
#12176 = PRESENTATION_STYLE_ASSIGNMENT((#12177));
#12177 = SURFACE_STYLE_USAGE(.BOTH.,#12178);
#12178 = SURFACE_SIDE_STYLE('',(#12179));
#12179 = SURFACE_STYLE_FILL_AREA(#12180);
#12180 = FILL_AREA_STYLE('',(#12181));
#12181 = FILL_AREA_STYLE_COLOUR('',#12118);
#12182 = STYLED_ITEM('color',(#12183),#5803);
#12183 = PRESENTATION_STYLE_ASSIGNMENT((#12184));
#12184 = SURFACE_STYLE_USAGE(.BOTH.,#12185);
#12185 = SURFACE_SIDE_STYLE('',(#12186));
#12186 = SURFACE_STYLE_FILL_AREA(#12187);
#12187 = FILL_AREA_STYLE('',(#12188));
#12188 = FILL_AREA_STYLE_COLOUR('',#12118);
#12189 = STYLED_ITEM('color',(#12190),#5850);
#12190 = PRESENTATION_STYLE_ASSIGNMENT((#12191));
#12191 = SURFACE_STYLE_USAGE(.BOTH.,#12192);
#12192 = SURFACE_SIDE_STYLE('',(#12193));
#12193 = SURFACE_STYLE_FILL_AREA(#12194);
#12194 = FILL_AREA_STYLE('',(#12195));
#12195 = FILL_AREA_STYLE_COLOUR('',#12118);
#12196 = STYLED_ITEM('color',(#12197),#5874);
#12197 = PRESENTATION_STYLE_ASSIGNMENT((#12198));
#12198 = SURFACE_STYLE_USAGE(.BOTH.,#12199);
#12199 = SURFACE_SIDE_STYLE('',(#12200));
#12200 = SURFACE_STYLE_FILL_AREA(#12201);
#12201 = FILL_AREA_STYLE('',(#12202));
#12202 = FILL_AREA_STYLE_COLOUR('',#12118);
#12203 = STYLED_ITEM('color',(#12204),#5891);
#12204 = PRESENTATION_STYLE_ASSIGNMENT((#12205));
#12205 = SURFACE_STYLE_USAGE(.BOTH.,#12206);
#12206 = SURFACE_SIDE_STYLE('',(#12207));
#12207 = SURFACE_STYLE_FILL_AREA(#12208);
#12208 = FILL_AREA_STYLE('',(#12209));
#12209 = FILL_AREA_STYLE_COLOUR('',#12118);
#12210 = STYLED_ITEM('color',(#12211),#5917);
#12211 = PRESENTATION_STYLE_ASSIGNMENT((#12212));
#12212 = SURFACE_STYLE_USAGE(.BOTH.,#12213);
#12213 = SURFACE_SIDE_STYLE('',(#12214));
#12214 = SURFACE_STYLE_FILL_AREA(#12215);
#12215 = FILL_AREA_STYLE('',(#12216));
#12216 = FILL_AREA_STYLE_COLOUR('',#12118);
#12217 = STYLED_ITEM('color',(#12218),#5929);
#12218 = PRESENTATION_STYLE_ASSIGNMENT((#12219));
#12219 = SURFACE_STYLE_USAGE(.BOTH.,#12220);
#12220 = SURFACE_SIDE_STYLE('',(#12221));
#12221 = SURFACE_STYLE_FILL_AREA(#12222);
#12222 = FILL_AREA_STYLE('',(#12223));
#12223 = FILL_AREA_STYLE_COLOUR('',#12118);
#12224 = STYLED_ITEM('color',(#12225),#5941);
#12225 = PRESENTATION_STYLE_ASSIGNMENT((#12226));
#12226 = SURFACE_STYLE_USAGE(.BOTH.,#12227);
#12227 = SURFACE_SIDE_STYLE('',(#12228));
#12228 = SURFACE_STYLE_FILL_AREA(#12229);
#12229 = FILL_AREA_STYLE('',(#12230));
#12230 = FILL_AREA_STYLE_COLOUR('',#12231);
#12231 = COLOUR_RGB('',0.713999977018,0.428400015816,0.18143999559);
#12232 = STYLED_ITEM('color',(#12233),#6034);
#12233 = PRESENTATION_STYLE_ASSIGNMENT((#12234));
#12234 = SURFACE_STYLE_USAGE(.BOTH.,#12235);
#12235 = SURFACE_SIDE_STYLE('',(#12236));
#12236 = SURFACE_STYLE_FILL_AREA(#12237);
#12237 = FILL_AREA_STYLE('',(#12238));
#12238 = FILL_AREA_STYLE_COLOUR('',#12118);
#12239 = STYLED_ITEM('color',(#12240),#6051);
#12240 = PRESENTATION_STYLE_ASSIGNMENT((#12241));
#12241 = SURFACE_STYLE_USAGE(.BOTH.,#12242);
#12242 = SURFACE_SIDE_STYLE('',(#12243));
#12243 = SURFACE_STYLE_FILL_AREA(#12244);
#12244 = FILL_AREA_STYLE('',(#12245));
#12245 = FILL_AREA_STYLE_COLOUR('',#12118);
#12246 = STYLED_ITEM('color',(#12247),#6063);
#12247 = PRESENTATION_STYLE_ASSIGNMENT((#12248));
#12248 = SURFACE_STYLE_USAGE(.BOTH.,#12249);
#12249 = SURFACE_SIDE_STYLE('',(#12250));
#12250 = SURFACE_STYLE_FILL_AREA(#12251);
#12251 = FILL_AREA_STYLE('',(#12252));
#12252 = FILL_AREA_STYLE_COLOUR('',#11109);
#12253 = STYLED_ITEM('color',(#12254),#6088);
#12254 = PRESENTATION_STYLE_ASSIGNMENT((#12255));
#12255 = SURFACE_STYLE_USAGE(.BOTH.,#12256);
#12256 = SURFACE_SIDE_STYLE('',(#12257));
#12257 = SURFACE_STYLE_FILL_AREA(#12258);
#12258 = FILL_AREA_STYLE('',(#12259));
#12259 = FILL_AREA_STYLE_COLOUR('',#11109);
#12260 = STYLED_ITEM('color',(#12261),#6113);
#12261 = PRESENTATION_STYLE_ASSIGNMENT((#12262));
#12262 = SURFACE_STYLE_USAGE(.BOTH.,#12263);
#12263 = SURFACE_SIDE_STYLE('',(#12264));
#12264 = SURFACE_STYLE_FILL_AREA(#12265);
#12265 = FILL_AREA_STYLE('',(#12266));
#12266 = FILL_AREA_STYLE_COLOUR('',#11109);
#12267 = STYLED_ITEM('color',(#12268),#6138);
#12268 = PRESENTATION_STYLE_ASSIGNMENT((#12269));
#12269 = SURFACE_STYLE_USAGE(.BOTH.,#12270);
#12270 = SURFACE_SIDE_STYLE('',(#12271));
#12271 = SURFACE_STYLE_FILL_AREA(#12272);
#12272 = FILL_AREA_STYLE('',(#12273));
#12273 = FILL_AREA_STYLE_COLOUR('',#12118);
#12274 = STYLED_ITEM('color',(#12275),#6155);
#12275 = PRESENTATION_STYLE_ASSIGNMENT((#12276));
#12276 = SURFACE_STYLE_USAGE(.BOTH.,#12277);
#12277 = SURFACE_SIDE_STYLE('',(#12278));
#12278 = SURFACE_STYLE_FILL_AREA(#12279);
#12279 = FILL_AREA_STYLE('',(#12280));
#12280 = FILL_AREA_STYLE_COLOUR('',#12118);
#12281 = STYLED_ITEM('color',(#12282),#6167);
#12282 = PRESENTATION_STYLE_ASSIGNMENT((#12283));
#12283 = SURFACE_STYLE_USAGE(.BOTH.,#12284);
#12284 = SURFACE_SIDE_STYLE('',(#12285));
#12285 = SURFACE_STYLE_FILL_AREA(#12286);
#12286 = FILL_AREA_STYLE('',(#12287));
#12287 = FILL_AREA_STYLE_COLOUR('',#12231);
#12288 = STYLED_ITEM('color',(#12289),#6182);
#12289 = PRESENTATION_STYLE_ASSIGNMENT((#12290));
#12290 = SURFACE_STYLE_USAGE(.BOTH.,#12291);
#12291 = SURFACE_SIDE_STYLE('',(#12292));
#12292 = SURFACE_STYLE_FILL_AREA(#12293);
#12293 = FILL_AREA_STYLE('',(#12294));
#12294 = FILL_AREA_STYLE_COLOUR('',#12231);
#12295 = STYLED_ITEM('color',(#12296),#6199);
#12296 = PRESENTATION_STYLE_ASSIGNMENT((#12297));
#12297 = SURFACE_STYLE_USAGE(.BOTH.,#12298);
#12298 = SURFACE_SIDE_STYLE('',(#12299));
#12299 = SURFACE_STYLE_FILL_AREA(#12300);
#12300 = FILL_AREA_STYLE('',(#12301));
#12301 = FILL_AREA_STYLE_COLOUR('',#12231);
#12302 = STYLED_ITEM('color',(#12303),#6217);
#12303 = PRESENTATION_STYLE_ASSIGNMENT((#12304));
#12304 = SURFACE_STYLE_USAGE(.BOTH.,#12305);
#12305 = SURFACE_SIDE_STYLE('',(#12306));
#12306 = SURFACE_STYLE_FILL_AREA(#12307);
#12307 = FILL_AREA_STYLE('',(#12308));
#12308 = FILL_AREA_STYLE_COLOUR('',#12231);
#12309 = STYLED_ITEM('color',(#12310),#6234);
#12310 = PRESENTATION_STYLE_ASSIGNMENT((#12311));
#12311 = SURFACE_STYLE_USAGE(.BOTH.,#12312);
#12312 = SURFACE_SIDE_STYLE('',(#12313));
#12313 = SURFACE_STYLE_FILL_AREA(#12314);
#12314 = FILL_AREA_STYLE('',(#12315));
#12315 = FILL_AREA_STYLE_COLOUR('',#12231);
#12316 = STYLED_ITEM('color',(#12317),#6244);
#12317 = PRESENTATION_STYLE_ASSIGNMENT((#12318));
#12318 = SURFACE_STYLE_USAGE(.BOTH.,#12319);
#12319 = SURFACE_SIDE_STYLE('',(#12320));
#12320 = SURFACE_STYLE_FILL_AREA(#12321);
#12321 = FILL_AREA_STYLE('',(#12322));
#12322 = FILL_AREA_STYLE_COLOUR('',#11109);
#12323 = STYLED_ITEM('color',(#12324),#6253);
#12324 = PRESENTATION_STYLE_ASSIGNMENT((#12325));
#12325 = SURFACE_STYLE_USAGE(.BOTH.,#12326);
#12326 = SURFACE_SIDE_STYLE('',(#12327));
#12327 = SURFACE_STYLE_FILL_AREA(#12328);
#12328 = FILL_AREA_STYLE('',(#12329));
#12329 = FILL_AREA_STYLE_COLOUR('',#11109);
#12330 = STYLED_ITEM('color',(#12331),#6262);
#12331 = PRESENTATION_STYLE_ASSIGNMENT((#12332));
#12332 = SURFACE_STYLE_USAGE(.BOTH.,#12333);
#12333 = SURFACE_SIDE_STYLE('',(#12334));
#12334 = SURFACE_STYLE_FILL_AREA(#12335);
#12335 = FILL_AREA_STYLE('',(#12336));
#12336 = FILL_AREA_STYLE_COLOUR('',#11109);
#12337 = MECHANICAL_DESIGN_GEOMETRIC_PRESENTATION_REPRESENTATION('',(
    #12338),#11090);
#12338 = STYLED_ITEM('color',(#12339),#10511);
#12339 = PRESENTATION_STYLE_ASSIGNMENT((#12340));
#12340 = SURFACE_STYLE_USAGE(.BOTH.,#12341);
#12341 = SURFACE_SIDE_STYLE('',(#12342));
#12342 = SURFACE_STYLE_FILL_AREA(#12343);
#12343 = FILL_AREA_STYLE('',(#12344));
#12344 = FILL_AREA_STYLE_COLOUR('',#12345);
#12345 = COLOUR_RGB('',0.313304153717,0.484529207832,0.410020903123);
#12346 = MECHANICAL_DESIGN_GEOMETRIC_PRESENTATION_REPRESENTATION('',(
    #12347,#12354,#12361,#12368,#12376,#12383,#12390,#12397,#12404,
    #12411,#12418,#12425,#12432,#12439,#12446,#12453,#12460,#12467,
    #12474,#12481,#12488,#12495,#12502,#12509,#12516,#12523,#12530,
    #12537,#12544,#12551,#12558,#12565,#12572,#12579,#12586,#12593,
    #12600,#12607,#12614,#12621,#12628),#5319);
#12347 = STYLED_ITEM('color',(#12348),#3956);
#12348 = PRESENTATION_STYLE_ASSIGNMENT((#12349));
#12349 = SURFACE_STYLE_USAGE(.BOTH.,#12350);
#12350 = SURFACE_SIDE_STYLE('',(#12351));
#12351 = SURFACE_STYLE_FILL_AREA(#12352);
#12352 = FILL_AREA_STYLE('',(#12353));
#12353 = FILL_AREA_STYLE_COLOUR('',#11109);
#12354 = STYLED_ITEM('color',(#12355),#3999);
#12355 = PRESENTATION_STYLE_ASSIGNMENT((#12356));
#12356 = SURFACE_STYLE_USAGE(.BOTH.,#12357);
#12357 = SURFACE_SIDE_STYLE('',(#12358));
#12358 = SURFACE_STYLE_FILL_AREA(#12359);
#12359 = FILL_AREA_STYLE('',(#12360));
#12360 = FILL_AREA_STYLE_COLOUR('',#11109);
#12361 = STYLED_ITEM('color',(#12362),#4025);
#12362 = PRESENTATION_STYLE_ASSIGNMENT((#12363));
#12363 = SURFACE_STYLE_USAGE(.BOTH.,#12364);
#12364 = SURFACE_SIDE_STYLE('',(#12365));
#12365 = SURFACE_STYLE_FILL_AREA(#12366);
#12366 = FILL_AREA_STYLE('',(#12367));
#12367 = FILL_AREA_STYLE_COLOUR('',#11109);
#12368 = STYLED_ITEM('color',(#12369),#4098);
#12369 = PRESENTATION_STYLE_ASSIGNMENT((#12370));
#12370 = SURFACE_STYLE_USAGE(.BOTH.,#12371);
#12371 = SURFACE_SIDE_STYLE('',(#12372));
#12372 = SURFACE_STYLE_FILL_AREA(#12373);
#12373 = FILL_AREA_STYLE('',(#12374));
#12374 = FILL_AREA_STYLE_COLOUR('',#12375);
#12375 = COLOUR_RGB('',0.147999998088,0.144999993226,0.144999993226);
#12376 = STYLED_ITEM('color',(#12377),#4177);
#12377 = PRESENTATION_STYLE_ASSIGNMENT((#12378));
#12378 = SURFACE_STYLE_USAGE(.BOTH.,#12379);
#12379 = SURFACE_SIDE_STYLE('',(#12380));
#12380 = SURFACE_STYLE_FILL_AREA(#12381);
#12381 = FILL_AREA_STYLE('',(#12382));
#12382 = FILL_AREA_STYLE_COLOUR('',#11109);
#12383 = STYLED_ITEM('color',(#12384),#4217);
#12384 = PRESENTATION_STYLE_ASSIGNMENT((#12385));
#12385 = SURFACE_STYLE_USAGE(.BOTH.,#12386);
#12386 = SURFACE_SIDE_STYLE('',(#12387));
#12387 = SURFACE_STYLE_FILL_AREA(#12388);
#12388 = FILL_AREA_STYLE('',(#12389));
#12389 = FILL_AREA_STYLE_COLOUR('',#12375);
#12390 = STYLED_ITEM('color',(#12391),#4296);
#12391 = PRESENTATION_STYLE_ASSIGNMENT((#12392));
#12392 = SURFACE_STYLE_USAGE(.BOTH.,#12393);
#12393 = SURFACE_SIDE_STYLE('',(#12394));
#12394 = SURFACE_STYLE_FILL_AREA(#12395);
#12395 = FILL_AREA_STYLE('',(#12396));
#12396 = FILL_AREA_STYLE_COLOUR('',#12375);
#12397 = STYLED_ITEM('color',(#12398),#4321);
#12398 = PRESENTATION_STYLE_ASSIGNMENT((#12399));
#12399 = SURFACE_STYLE_USAGE(.BOTH.,#12400);
#12400 = SURFACE_SIDE_STYLE('',(#12401));
#12401 = SURFACE_STYLE_FILL_AREA(#12402);
#12402 = FILL_AREA_STYLE('',(#12403));
#12403 = FILL_AREA_STYLE_COLOUR('',#12375);
#12404 = STYLED_ITEM('color',(#12405),#4346);
#12405 = PRESENTATION_STYLE_ASSIGNMENT((#12406));
#12406 = SURFACE_STYLE_USAGE(.BOTH.,#12407);
#12407 = SURFACE_SIDE_STYLE('',(#12408));
#12408 = SURFACE_STYLE_FILL_AREA(#12409);
#12409 = FILL_AREA_STYLE('',(#12410));
#12410 = FILL_AREA_STYLE_COLOUR('',#12375);
#12411 = STYLED_ITEM('color',(#12412),#4402);
#12412 = PRESENTATION_STYLE_ASSIGNMENT((#12413));
#12413 = SURFACE_STYLE_USAGE(.BOTH.,#12414);
#12414 = SURFACE_SIDE_STYLE('',(#12415));
#12415 = SURFACE_STYLE_FILL_AREA(#12416);
#12416 = FILL_AREA_STYLE('',(#12417));
#12417 = FILL_AREA_STYLE_COLOUR('',#12375);
#12418 = STYLED_ITEM('color',(#12419),#4458);
#12419 = PRESENTATION_STYLE_ASSIGNMENT((#12420));
#12420 = SURFACE_STYLE_USAGE(.BOTH.,#12421);
#12421 = SURFACE_SIDE_STYLE('',(#12422));
#12422 = SURFACE_STYLE_FILL_AREA(#12423);
#12423 = FILL_AREA_STYLE('',(#12424));
#12424 = FILL_AREA_STYLE_COLOUR('',#12375);
#12425 = STYLED_ITEM('color',(#12426),#4483);
#12426 = PRESENTATION_STYLE_ASSIGNMENT((#12427));
#12427 = SURFACE_STYLE_USAGE(.BOTH.,#12428);
#12428 = SURFACE_SIDE_STYLE('',(#12429));
#12429 = SURFACE_STYLE_FILL_AREA(#12430);
#12430 = FILL_AREA_STYLE('',(#12431));
#12431 = FILL_AREA_STYLE_COLOUR('',#12375);
#12432 = STYLED_ITEM('color',(#12433),#4508);
#12433 = PRESENTATION_STYLE_ASSIGNMENT((#12434));
#12434 = SURFACE_STYLE_USAGE(.BOTH.,#12435);
#12435 = SURFACE_SIDE_STYLE('',(#12436));
#12436 = SURFACE_STYLE_FILL_AREA(#12437);
#12437 = FILL_AREA_STYLE('',(#12438));
#12438 = FILL_AREA_STYLE_COLOUR('',#12375);
#12439 = STYLED_ITEM('color',(#12440),#4573);
#12440 = PRESENTATION_STYLE_ASSIGNMENT((#12441));
#12441 = SURFACE_STYLE_USAGE(.BOTH.,#12442);
#12442 = SURFACE_SIDE_STYLE('',(#12443));
#12443 = SURFACE_STYLE_FILL_AREA(#12444);
#12444 = FILL_AREA_STYLE('',(#12445));
#12445 = FILL_AREA_STYLE_COLOUR('',#11109);
#12446 = STYLED_ITEM('color',(#12447),#4646);
#12447 = PRESENTATION_STYLE_ASSIGNMENT((#12448));
#12448 = SURFACE_STYLE_USAGE(.BOTH.,#12449);
#12449 = SURFACE_SIDE_STYLE('',(#12450));
#12450 = SURFACE_STYLE_FILL_AREA(#12451);
#12451 = FILL_AREA_STYLE('',(#12452));
#12452 = FILL_AREA_STYLE_COLOUR('',#12375);
#12453 = STYLED_ITEM('color',(#12454),#4732);
#12454 = PRESENTATION_STYLE_ASSIGNMENT((#12455));
#12455 = SURFACE_STYLE_USAGE(.BOTH.,#12456);
#12456 = SURFACE_SIDE_STYLE('',(#12457));
#12457 = SURFACE_STYLE_FILL_AREA(#12458);
#12458 = FILL_AREA_STYLE('',(#12459));
#12459 = FILL_AREA_STYLE_COLOUR('',#12375);
#12460 = STYLED_ITEM('color',(#12461),#4749);
#12461 = PRESENTATION_STYLE_ASSIGNMENT((#12462));
#12462 = SURFACE_STYLE_USAGE(.BOTH.,#12463);
#12463 = SURFACE_SIDE_STYLE('',(#12464));
#12464 = SURFACE_STYLE_FILL_AREA(#12465);
#12465 = FILL_AREA_STYLE('',(#12466));
#12466 = FILL_AREA_STYLE_COLOUR('',#11109);
#12467 = STYLED_ITEM('color',(#12468),#4780);
#12468 = PRESENTATION_STYLE_ASSIGNMENT((#12469));
#12469 = SURFACE_STYLE_USAGE(.BOTH.,#12470);
#12470 = SURFACE_SIDE_STYLE('',(#12471));
#12471 = SURFACE_STYLE_FILL_AREA(#12472);
#12472 = FILL_AREA_STYLE('',(#12473));
#12473 = FILL_AREA_STYLE_COLOUR('',#12375);
#12474 = STYLED_ITEM('color',(#12475),#4792);
#12475 = PRESENTATION_STYLE_ASSIGNMENT((#12476));
#12476 = SURFACE_STYLE_USAGE(.BOTH.,#12477);
#12477 = SURFACE_SIDE_STYLE('',(#12478));
#12478 = SURFACE_STYLE_FILL_AREA(#12479);
#12479 = FILL_AREA_STYLE('',(#12480));
#12480 = FILL_AREA_STYLE_COLOUR('',#12375);
#12481 = STYLED_ITEM('color',(#12482),#4809);
#12482 = PRESENTATION_STYLE_ASSIGNMENT((#12483));
#12483 = SURFACE_STYLE_USAGE(.BOTH.,#12484);
#12484 = SURFACE_SIDE_STYLE('',(#12485));
#12485 = SURFACE_STYLE_FILL_AREA(#12486);
#12486 = FILL_AREA_STYLE('',(#12487));
#12487 = FILL_AREA_STYLE_COLOUR('',#12375);
#12488 = STYLED_ITEM('color',(#12489),#4821);
#12489 = PRESENTATION_STYLE_ASSIGNMENT((#12490));
#12490 = SURFACE_STYLE_USAGE(.BOTH.,#12491);
#12491 = SURFACE_SIDE_STYLE('',(#12492));
#12492 = SURFACE_STYLE_FILL_AREA(#12493);
#12493 = FILL_AREA_STYLE('',(#12494));
#12494 = FILL_AREA_STYLE_COLOUR('',#12375);
#12495 = STYLED_ITEM('color',(#12496),#4839);
#12496 = PRESENTATION_STYLE_ASSIGNMENT((#12497));
#12497 = SURFACE_STYLE_USAGE(.BOTH.,#12498);
#12498 = SURFACE_SIDE_STYLE('',(#12499));
#12499 = SURFACE_STYLE_FILL_AREA(#12500);
#12500 = FILL_AREA_STYLE('',(#12501));
#12501 = FILL_AREA_STYLE_COLOUR('',#12375);
#12502 = STYLED_ITEM('color',(#12503),#4851);
#12503 = PRESENTATION_STYLE_ASSIGNMENT((#12504));
#12504 = SURFACE_STYLE_USAGE(.BOTH.,#12505);
#12505 = SURFACE_SIDE_STYLE('',(#12506));
#12506 = SURFACE_STYLE_FILL_AREA(#12507);
#12507 = FILL_AREA_STYLE('',(#12508));
#12508 = FILL_AREA_STYLE_COLOUR('',#12375);
#12509 = STYLED_ITEM('color',(#12510),#4869);
#12510 = PRESENTATION_STYLE_ASSIGNMENT((#12511));
#12511 = SURFACE_STYLE_USAGE(.BOTH.,#12512);
#12512 = SURFACE_SIDE_STYLE('',(#12513));
#12513 = SURFACE_STYLE_FILL_AREA(#12514);
#12514 = FILL_AREA_STYLE('',(#12515));
#12515 = FILL_AREA_STYLE_COLOUR('',#12375);
#12516 = STYLED_ITEM('color',(#12517),#4881);
#12517 = PRESENTATION_STYLE_ASSIGNMENT((#12518));
#12518 = SURFACE_STYLE_USAGE(.BOTH.,#12519);
#12519 = SURFACE_SIDE_STYLE('',(#12520));
#12520 = SURFACE_STYLE_FILL_AREA(#12521);
#12521 = FILL_AREA_STYLE('',(#12522));
#12522 = FILL_AREA_STYLE_COLOUR('',#11109);
#12523 = STYLED_ITEM('color',(#12524),#4912);
#12524 = PRESENTATION_STYLE_ASSIGNMENT((#12525));
#12525 = SURFACE_STYLE_USAGE(.BOTH.,#12526);
#12526 = SURFACE_SIDE_STYLE('',(#12527));
#12527 = SURFACE_STYLE_FILL_AREA(#12528);
#12528 = FILL_AREA_STYLE('',(#12529));
#12529 = FILL_AREA_STYLE_COLOUR('',#11109);
#12530 = STYLED_ITEM('color',(#12531),#4964);
#12531 = PRESENTATION_STYLE_ASSIGNMENT((#12532));
#12532 = SURFACE_STYLE_USAGE(.BOTH.,#12533);
#12533 = SURFACE_SIDE_STYLE('',(#12534));
#12534 = SURFACE_STYLE_FILL_AREA(#12535);
#12535 = FILL_AREA_STYLE('',(#12536));
#12536 = FILL_AREA_STYLE_COLOUR('',#11109);
#12537 = STYLED_ITEM('color',(#12538),#4996);
#12538 = PRESENTATION_STYLE_ASSIGNMENT((#12539));
#12539 = SURFACE_STYLE_USAGE(.BOTH.,#12540);
#12540 = SURFACE_SIDE_STYLE('',(#12541));
#12541 = SURFACE_STYLE_FILL_AREA(#12542);
#12542 = FILL_AREA_STYLE('',(#12543));
#12543 = FILL_AREA_STYLE_COLOUR('',#11109);
#12544 = STYLED_ITEM('color',(#12545),#5021);
#12545 = PRESENTATION_STYLE_ASSIGNMENT((#12546));
#12546 = SURFACE_STYLE_USAGE(.BOTH.,#12547);
#12547 = SURFACE_SIDE_STYLE('',(#12548));
#12548 = SURFACE_STYLE_FILL_AREA(#12549);
#12549 = FILL_AREA_STYLE('',(#12550));
#12550 = FILL_AREA_STYLE_COLOUR('',#11109);
#12551 = STYLED_ITEM('color',(#12552),#5046);
#12552 = PRESENTATION_STYLE_ASSIGNMENT((#12553));
#12553 = SURFACE_STYLE_USAGE(.BOTH.,#12554);
#12554 = SURFACE_SIDE_STYLE('',(#12555));
#12555 = SURFACE_STYLE_FILL_AREA(#12556);
#12556 = FILL_AREA_STYLE('',(#12557));
#12557 = FILL_AREA_STYLE_COLOUR('',#11109);
#12558 = STYLED_ITEM('color',(#12559),#5078);
#12559 = PRESENTATION_STYLE_ASSIGNMENT((#12560));
#12560 = SURFACE_STYLE_USAGE(.BOTH.,#12561);
#12561 = SURFACE_SIDE_STYLE('',(#12562));
#12562 = SURFACE_STYLE_FILL_AREA(#12563);
#12563 = FILL_AREA_STYLE('',(#12564));
#12564 = FILL_AREA_STYLE_COLOUR('',#11109);
#12565 = STYLED_ITEM('color',(#12566),#5103);
#12566 = PRESENTATION_STYLE_ASSIGNMENT((#12567));
#12567 = SURFACE_STYLE_USAGE(.BOTH.,#12568);
#12568 = SURFACE_SIDE_STYLE('',(#12569));
#12569 = SURFACE_STYLE_FILL_AREA(#12570);
#12570 = FILL_AREA_STYLE('',(#12571));
#12571 = FILL_AREA_STYLE_COLOUR('',#11109);
#12572 = STYLED_ITEM('color',(#12573),#5128);
#12573 = PRESENTATION_STYLE_ASSIGNMENT((#12574));
#12574 = SURFACE_STYLE_USAGE(.BOTH.,#12575);
#12575 = SURFACE_SIDE_STYLE('',(#12576));
#12576 = SURFACE_STYLE_FILL_AREA(#12577);
#12577 = FILL_AREA_STYLE('',(#12578));
#12578 = FILL_AREA_STYLE_COLOUR('',#11109);
#12579 = STYLED_ITEM('color',(#12580),#5145);
#12580 = PRESENTATION_STYLE_ASSIGNMENT((#12581));
#12581 = SURFACE_STYLE_USAGE(.BOTH.,#12582);
#12582 = SURFACE_SIDE_STYLE('',(#12583));
#12583 = SURFACE_STYLE_FILL_AREA(#12584);
#12584 = FILL_AREA_STYLE('',(#12585));
#12585 = FILL_AREA_STYLE_COLOUR('',#11109);
#12586 = STYLED_ITEM('color',(#12587),#5162);
#12587 = PRESENTATION_STYLE_ASSIGNMENT((#12588));
#12588 = SURFACE_STYLE_USAGE(.BOTH.,#12589);
#12589 = SURFACE_SIDE_STYLE('',(#12590));
#12590 = SURFACE_STYLE_FILL_AREA(#12591);
#12591 = FILL_AREA_STYLE('',(#12592));
#12592 = FILL_AREA_STYLE_COLOUR('',#11109);
#12593 = STYLED_ITEM('color',(#12594),#5210);
#12594 = PRESENTATION_STYLE_ASSIGNMENT((#12595));
#12595 = SURFACE_STYLE_USAGE(.BOTH.,#12596);
#12596 = SURFACE_SIDE_STYLE('',(#12597));
#12597 = SURFACE_STYLE_FILL_AREA(#12598);
#12598 = FILL_AREA_STYLE('',(#12599));
#12599 = FILL_AREA_STYLE_COLOUR('',#12375);
#12600 = STYLED_ITEM('color',(#12601),#5251);
#12601 = PRESENTATION_STYLE_ASSIGNMENT((#12602));
#12602 = SURFACE_STYLE_USAGE(.BOTH.,#12603);
#12603 = SURFACE_SIDE_STYLE('',(#12604));
#12604 = SURFACE_STYLE_FILL_AREA(#12605);
#12605 = FILL_AREA_STYLE('',(#12606));
#12606 = FILL_AREA_STYLE_COLOUR('',#11109);
#12607 = STYLED_ITEM('color',(#12608),#5269);
#12608 = PRESENTATION_STYLE_ASSIGNMENT((#12609));
#12609 = SURFACE_STYLE_USAGE(.BOTH.,#12610);
#12610 = SURFACE_SIDE_STYLE('',(#12611));
#12611 = SURFACE_STYLE_FILL_AREA(#12612);
#12612 = FILL_AREA_STYLE('',(#12613));
#12613 = FILL_AREA_STYLE_COLOUR('',#11109);
#12614 = STYLED_ITEM('color',(#12615),#5281);
#12615 = PRESENTATION_STYLE_ASSIGNMENT((#12616));
#12616 = SURFACE_STYLE_USAGE(.BOTH.,#12617);
#12617 = SURFACE_SIDE_STYLE('',(#12618));
#12618 = SURFACE_STYLE_FILL_AREA(#12619);
#12619 = FILL_AREA_STYLE('',(#12620));
#12620 = FILL_AREA_STYLE_COLOUR('',#11109);
#12621 = STYLED_ITEM('color',(#12622),#5293);
#12622 = PRESENTATION_STYLE_ASSIGNMENT((#12623));
#12623 = SURFACE_STYLE_USAGE(.BOTH.,#12624);
#12624 = SURFACE_SIDE_STYLE('',(#12625));
#12625 = SURFACE_STYLE_FILL_AREA(#12626);
#12626 = FILL_AREA_STYLE('',(#12627));
#12627 = FILL_AREA_STYLE_COLOUR('',#11109);
#12628 = STYLED_ITEM('color',(#12629),#5309);
#12629 = PRESENTATION_STYLE_ASSIGNMENT((#12630));
#12630 = SURFACE_STYLE_USAGE(.BOTH.,#12631);
#12631 = SURFACE_SIDE_STYLE('',(#12632));
#12632 = SURFACE_STYLE_FILL_AREA(#12633);
#12633 = FILL_AREA_STYLE('',(#12634));
#12634 = FILL_AREA_STYLE_COLOUR('',#12375);
#12635 = MECHANICAL_DESIGN_GEOMETRIC_PRESENTATION_REPRESENTATION('',(
    #12636,#12643,#12650,#12657,#12664,#12671,#12678,#12685,#12692,
    #12699,#12706,#12713,#12720,#12727,#12734,#12741,#12748,#12755,
    #12762,#12769,#12776,#12783,#12790,#12797,#12804,#12811,#12818,
    #12825,#12832,#12839,#12846,#12854,#12861,#12868,#12875,#12882,
    #12889,#12896,#12903,#12910,#12917),#1285);
#12636 = STYLED_ITEM('color',(#12637),#79);
#12637 = PRESENTATION_STYLE_ASSIGNMENT((#12638));
#12638 = SURFACE_STYLE_USAGE(.BOTH.,#12639);
#12639 = SURFACE_SIDE_STYLE('',(#12640));
#12640 = SURFACE_STYLE_FILL_AREA(#12641);
#12641 = FILL_AREA_STYLE('',(#12642));
#12642 = FILL_AREA_STYLE_COLOUR('',#11109);
#12643 = STYLED_ITEM('color',(#12644),#119);
#12644 = PRESENTATION_STYLE_ASSIGNMENT((#12645));
#12645 = SURFACE_STYLE_USAGE(.BOTH.,#12646);
#12646 = SURFACE_SIDE_STYLE('',(#12647));
#12647 = SURFACE_STYLE_FILL_AREA(#12648);
#12648 = FILL_AREA_STYLE('',(#12649));
#12649 = FILL_AREA_STYLE_COLOUR('',#11109);
#12650 = STYLED_ITEM('color',(#12651),#202);
#12651 = PRESENTATION_STYLE_ASSIGNMENT((#12652));
#12652 = SURFACE_STYLE_USAGE(.BOTH.,#12653);
#12653 = SURFACE_SIDE_STYLE('',(#12654));
#12654 = SURFACE_STYLE_FILL_AREA(#12655);
#12655 = FILL_AREA_STYLE('',(#12656));
#12656 = FILL_AREA_STYLE_COLOUR('',#11109);
#12657 = STYLED_ITEM('color',(#12658),#227);
#12658 = PRESENTATION_STYLE_ASSIGNMENT((#12659));
#12659 = SURFACE_STYLE_USAGE(.BOTH.,#12660);
#12660 = SURFACE_SIDE_STYLE('',(#12661));
#12661 = SURFACE_STYLE_FILL_AREA(#12662);
#12662 = FILL_AREA_STYLE('',(#12663));
#12663 = FILL_AREA_STYLE_COLOUR('',#11109);
#12664 = STYLED_ITEM('color',(#12665),#302);
#12665 = PRESENTATION_STYLE_ASSIGNMENT((#12666));
#12666 = SURFACE_STYLE_USAGE(.BOTH.,#12667);
#12667 = SURFACE_SIDE_STYLE('',(#12668));
#12668 = SURFACE_STYLE_FILL_AREA(#12669);
#12669 = FILL_AREA_STYLE('',(#12670));
#12670 = FILL_AREA_STYLE_COLOUR('',#11109);
#12671 = STYLED_ITEM('color',(#12672),#319);
#12672 = PRESENTATION_STYLE_ASSIGNMENT((#12673));
#12673 = SURFACE_STYLE_USAGE(.BOTH.,#12674);
#12674 = SURFACE_SIDE_STYLE('',(#12675));
#12675 = SURFACE_STYLE_FILL_AREA(#12676);
#12676 = FILL_AREA_STYLE('',(#12677));
#12677 = FILL_AREA_STYLE_COLOUR('',#11109);
#12678 = STYLED_ITEM('color',(#12679),#336);
#12679 = PRESENTATION_STYLE_ASSIGNMENT((#12680));
#12680 = SURFACE_STYLE_USAGE(.BOTH.,#12681);
#12681 = SURFACE_SIDE_STYLE('',(#12682));
#12682 = SURFACE_STYLE_FILL_AREA(#12683);
#12683 = FILL_AREA_STYLE('',(#12684));
#12684 = FILL_AREA_STYLE_COLOUR('',#11109);
#12685 = STYLED_ITEM('color',(#12686),#353);
#12686 = PRESENTATION_STYLE_ASSIGNMENT((#12687));
#12687 = SURFACE_STYLE_USAGE(.BOTH.,#12688);
#12688 = SURFACE_SIDE_STYLE('',(#12689));
#12689 = SURFACE_STYLE_FILL_AREA(#12690);
#12690 = FILL_AREA_STYLE('',(#12691));
#12691 = FILL_AREA_STYLE_COLOUR('',#11109);
#12692 = STYLED_ITEM('color',(#12693),#370);
#12693 = PRESENTATION_STYLE_ASSIGNMENT((#12694));
#12694 = SURFACE_STYLE_USAGE(.BOTH.,#12695);
#12695 = SURFACE_SIDE_STYLE('',(#12696));
#12696 = SURFACE_STYLE_FILL_AREA(#12697);
#12697 = FILL_AREA_STYLE('',(#12698));
#12698 = FILL_AREA_STYLE_COLOUR('',#11109);
#12699 = STYLED_ITEM('color',(#12700),#387);
#12700 = PRESENTATION_STYLE_ASSIGNMENT((#12701));
#12701 = SURFACE_STYLE_USAGE(.BOTH.,#12702);
#12702 = SURFACE_SIDE_STYLE('',(#12703));
#12703 = SURFACE_STYLE_FILL_AREA(#12704);
#12704 = FILL_AREA_STYLE('',(#12705));
#12705 = FILL_AREA_STYLE_COLOUR('',#11109);
#12706 = STYLED_ITEM('color',(#12707),#403);
#12707 = PRESENTATION_STYLE_ASSIGNMENT((#12708));
#12708 = SURFACE_STYLE_USAGE(.BOTH.,#12709);
#12709 = SURFACE_SIDE_STYLE('',(#12710));
#12710 = SURFACE_STYLE_FILL_AREA(#12711);
#12711 = FILL_AREA_STYLE('',(#12712));
#12712 = FILL_AREA_STYLE_COLOUR('',#12375);
#12713 = STYLED_ITEM('color',(#12714),#450);
#12714 = PRESENTATION_STYLE_ASSIGNMENT((#12715));
#12715 = SURFACE_STYLE_USAGE(.BOTH.,#12716);
#12716 = SURFACE_SIDE_STYLE('',(#12717));
#12717 = SURFACE_STYLE_FILL_AREA(#12718);
#12718 = FILL_AREA_STYLE('',(#12719));
#12719 = FILL_AREA_STYLE_COLOUR('',#12375);
#12720 = STYLED_ITEM('color',(#12721),#485);
#12721 = PRESENTATION_STYLE_ASSIGNMENT((#12722));
#12722 = SURFACE_STYLE_USAGE(.BOTH.,#12723);
#12723 = SURFACE_SIDE_STYLE('',(#12724));
#12724 = SURFACE_STYLE_FILL_AREA(#12725);
#12725 = FILL_AREA_STYLE('',(#12726));
#12726 = FILL_AREA_STYLE_COLOUR('',#12375);
#12727 = STYLED_ITEM('color',(#12728),#524);
#12728 = PRESENTATION_STYLE_ASSIGNMENT((#12729));
#12729 = SURFACE_STYLE_USAGE(.BOTH.,#12730);
#12730 = SURFACE_SIDE_STYLE('',(#12731));
#12731 = SURFACE_STYLE_FILL_AREA(#12732);
#12732 = FILL_AREA_STYLE('',(#12733));
#12733 = FILL_AREA_STYLE_COLOUR('',#12375);
#12734 = STYLED_ITEM('color',(#12735),#553);
#12735 = PRESENTATION_STYLE_ASSIGNMENT((#12736));
#12736 = SURFACE_STYLE_USAGE(.BOTH.,#12737);
#12737 = SURFACE_SIDE_STYLE('',(#12738));
#12738 = SURFACE_STYLE_FILL_AREA(#12739);
#12739 = FILL_AREA_STYLE('',(#12740));
#12740 = FILL_AREA_STYLE_COLOUR('',#12375);
#12741 = STYLED_ITEM('color',(#12742),#592);
#12742 = PRESENTATION_STYLE_ASSIGNMENT((#12743));
#12743 = SURFACE_STYLE_USAGE(.BOTH.,#12744);
#12744 = SURFACE_SIDE_STYLE('',(#12745));
#12745 = SURFACE_STYLE_FILL_AREA(#12746);
#12746 = FILL_AREA_STYLE('',(#12747));
#12747 = FILL_AREA_STYLE_COLOUR('',#12375);
#12748 = STYLED_ITEM('color',(#12749),#621);
#12749 = PRESENTATION_STYLE_ASSIGNMENT((#12750));
#12750 = SURFACE_STYLE_USAGE(.BOTH.,#12751);
#12751 = SURFACE_SIDE_STYLE('',(#12752));
#12752 = SURFACE_STYLE_FILL_AREA(#12753);
#12753 = FILL_AREA_STYLE('',(#12754));
#12754 = FILL_AREA_STYLE_COLOUR('',#12375);
#12755 = STYLED_ITEM('color',(#12756),#675);
#12756 = PRESENTATION_STYLE_ASSIGNMENT((#12757));
#12757 = SURFACE_STYLE_USAGE(.BOTH.,#12758);
#12758 = SURFACE_SIDE_STYLE('',(#12759));
#12759 = SURFACE_STYLE_FILL_AREA(#12760);
#12760 = FILL_AREA_STYLE('',(#12761));
#12761 = FILL_AREA_STYLE_COLOUR('',#12375);
#12762 = STYLED_ITEM('color',(#12763),#718);
#12763 = PRESENTATION_STYLE_ASSIGNMENT((#12764));
#12764 = SURFACE_STYLE_USAGE(.BOTH.,#12765);
#12765 = SURFACE_SIDE_STYLE('',(#12766));
#12766 = SURFACE_STYLE_FILL_AREA(#12767);
#12767 = FILL_AREA_STYLE('',(#12768));
#12768 = FILL_AREA_STYLE_COLOUR('',#12375);
#12769 = STYLED_ITEM('color',(#12770),#741);
#12770 = PRESENTATION_STYLE_ASSIGNMENT((#12771));
#12771 = SURFACE_STYLE_USAGE(.BOTH.,#12772);
#12772 = SURFACE_SIDE_STYLE('',(#12773));
#12773 = SURFACE_STYLE_FILL_AREA(#12774);
#12774 = FILL_AREA_STYLE('',(#12775));
#12775 = FILL_AREA_STYLE_COLOUR('',#12375);
#12776 = STYLED_ITEM('color',(#12777),#764);
#12777 = PRESENTATION_STYLE_ASSIGNMENT((#12778));
#12778 = SURFACE_STYLE_USAGE(.BOTH.,#12779);
#12779 = SURFACE_SIDE_STYLE('',(#12780));
#12780 = SURFACE_STYLE_FILL_AREA(#12781);
#12781 = FILL_AREA_STYLE('',(#12782));
#12782 = FILL_AREA_STYLE_COLOUR('',#12375);
#12783 = STYLED_ITEM('color',(#12784),#787);
#12784 = PRESENTATION_STYLE_ASSIGNMENT((#12785));
#12785 = SURFACE_STYLE_USAGE(.BOTH.,#12786);
#12786 = SURFACE_SIDE_STYLE('',(#12787));
#12787 = SURFACE_STYLE_FILL_AREA(#12788);
#12788 = FILL_AREA_STYLE('',(#12789));
#12789 = FILL_AREA_STYLE_COLOUR('',#12375);
#12790 = STYLED_ITEM('color',(#12791),#838);
#12791 = PRESENTATION_STYLE_ASSIGNMENT((#12792));
#12792 = SURFACE_STYLE_USAGE(.BOTH.,#12793);
#12793 = SURFACE_SIDE_STYLE('',(#12794));
#12794 = SURFACE_STYLE_FILL_AREA(#12795);
#12795 = FILL_AREA_STYLE('',(#12796));
#12796 = FILL_AREA_STYLE_COLOUR('',#12375);
#12797 = STYLED_ITEM('color',(#12798),#861);
#12798 = PRESENTATION_STYLE_ASSIGNMENT((#12799));
#12799 = SURFACE_STYLE_USAGE(.BOTH.,#12800);
#12800 = SURFACE_SIDE_STYLE('',(#12801));
#12801 = SURFACE_STYLE_FILL_AREA(#12802);
#12802 = FILL_AREA_STYLE('',(#12803));
#12803 = FILL_AREA_STYLE_COLOUR('',#12375);
#12804 = STYLED_ITEM('color',(#12805),#878);
#12805 = PRESENTATION_STYLE_ASSIGNMENT((#12806));
#12806 = SURFACE_STYLE_USAGE(.BOTH.,#12807);
#12807 = SURFACE_SIDE_STYLE('',(#12808));
#12808 = SURFACE_STYLE_FILL_AREA(#12809);
#12809 = FILL_AREA_STYLE('',(#12810));
#12810 = FILL_AREA_STYLE_COLOUR('',#11109);
#12811 = STYLED_ITEM('color',(#12812),#952);
#12812 = PRESENTATION_STYLE_ASSIGNMENT((#12813));
#12813 = SURFACE_STYLE_USAGE(.BOTH.,#12814);
#12814 = SURFACE_SIDE_STYLE('',(#12815));
#12815 = SURFACE_STYLE_FILL_AREA(#12816);
#12816 = FILL_AREA_STYLE('',(#12817));
#12817 = FILL_AREA_STYLE_COLOUR('',#11109);
#12818 = STYLED_ITEM('color',(#12819),#976);
#12819 = PRESENTATION_STYLE_ASSIGNMENT((#12820));
#12820 = SURFACE_STYLE_USAGE(.BOTH.,#12821);
#12821 = SURFACE_SIDE_STYLE('',(#12822));
#12822 = SURFACE_STYLE_FILL_AREA(#12823);
#12823 = FILL_AREA_STYLE('',(#12824));
#12824 = FILL_AREA_STYLE_COLOUR('',#11109);
#12825 = STYLED_ITEM('color',(#12826),#1043);
#12826 = PRESENTATION_STYLE_ASSIGNMENT((#12827));
#12827 = SURFACE_STYLE_USAGE(.BOTH.,#12828);
#12828 = SURFACE_SIDE_STYLE('',(#12829));
#12829 = SURFACE_STYLE_FILL_AREA(#12830);
#12830 = FILL_AREA_STYLE('',(#12831));
#12831 = FILL_AREA_STYLE_COLOUR('',#12375);
#12832 = STYLED_ITEM('color',(#12833),#1055);
#12833 = PRESENTATION_STYLE_ASSIGNMENT((#12834));
#12834 = SURFACE_STYLE_USAGE(.BOTH.,#12835);
#12835 = SURFACE_SIDE_STYLE('',(#12836));
#12836 = SURFACE_STYLE_FILL_AREA(#12837);
#12837 = FILL_AREA_STYLE('',(#12838));
#12838 = FILL_AREA_STYLE_COLOUR('',#12375);
#12839 = STYLED_ITEM('color',(#12840),#1067);
#12840 = PRESENTATION_STYLE_ASSIGNMENT((#12841));
#12841 = SURFACE_STYLE_USAGE(.BOTH.,#12842);
#12842 = SURFACE_SIDE_STYLE('',(#12843));
#12843 = SURFACE_STYLE_FILL_AREA(#12844);
#12844 = FILL_AREA_STYLE('',(#12845));
#12845 = FILL_AREA_STYLE_COLOUR('',#11109);
#12846 = STYLED_ITEM('color',(#12847),#1084);
#12847 = PRESENTATION_STYLE_ASSIGNMENT((#12848));
#12848 = SURFACE_STYLE_USAGE(.BOTH.,#12849);
#12849 = SURFACE_SIDE_STYLE('',(#12850));
#12850 = SURFACE_STYLE_FILL_AREA(#12851);
#12851 = FILL_AREA_STYLE('',(#12852));
#12852 = FILL_AREA_STYLE_COLOUR('',#12853);
#12853 = COLOUR_RGB('',0.690999977303,0.663999984767,0.597999987832);
#12854 = STYLED_ITEM('color',(#12855),#1113);
#12855 = PRESENTATION_STYLE_ASSIGNMENT((#12856));
#12856 = SURFACE_STYLE_USAGE(.BOTH.,#12857);
#12857 = SURFACE_SIDE_STYLE('',(#12858));
#12858 = SURFACE_STYLE_FILL_AREA(#12859);
#12859 = FILL_AREA_STYLE('',(#12860));
#12860 = FILL_AREA_STYLE_COLOUR('',#12853);
#12861 = STYLED_ITEM('color',(#12862),#1136);
#12862 = PRESENTATION_STYLE_ASSIGNMENT((#12863));
#12863 = SURFACE_STYLE_USAGE(.BOTH.,#12864);
#12864 = SURFACE_SIDE_STYLE('',(#12865));
#12865 = SURFACE_STYLE_FILL_AREA(#12866);
#12866 = FILL_AREA_STYLE('',(#12867));
#12867 = FILL_AREA_STYLE_COLOUR('',#12853);
#12868 = STYLED_ITEM('color',(#12869),#1159);
#12869 = PRESENTATION_STYLE_ASSIGNMENT((#12870));
#12870 = SURFACE_STYLE_USAGE(.BOTH.,#12871);
#12871 = SURFACE_SIDE_STYLE('',(#12872));
#12872 = SURFACE_STYLE_FILL_AREA(#12873);
#12873 = FILL_AREA_STYLE('',(#12874));
#12874 = FILL_AREA_STYLE_COLOUR('',#12853);
#12875 = STYLED_ITEM('color',(#12876),#1176);
#12876 = PRESENTATION_STYLE_ASSIGNMENT((#12877));
#12877 = SURFACE_STYLE_USAGE(.BOTH.,#12878);
#12878 = SURFACE_SIDE_STYLE('',(#12879));
#12879 = SURFACE_STYLE_FILL_AREA(#12880);
#12880 = FILL_AREA_STYLE('',(#12881));
#12881 = FILL_AREA_STYLE_COLOUR('',#11109);
#12882 = STYLED_ITEM('color',(#12883),#1198);
#12883 = PRESENTATION_STYLE_ASSIGNMENT((#12884));
#12884 = SURFACE_STYLE_USAGE(.BOTH.,#12885);
#12885 = SURFACE_SIDE_STYLE('',(#12886));
#12886 = SURFACE_STYLE_FILL_AREA(#12887);
#12887 = FILL_AREA_STYLE('',(#12888));
#12888 = FILL_AREA_STYLE_COLOUR('',#11109);
#12889 = STYLED_ITEM('color',(#12890),#1210);
#12890 = PRESENTATION_STYLE_ASSIGNMENT((#12891));
#12891 = SURFACE_STYLE_USAGE(.BOTH.,#12892);
#12892 = SURFACE_SIDE_STYLE('',(#12893));
#12893 = SURFACE_STYLE_FILL_AREA(#12894);
#12894 = FILL_AREA_STYLE('',(#12895));
#12895 = FILL_AREA_STYLE_COLOUR('',#11109);
#12896 = STYLED_ITEM('color',(#12897),#1227);
#12897 = PRESENTATION_STYLE_ASSIGNMENT((#12898));
#12898 = SURFACE_STYLE_USAGE(.BOTH.,#12899);
#12899 = SURFACE_SIDE_STYLE('',(#12900));
#12900 = SURFACE_STYLE_FILL_AREA(#12901);
#12901 = FILL_AREA_STYLE('',(#12902));
#12902 = FILL_AREA_STYLE_COLOUR('',#11109);
#12903 = STYLED_ITEM('color',(#12904),#1244);
#12904 = PRESENTATION_STYLE_ASSIGNMENT((#12905));
#12905 = SURFACE_STYLE_USAGE(.BOTH.,#12906);
#12906 = SURFACE_SIDE_STYLE('',(#12907));
#12907 = SURFACE_STYLE_FILL_AREA(#12908);
#12908 = FILL_AREA_STYLE('',(#12909));
#12909 = FILL_AREA_STYLE_COLOUR('',#11109);
#12910 = STYLED_ITEM('color',(#12911),#1261);
#12911 = PRESENTATION_STYLE_ASSIGNMENT((#12912));
#12912 = SURFACE_STYLE_USAGE(.BOTH.,#12913);
#12913 = SURFACE_SIDE_STYLE('',(#12914));
#12914 = SURFACE_STYLE_FILL_AREA(#12915);
#12915 = FILL_AREA_STYLE('',(#12916));
#12916 = FILL_AREA_STYLE_COLOUR('',#11109);
#12917 = STYLED_ITEM('color',(#12918),#1273);
#12918 = PRESENTATION_STYLE_ASSIGNMENT((#12919));
#12919 = SURFACE_STYLE_USAGE(.BOTH.,#12920);
#12920 = SURFACE_SIDE_STYLE('',(#12921));
#12921 = SURFACE_STYLE_FILL_AREA(#12922);
#12922 = FILL_AREA_STYLE('',(#12923));
#12923 = FILL_AREA_STYLE_COLOUR('',#12853);
ENDSEC;
END-ISO-10303-21;
